customer_id,first_name,last_name,gender,past_3_years_bike_related_purchases,DOB,job_title,job_industry_category,wealth_segment,owns_car,tenure,Age,Age Group,address,postcode,state,country,property_valuation,recency,frequency,monetary,r_quartile,f_quartile,m_quartile,rfm_score,customer_segment,segment_rank,name,total_sales
1,Laraine,Medendorp,Female,93,1953-10-12,Executive Secretary,Health,Mass Customer,Yes,11.0,64.0,60-69,060 Morning Avenue,2016.0,NSW,Australia,10.0,7,11,3018.0899999999997,4,4,3,443,Very Loyal,2,Laraine Medendorp,9084.45
2,Eli,Bockman,Male,81,1980-12-16,Administrative Officer,Financial Services,Mass Customer,Yes,16.0,37.0,30-39,6 Meadow Vale Court,2153.0,NSW,Australia,10.0,128,3,2226.26,1,1,2,112,Evasive Customer,10,Eli Bockman,4149.07
3,Arlin,Dearle,Male,61,1954-01-20,Recruiting Manager,Property,Mass Customer,Yes,15.0,64.0,60-69,,,,,,102,8,3362.8100000000004,1,4,3,143,Almost Lost Customer,9,Arlin Dearle,9888.23
4,Talbot,,Male,33,1961-10-03,Unknown,IT,Mass Customer,No,7.0,56.0,50-59,0 Holy Cross Court,4211.0,QLD,Australia,9.0,195,2,220.57,1,1,1,111,Lost Customer,11,Talbot,1047.72
5,Sheila-kathryn,Calton,Female,56,1977-05-13,Senior Editor,Unknown,Affluent Customer,Yes,8.0,41.0,40-49,17979 Del Mar Point,2448.0,NSW,Australia,4.0,16,6,2394.94,4,2,2,422,Becoming Loyal,3,Sheila-kathryn Calton,5903.2
6,Curr,Duckhouse,Male,35,1966-09-16,Unknown,Retail,High Net Worth,Yes,13.0,51.0,50-59,9 Oakridge Court,3216.0,VIC,Australia,9.0,64,5,3946.55,2,2,3,223,High Risk Customer,8,Curr Duckhouse,5931.6900000000005
7,Fina,Merali,Female,6,1976-02-23,Unknown,Financial Services,Affluent Customer,Yes,11.0,42.0,40-49,4 Delaware Trail,2210.0,NSW,Australia,9.0,253,3,220.10999999999999,1,1,1,111,Lost Customer,11,Fina Merali,995.38
8,Rod,Inder,Male,31,1962-03-30,Media Manager I,Unknown,Mass Customer,No,7.0,56.0,50-59,49 Londonderry Lane,2650.0,NSW,Australia,4.0,22,10,7066.939999999999,3,4,4,344,Recent Customer,4,Rod Inder,12024.759999999998
9,Mala,Lind,Female,97,1973-03-10,Business Systems Development Analyst,Argiculture,Affluent Customer,Yes,8.0,45.0,40-49,97736 7th Trail,2023.0,NSW,Australia,12.0,78,6,2353.1099999999997,2,2,2,222,High Risk Customer,8,Mala Lind,5357.549999999999
10,Fiorenze,Birdall,Female,49,1988-10-11,Senior Quality Engineer,Financial Services,Mass Customer,Yes,20.0,29.0,20-29,,,,,,33,6,3358.28,3,2,3,323,Potential Customer,5,Fiorenze Birdall,7067.83
11,Uriah,Bisatt,Male,99,1954-04-30,Unknown,Property,Mass Customer,No,9.0,64.0,60-69,93405 Ludington Park,3044.0,VIC,Australia,8.0,46,6,3638.84,2,2,3,223,High Risk Customer,8,Uriah Bisatt,6779.4400000000005
12,Sawyere,Flattman,Male,58,1994-07-21,Nuclear Power Engineer,Manufacturing,Mass Customer,No,8.0,23.0,20-29,44339 Golden Leaf Alley,4557.0,QLD,Australia,4.0,67,7,3540.03,2,3,3,233,Losing Customer,7,Sawyere Flattman,6394.21
13,Gabriele,Norcross,Male,38,1955-02-15,Developer I,Financial Services,High Net Worth,Yes,8.0,63.0,60-69,2 Sutherland Street,3799.0,VIC,Australia,6.0,27,7,4337.38,3,3,4,334,Potential Customer,5,Gabriele Norcross,7734.74
14,Rayshell,Kitteman,Female,85,1983-03-25,Account Executive,Financial Services,Affluent Customer,No,6.0,35.0,30-39,9 Mcbride Trail,2760.0,NSW,Australia,8.0,47,4,1713.9,2,1,1,211,Almost Lost Customer,9,Rayshell Kitteman,3593.57
15,Erroll,Radage,Male,91,2000-07-13,Junior Executive,Manufacturing,Mass Customer,No,1.0,17.0,Under 20,9861 New Castle Avenue,2428.0,NSW,Australia,9.0,35,6,1728.3900000000003,3,2,1,321,Late Bloomer,6,Erroll Radage,4923.34
16,Harlin,Parr,Male,38,1977-02-27,Media Manager IV,Unknown,Mass Customer,Yes,18.0,41.0,40-49,52 Moland Street,3331.0,VIC,Australia,4.0,99,5,4521.839999999999,1,2,4,124,Almost Lost Customer,9,Harlin Parr,7763.79
17,Heath,Faraday,Male,57,1962-03-19,Sales Associate,Unknown,Affluent Customer,Yes,15.0,56.0,50-59,82391 Kensington Lane,3058.0,VIC,Australia,9.0,0,5,2015.61,4,2,2,422,Becoming Loyal,3,Heath Faraday,4676.1900000000005
18,Marjie,Neasham,Female,79,1967-07-06,Professor,Unknown,Affluent Customer,No,11.0,50.0,50-59,092 2nd Alley,2135.0,NSW,Australia,12.0,134,7,3543.38,1,3,3,133,Almost Lost Customer,9,Marjie Neasham,8878.62
19,Sorcha,Keyson,Female,76,2001-04-15,Geological Engineer,Manufacturing,High Net Worth,No,1.0,17.0,Under 20,59 Spaight Circle,2233.0,NSW,Australia,9.0,102,3,2951.79,1,1,3,113,Evasive Customer,10,Sorcha Keyson,4238.1900000000005
20,Basile,Firth,Male,72,1980-08-13,Project Manager,Manufacturing,Mass Customer,No,11.0,37.0,30-39,032 Bartelt Crossing,2444.0,NSW,Australia,8.0,31,4,3608.2799999999997,3,1,3,313,Late Bloomer,6,Basile Firth,6618.86
21,Mile,Cammocke,Male,74,1980-09-20,Safety Technician I,Manufacturing,Affluent Customer,Yes,16.0,37.0,30-39,18 Jenna Center,2650.0,NSW,Australia,7.0,6,5,4229.41,4,2,4,424,Becoming Loyal,3,Mile Cammocke,7446.21
22,Deeanne,Durtnell,Female,79,1962-12-10,Unknown,IT,Mass Customer,No,11.0,55.0,50-59,,,,,,97,7,4286.95,1,3,4,134,Almost Lost Customer,9,Deeanne Durtnell,8076.91
23,Olav,Polak,Male,43,1995-02-10,Unknown,Unknown,High Net Worth,Yes,1.0,23.0,20-29,,,,,,10,7,4376.15,4,3,4,434,Very Loyal,2,Olav Polak,8415.53
24,Kim,Skpsey,Female,55,1977-12-03,Research Assistant I,Argiculture,Mass Customer,Yes,15.0,40.0,40-49,3 Cordelia Plaza,2153.0,NSW,Australia,10.0,17,8,3689.35,4,4,3,443,Very Loyal,2,Kim Skpsey,8078.950000000001
25,Geoff,Assaf,Male,72,1976-12-02,Accounting Assistant III,Financial Services,Mass Customer,Yes,21.0,41.0,40-49,28 5th Center,4413.0,QLD,Australia,3.0,5,12,5333.66,4,4,4,444,Platinum Customer,1,Geoff Assaf,9996.33
26,Trixi,Ginnelly,Female,12,1978-06-10,Editor,Financial Services,Mass Customer,Yes,16.0,40.0,40-49,52 Carey Alley,4740.0,QLD,Australia,5.0,113,3,268.2399999999999,1,1,1,111,Lost Customer,11,Trixi Ginnelly,3943.12
27,Garvin,Klees,Male,37,1978-09-25,Research Nurse,Health,Mass Customer,Yes,12.0,39.0,30-39,96 Texas Plaza,3218.0,VIC,Australia,7.0,143,7,3274.25,1,3,3,133,Almost Lost Customer,9,Garvin Klees,7679.97
28,Fee,Zellmer,Male,5,1973-09-30,Senior Quality Engineer,Health,Affluent Customer,Yes,21.0,44.0,40-49,48 Eagan Avenue,4868.0,QLD,Australia,4.0,83,6,3366.5600000000004,2,2,3,223,High Risk Customer,8,Fee Zellmer,5492.900000000001
29,Mona,Sancraft,Female,62,1968-06-22,Safety Technician III,Manufacturing,Mass Customer,No,19.0,50.0,50-59,9 Buell Park,4116.0,QLD,Australia,7.0,22,9,6175.299999999999,3,4,4,344,Recent Customer,4,Mona Sancraft,10855.57
30,Darrick,Helleckas,Male,18,1961-10-18,Unknown,IT,Affluent Customer,Yes,6.0,56.0,50-59,02663 Buell Parkway,2519.0,NSW,Australia,11.0,11,3,2633.9499999999994,4,1,2,412,Recent Customer,4,Darrick Helleckas,3736.5199999999995
31,Star,Praton,Female,3,1962-11-24,Staff Accountant III,Telecommunications,High Net Worth,Yes,14.0,55.0,50-59,2294 Pleasure Place,2135.0,NSW,Australia,12.0,89,4,426.10999999999996,1,1,1,111,Lost Customer,11,Star Praton,3110.0
32,Marion,Vanichkin,Female,17,1995-04-20,Legal Assistant,Manufacturing,Affluent Customer,No,4.0,23.0,20-29,2951 Petterle Place,2756.0,NSW,Australia,9.0,138,7,2823.12,1,3,2,132,Almost Lost Customer,9,Marion Vanichkin,7873.18
33,Ernst,Hacon,Male,44,1957-06-25,Product Engineer,Unknown,Affluent Customer,Yes,11.0,61.0,60-69,63 Lukken Drive,2170.0,NSW,Australia,9.0,38,6,5150.45,3,2,4,324,Potential Customer,5,Ernst Hacon,8808.96
35,Margaretha,Strettle,Female,40,1963-09-28,Information Systems Manager,Health,High Net Worth,Yes,16.0,54.0,50-59,34 Russell Plaza,4127.0,QLD,Australia,6.0,92,4,3706.51,1,1,3,113,Evasive Customer,10,Margaretha Strettle,4182.28
36,Lurette,Stonnell,Female,33,1977-11-09,VP Quality Control,Unknown,Affluent Customer,No,22.0,40.0,40-49,78 Del Sol Hill,2535.0,NSW,Australia,8.0,163,2,204.35999999999999,1,1,1,111,Lost Customer,11,Lurette Stonnell,1781.04
37,Laurie,Dwerryhouse,Female,46,1985-12-22,Social Worker,Health,High Net Worth,No,16.0,32.0,30-39,54 Sage Plaza,4726.0,QLD,Australia,1.0,7,9,6338.489999999999,4,4,4,444,Platinum Customer,1,Laurie Dwerryhouse,11291.71
38,Cordi,Merman,Female,37,1955-10-29,Senior Cost Accountant,Financial Services,Affluent Customer,No,20.0,62.0,60-69,90 Lawn Parkway,4805.0,QLD,Australia,4.0,50,4,2025.34,2,1,2,212,High Risk Customer,8,Cordi Merman,4502.59
39,Hunfredo,Smalley,Male,5,1979-04-16,Assistant Media Planner,Entertainment,Mass Customer,No,22.0,39.0,30-39,38726 Ilene Crossing,2212.0,NSW,Australia,10.0,34,12,6085.17,3,4,4,344,Recent Customer,4,Hunfredo Smalley,11237.19
40,Tomasine,Jerche,Female,91,1981-10-27,Payment Adjustment Coordinator,Manufacturing,Affluent Customer,No,14.0,36.0,30-39,3496 Brown Drive,2207.0,NSW,Australia,8.0,14,6,4552.1,4,2,4,424,Becoming Loyal,3,Tomasine Jerche,6175.2699999999995
41,Basilius,Coupe,Male,64,1976-04-14,Food Chemist,Health,Mass Customer,No,16.0,42.0,40-49,7188 Cody Way,3350.0,VIC,Australia,9.0,29,8,4531.68,3,4,4,344,Recent Customer,4,Basilius Coupe,8570.1
42,Chiquita,Durnall,Female,24,1977-03-28,Accountant III,Manufacturing,Mass Customer,No,18.0,41.0,40-49,1 Claremont Park,3931.0,VIC,Australia,10.0,111,4,427.04,1,1,1,111,Lost Customer,11,Chiquita Durnall,1936.46
43,Indira,Belt,Female,38,1983-03-01,Director of Sales,Retail,Mass Customer,No,5.0,35.0,30-39,60 Eagan Circle,4018.0,QLD,Australia,8.0,61,9,3619.95,2,4,3,243,Losing Customer,7,Indira Belt,6574.59
44,Neron,Verick,Male,63,1981-10-18,Assistant Media Planner,Entertainment,Affluent Customer,Yes,17.0,36.0,30-39,89314 Eagle Crest Center,4670.0,QLD,Australia,2.0,35,7,4768.28,3,3,4,334,Potential Customer,5,Neron Verick,7497.4
45,Trace,Woodhead,Male,64,1975-09-23,Senior Financial Analyst,Financial Services,Mass Customer,No,8.0,42.0,40-49,2028 Lakewood Place,2480.0,NSW,Australia,3.0,43,3,1048.1499999999999,3,1,1,311,Late Bloomer,6,Trace Woodhead,2912.33
46,Kaila,Allin,Female,98,1972-02-26,Unknown,Unknown,Affluent Customer,Yes,15.0,46.0,40-49,70875 Hudson Point,3212.0,VIC,Australia,6.0,53,5,1623.6299999999997,2,2,1,221,High Risk Customer,8,Kaila Allin,4923.139999999999
47,Matthew,Jeaycock,Male,51,1992-10-22,Registered Nurse,Health,Affluent Customer,No,2.0,25.0,20-29,543 Killdeer Park,2322.0,NSW,Australia,4.0,35,7,4332.19,3,3,4,334,Potential Customer,5,Matthew Jeaycock,8022.01
48,Rebbecca,Casone,Female,46,1975-08-15,Biostatistician II,Unknown,Mass Customer,Yes,8.0,42.0,40-49,22125 Ramsey Drive,3198.0,VIC,Australia,9.0,82,8,5561.08,2,4,4,244,Losing Customer,7,Rebbecca Casone,9654.119999999999
49,Nolly,Ownsworth,Male,63,1994-01-26,VP Quality Control,Unknown,Affluent Customer,No,1.0,24.0,20-29,3107 Calypso Terrace,2210.0,NSW,Australia,9.0,36,5,4248.68,3,2,4,324,Potential Customer,5,Nolly Ownsworth,7582.92
50,Whitby,Schapero,Male,38,1980-10-01,Account Executive,Manufacturing,Mass Customer,Yes,16.0,37.0,30-39,957 Veith Junction,2047.0,NSW,Australia,10.0,26,8,5783.66,3,4,4,344,Recent Customer,4,Whitby Schapero,9252.66
51,Fidelio,Dilke,Male,68,1959-12-05,Computer Systems Analyst II,Retail,Mass Customer,No,18.0,58.0,50-59,4853 Gulseth Avenue,4503.0,QLD,Australia,5.0,55,8,4855.400000000001,2,4,4,244,Losing Customer,7,Fidelio Dilke,9667.460000000001
52,Curran,Bentson,Male,57,1988-06-22,Unknown,Financial Services,Mass Customer,Yes,13.0,30.0,30-39,9 Michigan Terrace,2145.0,NSW,Australia,8.0,4,7,5417.83,4,3,4,434,Very Loyal,2,Curran Bentson,10106.57
53,Agnella,Gocke,Female,22,1954-04-18,Software Test Engineer II,Financial Services,Mass Customer,No,16.0,64.0,60-69,62 Steensland Road,4350.0,QLD,Australia,3.0,7,5,2950.0699999999997,4,2,3,423,Becoming Loyal,3,Agnella Gocke,5472.74
54,Loralyn,Wonfor,Female,2,1966-07-24,Sales Associate,Property,Mass Customer,Yes,18.0,51.0,50-59,6 Homewood Avenue,2142.0,NSW,Australia,8.0,67,7,4098.21,2,3,3,233,Losing Customer,7,Loralyn Wonfor,9813.66
55,Linc,Jillions,Male,48,1956-09-24,Paralegal,Financial Services,Affluent Customer,Yes,7.0,61.0,60-69,15 Almo Lane,2029.0,NSW,Australia,10.0,46,8,3220.86,2,4,3,243,Losing Customer,7,Linc Jillions,6754.21
56,Reese,Ensor,Male,44,1996-07-04,VP Sales,Property,Mass Customer,Yes,4.0,21.0,20-29,690 Glacier Hill Circle,2127.0,NSW,Australia,10.0,2,7,1275.2399999999998,4,3,1,431,Becoming Loyal,3,Reese Ensor,5060.86
57,Abba,Masedon,Male,87,1988-06-13,Chief Design Engineer,Unknown,Mass Customer,Yes,13.0,30.0,30-39,89787 Village Green Terrace,4280.0,QLD,Australia,6.0,35,6,5117.96,3,2,4,324,Potential Customer,5,Abba Masedon,8748.75
58,Dalenna,Pinnock,Female,26,1967-07-04,Office Assistant III,Financial Services,Affluent Customer,Yes,17.0,50.0,50-59,18 Elgar Park,2166.0,NSW,Australia,9.0,20,8,3501.37,3,4,3,343,Potential Customer,5,Dalenna Pinnock,6967.3099999999995
59,Niki,Heathcote,Male,60,2000-02-08,Physical Therapy Assistant,Unknown,High Net Worth,No,3.0,18.0,Under 20,413 Mayer Street,2046.0,NSW,Australia,9.0,22,3,2628.37,3,1,2,312,Late Bloomer,6,Niki Heathcote,2797.47
60,Nadiya,Champerlen,Female,18,1970-02-04,Unknown,Manufacturing,Mass Customer,No,10.0,48.0,40-49,39 3rd Drive,2026.0,NSW,Australia,10.0,200,2,647.22,1,1,1,111,Lost Customer,11,Nadiya Champerlen,1526.9
61,Kacey,Rowbottom,Female,47,1959-11-29,Help Desk Operator,Property,High Net Worth,No,13.0,58.0,50-59,44516 Katie Parkway,2765.0,NSW,Australia,7.0,47,7,4254.24,2,3,4,234,Losing Customer,7,Kacey Rowbottom,8397.28
62,Sorcha,Roggers,Female,38,1979-07-06,Unknown,IT,Mass Customer,Yes,22.0,38.0,30-39,41 Schurz Center,2749.0,NSW,Australia,8.0,5,6,4920.88,4,2,4,424,Becoming Loyal,3,Sorcha Roggers,5845.950000000001
63,Ebony,Zini,Female,58,1965-07-03,Senior Quality Engineer,Retail,Mass Customer,Yes,16.0,52.0,50-59,68150 Boyd Road,2745.0,NSW,Australia,9.0,68,3,2190.05,2,1,2,212,High Risk Customer,8,Ebony Zini,4156.66
64,Gerek,Yve,Male,73,1978-03-25,Legal Assistant,IT,High Net Worth,No,4.0,40.0,40-49,11474 Westend Hill,3752.0,VIC,Australia,8.0,3,5,546.6799999999998,4,2,1,421,Becoming Loyal,3,Gerek Yve,4111.12
65,Yale,Tanser,Male,21,1976-04-01,Information Systems Manager,Financial Services,Affluent Customer,Yes,15.0,42.0,40-49,308 Jana Crossing,2153.0,NSW,Australia,10.0,136,6,4441.61,1,2,4,124,Almost Lost Customer,9,Yale Tanser,8056.469999999999
66,Anselm,Gawne,Male,46,2002-03-11,Account Executive,Argiculture,High Net Worth,No,1.0,16.0,Under 20,163 Straubel Trail,2217.0,NSW,Australia,10.0,43,4,3333.8599999999997,3,1,3,313,Late Bloomer,6,Anselm Gawne,5199.48
67,Vernon,,Male,67,1960-06-14,Web Developer II,Retail,Mass Customer,No,18.0,58.0,50-59,68294 Clarendon Crossing,2230.0,NSW,Australia,10.0,116,5,1203.2899999999997,1,2,1,121,Evasive Customer,10,Vernon,5304.15
68,Dahlia,Eddoes,Female,37,1974-04-21,Information Systems Manager,Unknown,Affluent Customer,No,9.0,44.0,40-49,486 Mariners Cove Plaza,3046.0,VIC,Australia,7.0,84,3,3842.559999999999,2,1,3,213,High Risk Customer,8,Dahlia Eddoes,5127.98
69,Heidi,Milner,Female,16,1969-06-22,Web Developer II,Unknown,Mass Customer,No,6.0,49.0,40-49,0322 Dryden Court,3183.0,VIC,Australia,7.0,20,6,5294.75,3,2,4,324,Potential Customer,5,Heidi Milner,8395.75
70,Foster,Vannoort,Male,78,1993-02-27,Paralegal,Financial Services,Affluent Customer,No,8.0,25.0,20-29,9 Bonner Road,2070.0,NSW,Australia,12.0,4,5,2736.9,4,2,2,422,Becoming Loyal,3,Foster Vannoort,4801.11
71,Hoyt,Glavias,Male,30,1985-01-27,Research Associate,Argiculture,Affluent Customer,Yes,12.0,33.0,30-39,07041 Briar Crest Lane,2213.0,NSW,Australia,10.0,131,1,155.6500000000001,1,1,1,111,Lost Customer,11,Hoyt Glavias,1415.01
72,Sammy,Cheese,Male,93,1972-02-13,Administrative Officer,Manufacturing,Affluent Customer,Yes,16.0,46.0,40-49,29466 Hanson Pass,4208.0,QLD,Australia,6.0,22,5,2559.7799999999997,3,2,2,322,Late Bloomer,6,Sammy Cheese,4360.42
73,Minette,Worters,Female,16,1960-05-27,Teacher,Unknown,Affluent Customer,Yes,5.0,58.0,50-59,0212 Forest Run Trail,2774.0,NSW,Australia,8.0,168,6,2316.5099999999998,1,2,2,122,Evasive Customer,10,Minette Worters,5265.87
74,Pansy,Kiddie,Female,94,1969-06-19,Unknown,Unknown,Mass Customer,Yes,6.0,49.0,40-49,33055 Menomonie Parkway,4133.0,QLD,Australia,8.0,28,3,966.5200000000001,3,1,1,311,Late Bloomer,6,Pansy Kiddie,2985.64
75,Dollie,Sealy,Female,28,1978-07-15,VP Product Management,Property,Mass Customer,No,19.0,39.0,30-39,4763 Merchant Avenue,2756.0,NSW,Australia,8.0,60,8,4979.94,2,4,4,244,Losing Customer,7,Dollie Sealy,7130.63
76,Rea,Hasser,Female,20,1978-01-23,Statistician II,Retail,High Net Worth,Yes,18.0,40.0,40-49,439 Ridgeway Court,4213.0,QLD,Australia,9.0,1,8,2868.16,4,4,3,443,Very Loyal,2,Rea Hasser,7425.04
77,Shermie,Andrin,Male,79,1989-09-12,Automation Specialist IV,Financial Services,Mass Customer,No,7.0,28.0,20-29,2 Clyde Gallagher Lane,4170.0,QLD,Australia,5.0,101,3,1657.58,1,1,1,111,Lost Customer,11,Shermie Andrin,2964.73
78,Arch,Van der Kruis,Male,37,1985-03-12,Business Systems Development Analyst,Argiculture,Affluent Customer,No,8.0,33.0,30-39,97455 Loeprich Lane,2153.0,NSW,Australia,9.0,211,2,82.25999999999999,1,1,1,111,Lost Customer,11,Arch Van der Kruis,1139.12
79,Tybi,Silliman,Female,76,1968-10-02,Account Executive,Manufacturing,Mass Customer,No,18.0,49.0,40-49,9527 Ridgeway Street,2073.0,NSW,Australia,10.0,43,6,2597.46,3,2,2,322,Late Bloomer,6,Tybi Silliman,6761.43
80,Pablo,Small,Male,11,1978-04-24,Data Coordiator,Entertainment,Mass Customer,No,13.0,40.0,40-49,7 Jackson Point,3561.0,VIC,Australia,1.0,28,10,5988.86,3,4,4,344,Recent Customer,4,Pablo Small,12564.82
81,Bee,Blazewicz,Female,58,1986-09-04,Unknown,Health,High Net Worth,No,13.0,31.0,30-39,74 Anniversary Junction,2330.0,NSW,Australia,6.0,4,4,3249.02,4,1,3,413,Recent Customer,4,Bee Blazewicz,4421.7
82,Gleda,Cokely,Female,93,1965-06-28,Software Test Engineer III,Property,High Net Worth,No,19.0,53.0,50-59,2083 Spaight Court,3977.0,VIC,Australia,8.0,78,5,2924.37,2,2,3,223,High Risk Customer,8,Gleda Cokely,5293.91
83,Kerr,Simmell,Male,97,1967-02-26,Internal Auditor,IT,Mass Customer,Yes,18.0,51.0,50-59,2796 Caliangt Circle,2204.0,NSW,Australia,12.0,80,6,1798.2,2,2,1,221,High Risk Customer,8,Kerr Simmell,4464.65
84,Rich,Mathiasen,Male,78,1958-02-07,Accountant III,Unknown,Mass Customer,Yes,14.0,60.0,60-69,96061 Ludington Place,2086.0,NSW,Australia,11.0,28,7,2295.2200000000003,3,3,2,332,Potential Customer,5,Rich Mathiasen,5464.650000000001
85,Kane,Tixall,Male,1,1958-05-21,Analyst Programmer,Unknown,Mass Customer,No,8.0,60.0,60-69,5037 Merchant Crossing,2226.0,NSW,Australia,11.0,37,6,563.3699999999999,3,2,1,321,Late Bloomer,6,Kane Tixall,3158.6299999999997
86,Job,Sleney,Male,75,1989-03-04,Occupational Therapist,Health,High Net Worth,Yes,7.0,29.0,20-29,289 Haas Street,2075.0,NSW,Australia,11.0,0,9,2360.09,4,4,2,442,Very Loyal,2,Job Sleney,7319.35
87,Fields,Langdon,Male,78,1974-04-23,Editor,Financial Services,Mass Customer,No,8.0,44.0,40-49,4423 Bartelt Parkway,2038.0,NSW,Australia,12.0,18,9,3740.7599999999998,3,4,3,343,Potential Customer,5,Fields Langdon,7994.73
88,Malynda,Tumber,Female,41,1966-02-03,Help Desk Operator,Property,High Net Worth,Yes,7.0,52.0,50-59,5 Grim Center,2069.0,NSW,Australia,12.0,74,6,2534.33,2,2,2,222,High Risk Customer,8,Malynda Tumber,5550.83
89,Benedicto,Hoxey,Male,74,1967-01-22,Speech Pathologist,Health,Mass Customer,Yes,14.0,51.0,50-59,73042 Roth Crossing,2100.0,NSW,Australia,11.0,4,9,5779.650000000001,4,4,4,444,Platinum Customer,1,Benedicto Hoxey,12741.44
90,Cary,Garron,Male,76,1984-11-12,Quality Control Specialist,Manufacturing,Mass Customer,No,11.0,33.0,30-39,171 Fordem Junction,2233.0,NSW,Australia,10.0,30,7,2990.73,3,3,3,333,Potential Customer,5,Cary Garron,7703.58
91,Dylan,Meaker,Male,69,1955-02-24,Senior Financial Analyst,Financial Services,Affluent Customer,Yes,17.0,63.0,60-69,2640 Manley Point,2166.0,NSW,Australia,9.0,9,8,5242.410000000001,4,4,4,444,Platinum Customer,1,Dylan Meaker,8066.4400000000005
92,Jodee,Judkins,Female,98,1980-09-11,Recruiting Manager,Health,Mass Customer,No,12.0,37.0,30-39,3 Hintze Pass,3133.0,VIC,Australia,10.0,34,3,2967.4399999999996,3,1,3,313,Late Bloomer,6,Jodee Judkins,5098.43
93,Gordon,Gowar,Male,63,1976-07-16,Project Manager,Retail,Mass Customer,Yes,10.0,41.0,40-49,2 Mcbride Road,3070.0,VIC,Australia,10.0,79,3,2976.4099999999994,2,1,3,213,High Risk Customer,8,Gordon Gowar,5276.129999999999
94,Wallache,Simchenko,Male,33,1974-08-07,Civil Engineer,Manufacturing,Mass Customer,No,21.0,43.0,40-49,67234 Transport Hill,2777.0,NSW,Australia,7.0,33,7,4902.21,3,3,4,334,Potential Customer,5,Wallache Simchenko,8305.77
95,Nomi,Mallinder,Female,67,1960-12-25,Software Engineer III,Manufacturing,Affluent Customer,Yes,8.0,57.0,50-59,72 Dorton Crossing,3133.0,VIC,Australia,10.0,38,4,3050.809999999999,3,1,3,313,Late Bloomer,6,Nomi Mallinder,5049.799999999999
96,Heath,Olford,Male,33,1968-08-31,Nuclear Power Engineer,Manufacturing,Mass Customer,No,15.0,49.0,40-49,6 Heffernan Center,2125.0,NSW,Australia,11.0,70,4,1135.25,2,1,1,211,Almost Lost Customer,9,Heath Olford,3874.84
97,Arne,Corain,Male,16,1979-07-27,Community Outreach Specialist,Financial Services,Mass Customer,Yes,10.0,38.0,30-39,6088 Roxbury Hill,2766.0,NSW,Australia,8.0,102,8,4911.21,1,4,4,144,Almost Lost Customer,9,Arne Corain,8895.95
98,Allianora,Babalola,Female,19,1956-03-17,Safety Technician IV,Health,Mass Customer,No,7.0,62.0,60-69,105 Shelley Alley,2209.0,NSW,Australia,10.0,122,5,1930.5600000000002,1,2,2,122,Evasive Customer,10,Allianora Babalola,6180.05
99,Reggie,Mulliner,Male,97,1998-06-13,VP Accounting,Financial Services,Mass Customer,No,3.0,20.0,20-29,079 Merry Park,2160.0,NSW,Australia,9.0,2,9,4557.65,4,4,4,444,Platinum Customer,1,Reggie Mulliner,8279.06
100,Tripp,Steed,Male,80,1968-05-11,General Manager,Financial Services,Mass Customer,Yes,4.0,50.0,50-59,8722 Summit Alley,2065.0,NSW,Australia,12.0,11,2,877.4,4,1,1,411,Recent Customer,4,Tripp Steed,2748.2
101,Goran,Kwietek,Male,83,1975-12-29,Nurse Practicioner,Manufacturing,High Net Worth,No,11.0,42.0,40-49,9554 Artisan Pass,2150.0,NSW,Australia,10.0,8,4,2589.8899999999994,4,1,2,412,Recent Customer,4,Goran Kwietek,4309.82
102,Langsdon,Tranfield,Male,51,1956-11-27,Quality Control Specialist,Manufacturing,Affluent Customer,No,16.0,61.0,60-69,55850 Butterfield Road,2168.0,NSW,Australia,9.0,42,7,2587.0099999999998,3,3,2,332,Potential Customer,5,Langsdon Tranfield,6659.22
103,Ethyl,Runham,Female,49,1997-04-21,Product Engineer,Financial Services,Affluent Customer,Yes,4.0,21.0,20-29,68 Little Fleur Crossing,2046.0,NSW,Australia,12.0,49,5,913.3199999999999,2,2,1,221,High Risk Customer,8,Ethyl Runham,4909.84
104,Odille,Panketh,Female,40,1978-06-06,Automation Specialist II,Health,Mass Customer,Yes,9.0,40.0,40-49,85688 New Castle Crossing,4171.0,QLD,Australia,10.0,64,9,3550.2600000000007,2,4,3,243,Losing Customer,7,Odille Panketh,8985.64
105,Maribeth,Pristnor,Female,25,2001-09-17,Recruiting Manager,Manufacturing,Mass Customer,No,1.0,16.0,Under 20,8611 Loomis Lane,2155.0,NSW,Australia,10.0,89,4,3475.0399999999995,1,1,3,113,Evasive Customer,10,Maribeth Pristnor,6234.35
106,Glyn,,Male,54,1966-07-03,Software Test Engineer III,Health,High Net Worth,Yes,18.0,51.0,50-59,7909 Pierstorff Crossing,2517.0,NSW,Australia,9.0,1,3,2513.69,4,1,2,412,Recent Customer,4,Glyn,2906.16
107,Pris,Stallebrass,Female,97,1990-07-01,Nurse Practicioner,Financial Services,Mass Customer,Yes,9.0,28.0,20-29,01 Muir Parkway,2096.0,NSW,Australia,12.0,81,4,2343.9700000000003,2,1,2,212,High Risk Customer,8,Pris Stallebrass,3345.1000000000004
108,Kayle,Mingaud,Female,4,1994-03-14,Unknown,Unknown,High Net Worth,No,3.0,24.0,20-29,0410 Division Junction,2750.0,NSW,Australia,8.0,10,3,2557.42,4,1,2,412,Recent Customer,4,Kayle Mingaud,3556.66
109,Cody,Blabey,Male,16,1978-12-11,Marketing Assistant,Unknown,Affluent Customer,Yes,4.0,39.0,30-39,41 Service Lane,2217.0,NSW,Australia,11.0,8,10,4430.66,4,4,4,444,Platinum Customer,1,Cody Blabey,10661.51
110,Sascha,St. Quintin,Male,23,2000-07-31,Unknown,Financial Services,Affluent Customer,No,1.0,17.0,Under 20,5 Moose Road,3977.0,VIC,Australia,8.0,14,7,2621.55,4,3,2,432,Becoming Loyal,3,Sascha St. Quintin,7788.71
111,Cele,Evason,Female,65,1993-08-29,Analyst Programmer,Unknown,Mass Customer,No,2.0,24.0,20-29,7342 Fieldstone Junction,2093.0,NSW,Australia,12.0,147,4,3014.5299999999997,1,1,3,113,Evasive Customer,10,Cele Evason,4873.0599999999995
112,Shena,Parren,Female,88,1975-08-12,Marketing Manager,Retail,High Net Worth,No,12.0,42.0,40-49,0 David Terrace,3204.0,VIC,Australia,11.0,47,6,5742.19,2,2,4,224,Losing Customer,7,Shena Parren,9059.89
113,Gage,Nickless,Male,67,1956-05-06,Staff Scientist,Unknown,Mass Customer,No,20.0,62.0,60-69,15239 Northwestern Point,4300.0,QLD,Australia,4.0,175,5,2200.48,1,2,2,122,Evasive Customer,10,Gage Nickless,4240.1900000000005
114,Sunny,Swindells,Female,10,1985-10-23,Teacher,Entertainment,Affluent Customer,No,8.0,32.0,30-39,60 Oneill Street,2170.0,NSW,Australia,9.0,70,4,2195.26,2,1,2,212,High Risk Customer,8,Sunny Swindells,3233.0
115,Alberik,Mereweather,Male,77,1981-12-21,Account Executive,Health,Mass Customer,No,18.0,36.0,30-39,8194 Sachtjen Drive,3844.0,VIC,Australia,1.0,14,8,3135.87,4,4,3,443,Very Loyal,2,Alberik Mereweather,8398.18
116,Scottie,Swiffen,Male,49,1999-02-05,Assistant Professor,Manufacturing,Affluent Customer,Yes,2.0,19.0,Under 20,0349 Farmco Terrace,2168.0,NSW,Australia,8.0,12,8,2447.5400000000004,4,4,2,442,Very Loyal,2,Scottie Swiffen,5663.92
117,Nance,Suttling,Female,75,1982-02-23,Marketing Manager,Manufacturing,Mass Customer,No,15.0,36.0,30-39,185 Pennsylvania Way,4226.0,QLD,Australia,6.0,5,10,6917.34,4,4,4,444,Platinum Customer,1,Nance Suttling,12856.83
118,Prentice,Pearmain,Male,43,1959-11-12,Budget/Accounting Analyst IV,Unknown,High Net Worth,No,19.0,58.0,50-59,432 Longview Circle,3192.0,VIC,Australia,10.0,69,5,3550.0999999999995,2,2,3,223,High Risk Customer,8,Prentice Pearmain,5319.51
119,Willey,Chastanet,Male,9,1981-12-04,Associate Professor,Unknown,High Net Worth,Yes,9.0,36.0,30-39,5814 Bunker Hill Street,3070.0,VIC,Australia,7.0,30,4,4217.24,3,1,4,314,Late Bloomer,6,Willey Chastanet,5217.66
120,Sloan,Wagg,Male,80,1978-09-02,Legal Assistant,Financial Services,High Net Worth,Yes,4.0,39.0,30-39,7 Carberry Crossing,2485.0,NSW,Australia,2.0,129,3,1306.7800000000002,1,1,1,111,Lost Customer,11,Sloan Wagg,3118.34
121,Myles,Pauncefort,Male,82,1957-10-02,Graphic Designer,Manufacturing,Mass Customer,No,15.0,60.0,60-69,53 Talisman Trail,2097.0,NSW,Australia,9.0,111,4,2892.0899999999997,1,1,3,113,Evasive Customer,10,Myles Pauncefort,4327.44
122,Colver,Itter,Male,87,1979-04-19,Quality Control Specialist,Financial Services,Mass Customer,Yes,12.0,39.0,30-39,5 Prairie Rose Road,4817.0,QLD,Australia,2.0,8,5,2695.2200000000003,4,2,2,422,Becoming Loyal,3,Colver Itter,6533.389999999999
123,Almeta,Kalinsky,Female,85,1988-12-03,Analyst Programmer,Financial Services,High Net Worth,No,15.0,29.0,20-29,84 Florence Parkway,2516.0,NSW,Australia,8.0,191,4,3245.75,1,1,3,113,Evasive Customer,10,Almeta Kalinsky,5337.79
124,Kath,Cunney,Female,27,1995-05-03,Administrative Assistant II,Health,High Net Worth,Yes,5.0,23.0,20-29,739 Elmside Way,3074.0,VIC,Australia,8.0,2,7,4054.25,4,3,3,433,Very Loyal,2,Kath Cunney,8272.15
125,Darrelle,Antoniewski,Female,94,1960-03-17,Computer Systems Analyst II,Property,Mass Customer,No,16.0,58.0,50-59,684 Northport Circle,2213.0,NSW,Australia,10.0,83,9,3303.88,2,4,3,243,Losing Customer,7,Darrelle Antoniewski,6537.76
126,Norman,Cliff,Male,53,1992-10-15,Administrative Officer,Health,Mass Customer,Yes,3.0,25.0,20-29,8 Hagan Hill,4508.0,QLD,Australia,4.0,11,3,1096.46,4,1,1,411,Recent Customer,4,Norman Cliff,3448.12
127,Merrili,Whitear,Female,81,1974-12-03,Compensation Analyst,Financial Services,Mass Customer,No,19.0,43.0,40-49,0 Pearson Crossing,4405.0,QLD,Australia,1.0,23,10,3993.71,3,4,3,343,Potential Customer,5,Merrili Whitear,9949.62
128,Isidro,Cypler,Male,73,1977-07-17,Systems Administrator III,Property,Mass Customer,Yes,12.0,40.0,40-49,10918 Merry Way,2452.0,NSW,Australia,5.0,137,4,2193.06,1,1,2,112,Evasive Customer,10,Isidro Cypler,3679.75
129,Weidar,Silkstone,Male,64,1985-07-20,Financial Advisor,Financial Services,High Net Worth,Yes,19.0,32.0,30-39,97 Coolidge Trail,2142.0,NSW,Australia,9.0,178,4,2753.75,1,1,2,112,Evasive Customer,10,Weidar Silkstone,4090.48
130,Raddy,Delete,Male,32,1997-07-18,Chemical Engineer,Manufacturing,Mass Customer,No,1.0,20.0,20-29,58 Helena Hill,2205.0,NSW,Australia,7.0,76,2,1779.58,2,1,1,211,Almost Lost Customer,9,Raddy Delete,3340.42
131,Jana,Renyard,Female,57,1964-10-16,Administrative Officer,Retail,High Net Worth,No,8.0,53.0,50-59,352 Forster Place,4132.0,QLD,Australia,3.0,205,6,5494.91,1,2,4,124,Almost Lost Customer,9,Jana Renyard,8745.28
132,Celesta,Willavoys,Female,5,1963-07-07,Web Designer I,Manufacturing,Mass Customer,Yes,9.0,54.0,50-59,12306 Lawn Street,2145.0,NSW,Australia,8.0,7,6,2780.7200000000003,4,2,2,422,Becoming Loyal,3,Celesta Willavoys,7365.93
133,Eldridge,Fiddeman,Male,12,1977-06-13,VP Accounting,Financial Services,Mass Customer,Yes,16.0,41.0,40-49,19392 7th Trail,4744.0,QLD,Australia,1.0,26,5,803.8900000000001,3,2,1,321,Late Bloomer,6,Eldridge Fiddeman,3164.55
134,Merna,McCulloch,Female,34,1997-08-01,Legal Assistant,Telecommunications,Affluent Customer,Yes,5.0,20.0,20-29,1605 Northfield Junction,2158.0,NSW,Australia,11.0,14,6,2946.42,4,2,3,423,Becoming Loyal,3,Merna McCulloch,7170.95
135,Rosalia,Sigart,Female,18,1975-01-18,Internal Auditor,IT,Mass Customer,No,3.0,43.0,40-49,9674 Graceland Junction,3201.0,VIC,Australia,6.0,115,6,3254.0699999999997,1,2,3,123,Evasive Customer,10,Rosalia Sigart,4966.27
136,Mel,Bennet,Male,46,1973-05-26,Senior Developer,Manufacturing,High Net Worth,Yes,7.0,45.0,40-49,638 Thackeray Junction,4178.0,QLD,Australia,3.0,20,8,3543.2,3,4,3,343,Potential Customer,5,Mel Bennet,9406.85
137,Vaughn,Artin,Male,27,1987-11-21,Office Assistant II,Property,High Net Worth,No,10.0,30.0,30-39,869 Forster Circle,2112.0,NSW,Australia,10.0,27,5,1496.4499999999998,3,2,1,321,Late Bloomer,6,Vaughn Artin,3507.0499999999997
138,Onofredo,Franc,Male,5,1985-04-28,Recruiter,Financial Services,Affluent Customer,Yes,13.0,33.0,30-39,0 Golden Leaf Crossing,2033.0,NSW,Australia,9.0,64,7,3377.12,2,3,3,233,Losing Customer,7,Onofredo Franc,4927.35
139,Gar,,Male,1,1964-07-28,Operator,Telecommunications,Affluent Customer,No,4.0,53.0,50-59,215 Lindbergh Trail,4401.0,QLD,Australia,1.0,26,9,5161.44,3,4,4,344,Recent Customer,4,Gar,10638.89
140,Morrie,Flaxon,Male,9,1994-05-20,Programmer Analyst III,Manufacturing,Mass Customer,No,2.0,24.0,20-29,829 Washington Crossing,3186.0,VIC,Australia,9.0,3,6,2699.9,4,2,2,422,Becoming Loyal,3,Morrie Flaxon,7649.34
141,Townsend,Trobe,Male,67,1954-06-25,Teacher,Financial Services,High Net Worth,Yes,10.0,64.0,60-69,585 Loomis Court,2097.0,NSW,Australia,11.0,159,3,2138.3500000000004,1,1,2,112,Evasive Customer,10,Townsend Trobe,4053.9800000000005
142,Bentley,Fortesquieu,Male,57,1967-08-07,Quality Engineer,Health,Affluent Customer,No,17.0,50.0,50-59,68063 Blue Bill Park Center,3058.0,VIC,Australia,9.0,4,11,3917.3399999999997,4,4,3,443,Very Loyal,2,Bentley Fortesquieu,12474.74
143,Kendall,Figg,Male,19,1957-09-01,Operator,Argiculture,Mass Customer,Yes,11.0,60.0,60-69,15673 Farmco Point,4017.0,QLD,Australia,6.0,13,4,2474.7699999999995,4,1,2,412,Recent Customer,4,Kendall Figg,4689.21
144,Jory,Barrabeale,Unknown,71,,Environmental Tech,IT,Mass Customer,No,,,,22 Oxford Junction,2315.0,NSW,Australia,3.0,6,8,4888.02,4,4,4,444,Platinum Customer,1,Jory Barrabeale,8961.14
145,Filippo,Ferrara,Male,33,1997-07-21,Account Executive,Financial Services,Mass Customer,No,4.0,20.0,20-29,7245 Cottonwood Center,2285.0,NSW,Australia,5.0,28,7,3140.3,3,3,3,333,Potential Customer,5,Filippo Ferrara,8149.19
146,Ricoriki,Matlock,Male,34,1985-04-08,Quality Control Specialist,Manufacturing,Mass Customer,No,8.0,33.0,30-39,20382 Spohn Alley,2219.0,NSW,Australia,11.0,194,2,217.05999999999995,1,1,1,111,Lost Customer,11,Ricoriki Matlock,1973.29
147,Rea,Pattrick,Female,32,1973-12-06,Analog Circuit Design manager,Health,Mass Customer,Yes,10.0,44.0,40-49,12375 Cambridge Pass,2065.0,NSW,Australia,11.0,34,6,5034.16,3,2,4,324,Potential Customer,5,Rea Pattrick,8079.09
148,Jaquith,Maffey,Female,69,1981-05-08,Programmer Analyst III,Unknown,Mass Customer,Yes,5.0,37.0,30-39,03 Granby Parkway,3216.0,VIC,Australia,8.0,43,5,3268.4,3,2,3,323,Potential Customer,5,Jaquith Maffey,5808.83
149,Drucy,Kausche,Female,41,1995-01-31,Research Nurse,Health,Mass Customer,Yes,1.0,23.0,20-29,939 Coleman Pass,4509.0,QLD,Australia,7.0,18,5,2129.3399999999997,3,2,2,322,Late Bloomer,6,Drucy Kausche,6349.1900000000005
150,Bradly,Crosse,Male,6,1983-08-23,Cost Accountant,Financial Services,Affluent Customer,No,17.0,34.0,30-39,69914 Bowman Place,2330.0,NSW,Australia,7.0,75,4,2446.51,2,1,2,212,High Risk Customer,8,Bradly Crosse,3630.96
151,Donnie,Brimson,Male,36,1965-01-31,Marketing Manager,Manufacturing,Mass Customer,Yes,13.0,53.0,50-59,34457 Springview Street,2759.0,NSW,Australia,9.0,0,8,5665.410000000001,4,4,4,444,Platinum Customer,1,Donnie Brimson,13047.54
152,Stephana,Cardew,Female,5,1981-03-03,Compensation Analyst,Financial Services,Mass Customer,No,16.0,37.0,30-39,992 Old Shore Trail,2069.0,NSW,Australia,12.0,158,2,1966.88,1,1,2,112,Evasive Customer,10,Stephana Cardew,2941.37
153,Lorilyn,Walshe,Female,73,1977-07-28,Assistant Media Planner,Entertainment,Mass Customer,Yes,12.0,40.0,40-49,453 Sheridan Street,2747.0,NSW,Australia,8.0,64,7,5522.509999999999,2,3,4,234,Losing Customer,7,Lorilyn Walshe,7808.16
154,Faydra,Dulieu,Female,90,1958-02-13,Junior Executive,Unknown,Mass Customer,No,11.0,60.0,60-69,8 Mccormick Crossing,2227.0,NSW,Australia,8.0,23,6,683.6300000000001,3,2,1,321,Late Bloomer,6,Faydra Dulieu,3558.31
155,Orran,Bogges,Male,4,1985-12-28,Quality Engineer,Manufacturing,Mass Customer,No,10.0,32.0,30-39,63344 Holmberg Crossing,2025.0,NSW,Australia,10.0,8,3,1088.42,4,1,1,411,Recent Customer,4,Orran Bogges,4008.51
156,Shayla,Rimmington,Female,23,1979-09-09,Cost Accountant,Financial Services,Mass Customer,Yes,11.0,38.0,30-39,9 Huxley Circle,3191.0,VIC,Australia,11.0,16,5,3095.3699999999994,4,2,3,423,Becoming Loyal,3,Shayla Rimmington,4831.58
157,Chad,Houtby,Male,97,1974-11-23,Financial Advisor,Financial Services,Affluent Customer,No,16.0,43.0,40-49,0 Hazelcrest Road,3025.0,VIC,Australia,8.0,135,3,381.41999999999996,1,1,1,111,Lost Customer,11,Chad Houtby,2041.86
158,Hamlin,Odams,Male,99,1984-09-03,Internal Auditor,Unknown,Affluent Customer,No,5.0,33.0,30-39,2 Continental Plaza,2263.0,NSW,Australia,6.0,65,6,4627.35,2,2,4,224,Losing Customer,7,Hamlin Odams,7221.05
159,Arin,Matskevich,Male,90,1987-05-12,Research Nurse,Health,Affluent Customer,No,13.0,31.0,30-39,80 Duke Terrace,2233.0,NSW,Australia,10.0,66,6,2935.3700000000003,2,2,3,223,High Risk Customer,8,Arin Matskevich,6016.32
160,Wake,Durning,Male,5,1964-07-15,Registered Nurse,Health,Mass Customer,No,18.0,53.0,50-59,860 Hintze Lane,2154.0,NSW,Australia,11.0,93,2,2614.16,1,1,2,112,Evasive Customer,10,Wake Durning,3024.58
161,Tadd,Bloss,Male,49,1976-01-21,Unknown,Unknown,Mass Customer,No,16.0,42.0,40-49,3723 Bunker Hill Circle,2065.0,NSW,Australia,10.0,159,1,459.46000000000015,1,1,1,111,Lost Customer,11,Tadd Bloss,1148.64
162,Port,Acuna,Male,90,1979-08-12,Nurse Practicioner,IT,Mass Customer,No,15.0,38.0,30-39,5 Corry Court,2119.0,NSW,Australia,10.0,98,3,1329.61,1,1,1,111,Lost Customer,11,Port Acuna,3317.47
163,Kessia,Helder,Female,58,1976-09-06,Librarian,Entertainment,High Net Worth,Yes,14.0,41.0,40-49,65105 Sommers Pass,3016.0,VIC,Australia,10.0,114,2,1101.28,1,1,1,111,Lost Customer,11,Kessia Helder,3089.24
164,Aarika,Van Vuuren,Female,55,1999-08-07,Senior Editor,Retail,Affluent Customer,Yes,1.0,18.0,Under 20,2054 Sommers Pass,4113.0,QLD,Australia,4.0,198,3,786.1400000000001,1,1,1,111,Lost Customer,11,Aarika Van Vuuren,2583.85
165,Aldon,Roelofs,Male,61,1984-03-25,Administrative Officer,Argiculture,Mass Customer,Yes,12.0,34.0,30-39,22371 Miller Trail,2032.0,NSW,Australia,10.0,8,9,6182.52,4,4,4,444,Platinum Customer,1,Aldon Roelofs,9893.75
166,Elston,Oleszczak,Male,54,1955-06-12,Structural Analysis Engineer,Manufacturing,Affluent Customer,No,6.0,63.0,60-69,35807 Oneill Way,4300.0,QLD,Australia,4.0,63,8,4197.44,2,4,4,244,Losing Customer,7,Elston Oleszczak,9737.72
167,Nathalie,Tideswell,Female,95,1969-10-27,Unknown,Health,High Net Worth,Yes,17.0,48.0,40-49,75612 Clarendon Junction,4352.0,QLD,Australia,6.0,14,9,5993.34,4,4,4,444,Platinum Customer,1,Nathalie Tideswell,9888.61
168,Reggie,Broggetti,Unknown,8,,General Manager,IT,Affluent Customer,Yes,,,,16 Golf View Center,3020.0,VIC,Australia,6.0,136,9,5800.599999999999,1,4,4,144,Almost Lost Customer,9,Reggie Broggetti,10135.25
169,Alfy,Bruhnke,Male,20,1957-10-19,Data Coordiator,Telecommunications,High Net Worth,Yes,5.0,60.0,60-69,93 Iowa Junction,2116.0,NSW,Australia,9.0,61,3,696.26,2,1,1,211,Almost Lost Customer,9,Alfy Bruhnke,2065.08
170,Jammal,Gever,Male,80,1975-06-02,Pharmacist,Health,High Net Worth,No,21.0,43.0,40-49,48 Cascade Terrace,3057.0,VIC,Australia,8.0,100,3,1369.1599999999999,1,1,1,111,Lost Customer,11,Jammal Gever,3125.18
171,Halli,Davidoff,Female,62,1970-12-04,Assistant Manager,Manufacturing,Mass Customer,No,10.0,47.0,40-49,13950 Jackson Avenue,2099.0,NSW,Australia,11.0,18,9,4833.14,3,4,4,344,Recent Customer,4,Halli Davidoff,9865.380000000001
172,Hilton,Carney,Male,54,1988-09-12,Editor,Manufacturing,Affluent Customer,Yes,6.0,29.0,20-29,35386 Mockingbird Road,3749.0,VIC,Australia,4.0,11,8,2348.66,4,4,2,442,Very Loyal,2,Hilton Carney,10150.14
173,Ebba,Hanselmann,Female,99,1997-01-02,General Manager,Health,Affluent Customer,No,1.0,21.0,20-29,2 Randy Point,2766.0,NSW,Australia,8.0,15,9,6549.509999999998,4,4,4,444,Platinum Customer,1,Ebba Hanselmann,14061.48
174,Catie,Tosspell,Female,93,1989-11-26,Food Chemist,Health,Mass Customer,No,12.0,28.0,20-29,6898 Redwing Park,2148.0,NSW,Australia,9.0,11,10,7628.24,4,4,4,444,Platinum Customer,1,Catie Tosspell,12893.57
175,Templeton,Hambrook,Male,36,1975-11-28,Quality Engineer,Manufacturing,Affluent Customer,No,5.0,42.0,40-49,52273 Bay Place,3145.0,VIC,Australia,11.0,64,5,2170.54,2,2,2,222,High Risk Customer,8,Templeton Hambrook,6008.03
176,Angelo,Clayal,Male,39,1992-04-13,Accountant I,Property,Mass Customer,No,10.0,26.0,20-29,272 Montana Avenue,2021.0,NSW,Australia,8.0,22,5,3090.0699999999997,3,2,3,323,Potential Customer,5,Angelo Clayal,6733.15
177,Ondrea,Pablos,Female,25,1989-11-09,Professor,Financial Services,High Net Worth,No,4.0,28.0,20-29,82520 Mifflin Drive,2333.0,NSW,Australia,5.0,37,11,3980.1399999999994,3,4,3,343,Potential Customer,5,Ondrea Pablos,11184.03
178,Matthieu,Bertelmot,Male,2,1967-04-03,Unknown,Unknown,Affluent Customer,No,8.0,51.0,50-59,8 Dixon Parkway,2783.0,NSW,Australia,7.0,32,4,2184.58,3,1,2,312,Late Bloomer,6,Matthieu Bertelmot,3504.09
179,Esteban,Sewill,Male,23,1966-05-11,Environmental Tech,Manufacturing,High Net Worth,Yes,6.0,52.0,50-59,4 Dayton Terrace,2280.0,NSW,Australia,9.0,40,3,1814.59,3,1,1,311,Late Bloomer,6,Esteban Sewill,3168.84
180,Trisha,Neasham,Female,16,1971-09-17,Web Designer III,Argiculture,Affluent Customer,No,14.0,46.0,40-49,216 Barnett Junction,4120.0,QLD,Australia,8.0,11,7,4065.35,4,3,3,433,Very Loyal,2,Trisha Neasham,7970.57
181,Pavla,Braunle,Female,49,1982-11-21,Senior Editor,Manufacturing,Mass Customer,No,9.0,35.0,30-39,8256 Annamark Court,3638.0,VIC,Australia,1.0,50,6,2365.24,2,2,2,222,High Risk Customer,8,Pavla Braunle,5663.9
182,Lydon,Dahlman,Male,99,1992-11-20,Sales Associate,Financial Services,Affluent Customer,Yes,7.0,25.0,20-29,83012 Dapin Lane,4300.0,QLD,Australia,4.0,13,7,5409.120000000001,4,3,4,434,Very Loyal,2,Lydon Dahlman,9279.01
183,Dannie,Hissie,Female,7,1997-08-05,Geologist III,Retail,Affluent Customer,No,3.0,20.0,20-29,8 Haas Park,2074.0,NSW,Australia,10.0,102,6,3187.84,1,2,3,123,Evasive Customer,10,Dannie Hissie,5947.98
184,Nappie,Paolo,Male,40,1971-12-13,Marketing Manager,Manufacturing,High Net Worth,Yes,7.0,46.0,40-49,50 Meadow Ridge Way,2880.0,NSW,Australia,1.0,32,3,2181.35,3,1,2,312,Late Bloomer,6,Nappie Paolo,3734.88
185,Crosby,Walcot,Male,80,1979-12-13,Unknown,Property,Mass Customer,Yes,13.0,38.0,30-39,3567 Northfield Lane,2430.0,NSW,Australia,5.0,8,7,3547.6800000000003,4,3,3,433,Very Loyal,2,Crosby Walcot,9254.279999999999
186,Mireielle,Jeppe,Female,46,1974-05-06,Software Test Engineer I,Financial Services,Mass Customer,No,3.0,44.0,40-49,0059 Brentwood Road,4560.0,QLD,Australia,7.0,23,6,2166.17,3,2,2,322,Late Bloomer,6,Mireielle Jeppe,5550.85
187,Pincas,Ather,Male,97,1954-01-28,Structural Engineer,Unknown,Mass Customer,No,11.0,64.0,60-69,0274 Oneill Alley,2088.0,NSW,Australia,10.0,14,7,3014.88,4,3,3,433,Very Loyal,2,Pincas Ather,6898.79
188,Audry,Seine,Female,54,1975-06-22,Safety Technician II,Property,High Net Worth,Yes,13.0,43.0,40-49,4179 Carioca Terrace,2220.0,NSW,Australia,11.0,15,6,2658.87,4,2,2,422,Becoming Loyal,3,Audry Seine,5126.07
189,Umberto,Torricella,Male,73,1981-07-19,Safety Technician I,Financial Services,Affluent Customer,No,10.0,36.0,30-39,59265 Sullivan Junction,3031.0,VIC,Australia,4.0,3,5,5329.98,4,2,4,424,Becoming Loyal,3,Umberto Torricella,8633.69
190,Hayley,Girardengo,Female,42,1979-02-04,Registered Nurse,Health,Affluent Customer,No,10.0,39.0,30-39,7 Warbler Point,2250.0,NSW,Australia,9.0,207,3,699.4800000000002,1,1,1,111,Lost Customer,11,Hayley Girardengo,3071.06
191,Christopher,Heining,Male,22,1960-04-27,Help Desk Operator,Unknown,Affluent Customer,Yes,6.0,58.0,50-59,3 Buell Park,2261.0,NSW,Australia,7.0,105,1,834.9399999999999,1,1,1,111,Lost Customer,11,Christopher Heining,1065.03
192,Goldi,Osler,Female,2,1978-11-19,Junior Executive,Health,Mass Customer,Yes,8.0,39.0,30-39,0 Bay Center,3196.0,VIC,Australia,6.0,79,4,1519.4700000000003,2,1,1,211,Almost Lost Customer,9,Goldi Osler,3836.29
193,Foss,Hardes,Male,13,1964-07-22,Recruiting Manager,Manufacturing,Mass Customer,Yes,12.0,53.0,50-59,10878 Waywood Way,4352.0,QLD,Australia,7.0,24,5,2551.5,3,2,2,322,Late Bloomer,6,Foss Hardes,7368.36
194,Ursala,Ferrai,Female,4,1974-11-16,Web Developer III,Financial Services,Affluent Customer,No,10.0,43.0,40-49,362 Mayer Terrace,4680.0,QLD,Australia,5.0,108,3,2608.28,1,1,2,112,Evasive Customer,10,Ursala Ferrai,4313.530000000001
195,Talyah,Rylatt,Female,34,1958-11-14,Project Manager,Manufacturing,Mass Customer,No,6.0,59.0,50-59,43 Upham Crossing,3143.0,VIC,Australia,9.0,0,7,9633.409999999998,4,3,4,434,Very Loyal,2,Talyah Rylatt,12479.46
196,Swen,Odhams,Male,90,1966-02-22,Programmer Analyst II,Manufacturing,High Net Worth,No,6.0,52.0,50-59,0 Superior Drive,2747.0,NSW,Australia,8.0,146,8,3737.9999999999995,1,4,3,143,Almost Lost Customer,9,Swen Odhams,6346.61
197,Avis,,Female,32,1977-01-27,Unknown,Unknown,High Net Worth,No,5.0,41.0,40-49,8890 Golden Leaf Street,2063.0,NSW,Australia,12.0,27,9,3651.7100000000005,3,4,3,343,Potential Customer,5,Avis,8456.02
198,Vanya,Gumb,Female,82,1981-11-29,Assistant Media Planner,Entertainment,Mass Customer,No,16.0,36.0,30-39,5484 Hagan Crossing,3021.0,VIC,Australia,7.0,58,9,6631.87,2,4,4,244,Losing Customer,7,Vanya Gumb,11648.85
199,Verla,Alven,Female,61,1978-02-13,Junior Executive,Health,Mass Customer,Yes,21.0,40.0,40-49,7451 Jana Lane,2138.0,NSW,Australia,8.0,15,4,2650.5299999999997,4,1,2,412,Recent Customer,4,Verla Alven,4323.860000000001
200,Hube,Weald,Male,7,1957-02-04,Physical Therapy Assistant,Property,Affluent Customer,Yes,19.0,61.0,60-69,7 Havey Point,4005.0,QLD,Australia,2.0,7,9,7283.86,4,4,4,444,Platinum Customer,1,Hube Weald,11117.36
201,Salem,Huie,Male,45,1966-04-20,Design Engineer,Manufacturing,Mass Customer,Yes,11.0,52.0,50-59,32 Steensland Plaza,2233.0,NSW,Australia,9.0,28,7,4159.18,3,3,4,334,Potential Customer,5,Salem Huie,8208.64
202,Audie,Pillinger,Female,38,1963-06-24,Librarian,Entertainment,Affluent Customer,Yes,16.0,55.0,50-59,107 Elmside Parkway,4811.0,QLD,Australia,5.0,18,3,1295.91,3,1,1,311,Late Bloomer,6,Audie Pillinger,2511.82
203,Donovan,Conry,Male,71,1964-01-13,Senior Quality Engineer,Argiculture,Mass Customer,Yes,11.0,54.0,50-59,2 Gina Junction,2085.0,NSW,Australia,11.0,11,5,1481.12,4,2,1,421,Becoming Loyal,3,Donovan Conry,4376.26
204,Thorny,Hackworth,Male,56,1976-10-01,Editor,Financial Services,Mass Customer,No,5.0,41.0,40-49,4 Londonderry Lane,3084.0,VIC,Australia,10.0,27,8,6287.29,3,4,4,344,Recent Customer,4,Thorny Hackworth,11444.0
205,Rolfe,Kellard,Male,18,1958-12-01,Administrative Assistant II,Financial Services,Mass Customer,Yes,6.0,59.0,50-59,39716 Vera Junction,3170.0,VIC,Australia,9.0,52,9,2008.2699999999998,2,4,2,242,Losing Customer,7,Rolfe Kellard,6904.88
206,Mari,Chevolleau,Female,98,1954-07-19,Statistician I,Unknown,Mass Customer,Yes,14.0,63.0,60-69,183 Ronald Regan Street,2066.0,NSW,Australia,9.0,77,4,3816.6499999999996,2,1,3,213,High Risk Customer,8,Mari Chevolleau,5633.8099999999995
207,Adena,Whyman,Female,9,1994-08-10,Unknown,Unknown,Mass Customer,No,7.0,23.0,20-29,2 Thierer Road,4113.0,QLD,Australia,8.0,279,3,1630.03,1,1,1,111,Lost Customer,11,Adena Whyman,4448.26
208,Rutter,Excell,Male,57,1994-10-31,Office Assistant III,Property,High Net Worth,No,5.0,23.0,20-29,056 Stone Corner Alley,4078.0,QLD,Australia,7.0,27,5,3342.0200000000004,3,2,3,323,Potential Customer,5,Rutter Excell,5158.98
209,Udall,Bellard,Male,9,1957-08-28,Analog Circuit Design manager,Unknown,Affluent Customer,Yes,6.0,60.0,60-69,528 Mandrake Crossing,2222.0,NSW,Australia,11.0,107,5,3081.0700000000006,1,2,3,123,Evasive Customer,10,Udall Bellard,6093.4800000000005
210,Albrecht,Thomasson,Male,50,1963-11-18,Assistant Manager,Property,Mass Customer,No,18.0,54.0,50-59,19969 5th Parkway,3152.0,VIC,Australia,9.0,22,6,2957.03,3,2,3,323,Potential Customer,5,Albrecht Thomasson,8805.2
211,Beitris,,Female,6,1974-03-04,VP Marketing,Manufacturing,Mass Customer,Yes,5.0,44.0,40-49,78 Rockefeller Park,2159.0,NSW,Australia,10.0,39,9,4090.05,3,4,3,343,Potential Customer,5,Beitris,10073.76
212,Nanice,Ellse,Female,21,2001-11-19,Desktop Support Technician,IT,Affluent Customer,No,1.0,16.0,Under 20,417 Transport Trail,4503.0,QLD,Australia,4.0,187,2,1790.41,1,1,1,111,Lost Customer,11,Nanice Ellse,2429.8
213,Lockwood,Exroll,Male,13,1996-05-14,Actuary,Financial Services,High Net Worth,Yes,6.0,22.0,20-29,6327 Lunder Crossing,4655.0,QLD,Australia,4.0,28,11,8544.5,3,4,4,344,Recent Customer,4,Lockwood Exroll,13555.56
214,Jeramie,Cellier,Male,82,1957-11-29,Food Chemist,Health,Mass Customer,No,6.0,60.0,60-69,811 Tony Road,4220.0,QLD,Australia,9.0,56,6,2498.8399999999997,2,2,2,222,High Risk Customer,8,Jeramie Cellier,6834.46
215,Debera,Foxworthy,Female,37,1974-06-24,Assistant Professor,Retail,High Net Worth,Yes,18.0,44.0,40-49,0 Northport Court,4012.0,QLD,Australia,3.0,3,8,3889.3900000000003,4,4,3,443,Very Loyal,2,Debera Foxworthy,8485.16
216,Cinderella,Parcall,Female,12,1995-01-12,Quality Engineer,Financial Services,High Net Worth,Yes,7.0,23.0,20-29,231 Havey Court,2153.0,NSW,Australia,10.0,16,5,2152.05,4,2,2,422,Becoming Loyal,3,Cinderella Parcall,5830.97
217,Jeralee,Quartly,Female,63,1979-12-09,Unknown,Manufacturing,High Net Worth,No,16.0,38.0,30-39,603 Kenwood Avenue,2070.0,NSW,Australia,11.0,4,8,2335.6900000000005,4,4,2,442,Very Loyal,2,Jeralee Quartly,11465.25
218,Stefa,Dunnan,Female,37,1993-08-06,Administrative Officer,Property,High Net Worth,Yes,8.0,24.0,20-29,09040 Myrtle Parkway,2015.0,NSW,Australia,8.0,14,5,1476.17,4,2,1,421,Becoming Loyal,3,Stefa Dunnan,4232.68
219,Markus,Mughal,Male,9,1964-11-25,Database Administrator III,Health,Mass Customer,No,7.0,53.0,50-59,05241 Shelley Park,2776.0,NSW,Australia,8.0,40,7,1688.33,3,3,1,331,Potential Customer,5,Markus Mughal,7915.57
220,Jeniffer,Apark,Female,79,1954-05-10,Electrical Engineer,Manufacturing,High Net Worth,No,9.0,64.0,60-69,7 Pankratz Point,3011.0,VIC,Australia,8.0,15,6,4304.11,4,2,4,424,Becoming Loyal,3,Jeniffer Apark,7458.69
221,Mara,Bloore,Female,14,1980-03-10,Tax Accountant,Manufacturing,Mass Customer,No,14.0,38.0,30-39,51 Crescent Oaks Parkway,2761.0,NSW,Australia,8.0,18,6,3865.6800000000003,3,2,3,323,Potential Customer,5,Mara Bloore,6729.84
222,Nev,Larive,Male,89,1978-09-03,Clinical Specialist,Health,Mass Customer,No,16.0,39.0,30-39,49 Emmet Junction,2015.0,NSW,Australia,11.0,20,2,1428.06,3,1,1,311,Late Bloomer,6,Nev Larive,2626.81
223,Ossie,Meaton,Male,13,1983-11-26,VP Sales,Unknown,Affluent Customer,Yes,14.0,34.0,30-39,78 Surrey Place,2502.0,NSW,Australia,7.0,52,7,4410.07,2,3,4,234,Losing Customer,7,Ossie Meaton,9805.5
224,Morgun,Girvan,Male,2,1967-12-03,Compensation Analyst,Financial Services,Affluent Customer,No,17.0,50.0,50-59,6236 Summerview Terrace,2110.0,NSW,Australia,12.0,1,5,2461.79,4,2,2,422,Becoming Loyal,3,Morgun Girvan,4216.53
225,Brittaney,Pring,Female,84,1977-03-11,Pharmacist,Health,Affluent Customer,No,13.0,41.0,40-49,682 Sheridan Avenue,2566.0,NSW,Australia,9.0,37,3,1587.5499999999997,3,1,1,311,Late Bloomer,6,Brittaney Pring,2416.13
226,Bondie,Letty,Male,96,1977-11-11,Database Administrator IV,Manufacturing,Mass Customer,No,20.0,40.0,40-49,04139 Delladonna Place,2519.0,NSW,Australia,7.0,116,2,1173.8600000000001,1,1,1,111,Lost Customer,11,Bondie Letty,1639.95
227,Wendall,McKeand,Male,99,1973-08-14,Accountant I,Entertainment,Mass Customer,No,18.0,44.0,40-49,2 Scott Circle,2506.0,NSW,Australia,9.0,26,5,3906.03,3,2,3,323,Potential Customer,5,Wendall McKeand,5589.13
228,Lucia,Pickervance,Female,59,1986-05-25,Systems Administrator II,Manufacturing,High Net Worth,No,12.0,32.0,30-39,92253 Kensington Drive,2209.0,NSW,Australia,7.0,77,5,3719.75,2,2,3,223,High Risk Customer,8,Lucia Pickervance,5178.17
229,Vaughn,Lambis,Male,30,1966-03-06,Unknown,Property,High Net Worth,No,19.0,52.0,50-59,93 Westend Terrace,2116.0,NSW,Australia,10.0,60,5,1811.84,2,2,1,221,High Risk Customer,8,Vaughn Lambis,4473.07
230,Maegan,Scyone,Female,74,1954-06-24,Internal Auditor,Property,High Net Worth,No,11.0,64.0,60-69,4 5th Point,2075.0,NSW,Australia,11.0,36,10,4745.01,3,4,4,344,Recent Customer,4,Maegan Scyone,10591.710000000001
231,Basile,Winsor,Male,48,1995-08-05,Design Engineer,Financial Services,Mass Customer,Yes,3.0,22.0,20-29,11667 Blackbird Street,2226.0,NSW,Australia,10.0,45,4,2344.5200000000004,2,1,2,212,High Risk Customer,8,Basile Winsor,5338.64
232,Zaria,Koeppke,Female,94,1987-11-11,Professor,Retail,Mass Customer,No,12.0,30.0,30-39,0 Sommers Circle,2145.0,NSW,Australia,9.0,141,6,3157.59,1,2,3,123,Evasive Customer,10,Zaria Koeppke,4132.44
233,Art,Barwell,Male,34,1986-08-08,Environmental Tech,Property,Mass Customer,No,13.0,31.0,30-39,2 Northridge Street,2508.0,NSW,Australia,10.0,17,6,2187.09,4,2,2,422,Becoming Loyal,3,Art Barwell,5218.62
234,Mead,Alpes,Female,71,1969-08-12,Chief Design Engineer,Retail,High Net Worth,No,12.0,48.0,40-49,816 Spohn Center,2036.0,NSW,Australia,10.0,11,10,5763.13,4,4,4,444,Platinum Customer,1,Mead Alpes,11557.99
235,Leona,Phateplace,Female,30,1976-12-26,Social Worker,Health,Mass Customer,No,15.0,41.0,40-49,98 Service Court,2018.0,NSW,Australia,8.0,2,11,4685.82,4,4,4,444,Platinum Customer,1,Leona Phateplace,9629.61
236,Tybalt,Gillingwater,Male,79,1954-10-30,Research Nurse,Health,Affluent Customer,No,14.0,63.0,60-69,6 Morning Park,3666.0,VIC,Australia,2.0,6,4,2434.64,4,1,2,412,Recent Customer,4,Tybalt Gillingwater,5255.34
237,Reginald,Dartan,Male,18,1974-03-07,Account Coordinator,Property,High Net Worth,Yes,11.0,44.0,40-49,4263 Hanson Place,2021.0,NSW,Australia,11.0,26,8,3635.04,3,4,3,343,Potential Customer,5,Reginald Dartan,7156.79
238,Max,Bilborough,Male,54,1984-02-04,Programmer III,Unknown,Mass Customer,Yes,14.0,34.0,30-39,6159 Katie Street,2750.0,NSW,Australia,8.0,107,5,3112.57,1,2,3,123,Evasive Customer,10,Max Bilborough,5838.6
239,Wells,Pressman,Male,62,1992-12-13,Registered Nurse,Health,Affluent Customer,No,3.0,25.0,20-29,95 Eliot Street,4514.0,QLD,Australia,3.0,1,9,5928.23,4,4,4,444,Platinum Customer,1,Wells Pressman,12986.130000000001
240,Gavin,Fawks,Male,49,1989-07-28,Administrative Assistant III,IT,High Net Worth,Yes,15.0,28.0,20-29,0 Westend Park,2525.0,NSW,Australia,9.0,88,5,1893.0,1,2,2,122,Evasive Customer,10,Gavin Fawks,4449.22
241,Quillan,Duigan,Male,94,1987-05-09,Quality Engineer,Entertainment,Mass Customer,No,20.0,31.0,30-39,39988 Porter Pass,4152.0,QLD,Australia,7.0,47,4,1922.82,2,1,2,212,High Risk Customer,8,Quillan Duigan,3855.87
242,Taite,Droghan,Male,17,1992-03-20,Nurse,Property,Affluent Customer,No,8.0,26.0,20-29,0796 Melody Park,2200.0,NSW,Australia,9.0,131,7,2558.7,1,3,2,132,Almost Lost Customer,9,Taite Droghan,7798.25
243,Barbara,Croxley,Female,94,1976-09-02,Teacher,Manufacturing,High Net Worth,Yes,14.0,41.0,40-49,2914 Vahlen Lane,2250.0,NSW,Australia,8.0,74,6,2193.55,2,2,2,222,High Risk Customer,8,Barbara Croxley,8818.380000000001
244,Germayne,Sperry,Male,57,1974-11-25,Unknown,Retail,Affluent Customer,No,8.0,43.0,40-49,65 Kinsman Trail,3023.0,VIC,Australia,6.0,194,4,3269.2,1,1,3,113,Evasive Customer,10,Germayne Sperry,6290.66
245,Noell,Grahlmans,Female,6,2001-09-26,Associate Professor,Financial Services,Affluent Customer,No,1.0,16.0,Under 20,07227 Hoard Terrace,3500.0,VIC,Australia,1.0,12,5,2213.0199999999995,4,2,2,422,Becoming Loyal,3,Noell Grahlmans,4855.26
246,Binny,Whight,Female,63,1991-02-28,Technical Writer,Manufacturing,High Net Worth,No,9.0,27.0,20-29,25503 Evergreen Drive,4300.0,QLD,Australia,5.0,27,9,3174.16,3,4,3,343,Potential Customer,5,Binny Whight,9724.98
247,Kristal,Joysey,Female,62,1983-05-06,Staff Accountant II,Financial Services,High Net Worth,Yes,13.0,35.0,30-39,2 2nd Plaza,2283.0,NSW,Australia,4.0,112,7,4913.16,1,3,4,134,Almost Lost Customer,9,Kristal Joysey,9778.37
248,Inger,Eskell,Female,76,1978-04-15,Clinical Specialist,Health,Affluent Customer,Yes,12.0,40.0,40-49,122 Melrose Drive,2102.0,NSW,Australia,10.0,134,6,3059.9399999999996,1,2,3,123,Evasive Customer,10,Inger Eskell,8368.65
249,D'arcy,Slay,Male,65,1992-09-13,Quality Control Specialist,IT,High Net Worth,No,9.0,25.0,20-29,37024 Anniversary Place,2204.0,NSW,Australia,11.0,47,9,2236.1299999999997,2,4,2,242,Losing Customer,7,D'arcy Slay,6569.14
250,Kristofer,,Male,53,1988-04-15,Legal Assistant,Health,Mass Customer,Yes,13.0,30.0,30-39,91141 Huxley Parkway,2040.0,NSW,Australia,10.0,31,7,4019.05,3,3,3,333,Potential Customer,5,Kristofer,9866.27
251,Mala,,Female,88,1977-12-24,VP Sales,Financial Services,Affluent Customer,Yes,10.0,40.0,40-49,04 Fallview Trail,2749.0,NSW,Australia,8.0,38,4,1210.0,3,1,1,311,Late Bloomer,6,Mala,3425.0
252,Anthea,Ruskin,Female,39,1983-01-24,Account Coordinator,Property,Mass Customer,Yes,13.0,35.0,30-39,8029 Gulseth Center,2304.0,NSW,Australia,7.0,62,5,2597.64,2,2,2,222,High Risk Customer,8,Anthea Ruskin,5565.48
253,Amalee,Choak,Female,82,1997-05-11,Food Chemist,Health,Mass Customer,Yes,1.0,21.0,20-29,77248 Columbus Drive,2340.0,NSW,Australia,7.0,17,4,1116.1499999999999,4,1,1,411,Recent Customer,4,Amalee Choak,2189.85
254,Barbie,Rubi,Female,98,1961-09-22,Information Systems Manager,Retail,Mass Customer,No,14.0,56.0,50-59,0850 Schmedeman Drive,3580.0,VIC,Australia,1.0,41,7,6780.95,3,3,4,334,Potential Customer,5,Barbie Rubi,9801.07
255,Keeley,Kruger,Female,2,1954-01-15,Desktop Support Technician,IT,Mass Customer,No,5.0,64.0,60-69,131 Northfield Parkway,3355.0,VIC,Australia,2.0,57,12,6813.82,2,4,4,244,Losing Customer,7,Keeley Kruger,14949.91
256,Linell,Beadle,Female,16,1975-05-07,Director of Sales,Health,High Net Worth,Yes,21.0,43.0,40-49,5130 Manley Court,2287.0,NSW,Australia,7.0,0,5,1728.6599999999999,4,2,1,421,Becoming Loyal,3,Linell Beadle,5861.16
257,Marissa,,Female,70,1966-02-08,Sales Associate,Manufacturing,Affluent Customer,Yes,19.0,52.0,50-59,879 Coolidge Point,2324.0,NSW,Australia,5.0,92,5,3650.53,1,2,3,123,Evasive Customer,10,Marissa,7616.05
258,Othella,Keher,Female,24,1992-05-03,Administrative Officer,Manufacturing,High Net Worth,No,9.0,26.0,20-29,6759 Nevada Point,2323.0,NSW,Australia,6.0,18,5,1642.58,3,2,1,321,Late Bloomer,6,Othella Keher,4816.4
259,Venita,Dymick,Female,70,1983-07-22,Senior Developer,Health,High Net Worth,Yes,3.0,34.0,30-39,8208 Parkside Point,2320.0,NSW,Australia,6.0,27,4,2124.65,3,1,2,312,Late Bloomer,6,Venita Dymick,5329.9400000000005
260,Farand,Marriner,Female,47,1979-08-30,Senior Quality Engineer,Health,High Net Worth,Yes,22.0,38.0,30-39,15 Straubel Way,4680.0,QLD,Australia,2.0,8,9,3381.41,4,4,3,443,Very Loyal,2,Farand Marriner,8587.0
261,Marve,Pryn,Male,74,1977-10-15,Structural Engineer,Unknown,Mass Customer,No,8.0,40.0,40-49,7 Eastlawn Street,2346.0,NSW,Australia,1.0,50,9,4033.1499999999996,2,4,3,243,Losing Customer,7,Marve Pryn,9137.67
262,Cordie,Petrelli,Male,97,1977-12-23,Unknown,Health,High Net Worth,Yes,10.0,40.0,40-49,42067 Duke Terrace,2031.0,NSW,Australia,10.0,10,5,2117.8599999999997,4,2,2,422,Becoming Loyal,3,Cordie Petrelli,4597.37
263,Tonia,Leigh,Female,89,1985-11-19,Dental Hygienist,Health,High Net Worth,No,7.0,32.0,30-39,50 Everett Way,2064.0,NSW,Australia,9.0,46,7,3476.94,2,3,3,233,Losing Customer,7,Tonia Leigh,7902.84
264,Jedd,Spiby,Male,31,1977-12-07,Technical Writer,Health,Mass Customer,No,11.0,40.0,40-49,454 Green Ridge Avenue,2176.0,NSW,Australia,10.0,130,4,198.13999999999996,1,1,1,111,Lost Customer,11,Jedd Spiby,2790.3
265,Pennie,Stoile,Male,74,1965-10-05,Sales Representative,Retail,High Net Worth,Yes,18.0,52.0,50-59,19220 Evergreen Crossing,3195.0,VIC,Australia,9.0,79,4,2692.9100000000003,2,1,2,212,High Risk Customer,8,Pennie Stoile,4809.14
266,Lelia,Garatty,Female,69,1989-07-19,Account Executive,Retail,Affluent Customer,No,18.0,28.0,20-29,109 Tomscot Avenue,2010.0,NSW,Australia,10.0,32,4,1742.83,3,1,1,311,Late Bloomer,6,Lelia Garatty,4191.43
267,Edgar,Buckler,Unknown,53,,Unknown,IT,High Net Worth,No,,,,48 Arizona Drive,2768.0,NSW,Australia,10.0,130,4,2337.9900000000002,1,1,2,112,Evasive Customer,10,Edgar Buckler,5029.25
268,Kacie,Kidston,Female,60,1978-10-18,Chemical Engineer,Manufacturing,Mass Customer,No,10.0,39.0,30-39,92 Lyons Place,2752.0,NSW,Australia,9.0,69,4,2713.19,2,1,2,212,High Risk Customer,8,Kacie Kidston,5104.56
269,Zacherie,Grindley,Male,55,1954-09-19,Nurse Practicioner,Property,Mass Customer,Yes,9.0,63.0,60-69,47 Jana Junction,3802.0,VIC,Australia,7.0,168,5,1668.85,1,2,1,121,Evasive Customer,10,Zacherie Grindley,5215.37
270,Auberta,Roundtree,Female,38,1970-12-10,Budget/Accounting Analyst III,Unknown,Mass Customer,Yes,17.0,47.0,40-49,90173 Oneill Place,3071.0,VIC,Australia,10.0,7,7,4625.21,4,3,4,434,Very Loyal,2,Auberta Roundtree,7413.610000000001
271,Doll,Burtwell,Female,51,1991-02-13,Financial Advisor,Financial Services,Mass Customer,No,4.0,27.0,20-29,6262 Elgar Avenue,4735.0,QLD,Australia,2.0,202,2,1026.2700000000002,1,1,1,111,Lost Customer,11,Doll Burtwell,2293.0200000000004
272,Arlie,Crean,Female,22,1987-06-06,Product Engineer,Retail,Mass Customer,Yes,1.0,31.0,30-39,5668 Corscot Circle,2065.0,NSW,Australia,12.0,91,7,3842.0699999999993,1,3,3,133,Almost Lost Customer,9,Arlie Crean,7345.17
273,Nevile,Abraham,Male,54,1963-04-22,Computer Systems Analyst IV,Unknown,Mass Customer,No,19.0,55.0,50-59,8 Texas Plaza,3081.0,VIC,Australia,9.0,28,10,6519.24,3,4,4,344,Recent Customer,4,Nevile Abraham,11372.24
274,Tessi,Hesse,Female,66,1976-09-15,Social Worker,Health,Mass Customer,Yes,14.0,41.0,40-49,32062 Oak Terrace,3205.0,VIC,Australia,8.0,149,4,790.0600000000001,1,1,1,111,Lost Customer,11,Tessi Hesse,2597.6800000000003
275,Dud,,Male,7,1955-07-27,VP Sales,Health,High Net Worth,No,13.0,62.0,60-69,07158 Roth Pass,2165.0,NSW,Australia,4.0,132,7,4141.68,1,3,3,133,Almost Lost Customer,9,Dud,8902.17
276,Goldi,Dwine,Female,47,1990-03-25,Unknown,Financial Services,Mass Customer,No,22.0,28.0,20-29,370 Portage Parkway,3125.0,VIC,Australia,8.0,3,6,1107.9499999999998,4,2,1,421,Becoming Loyal,3,Goldi Dwine,6112.08
277,Jehanna,Alvarado,Female,69,1956-02-19,VP Product Management,Unknown,High Net Worth,No,15.0,62.0,60-69,19795 Bultman Circle,4214.0,QLD,Australia,8.0,21,4,1967.13,3,1,2,312,Late Bloomer,6,Jehanna Alvarado,4539.22
278,Sydney,Georger,Male,22,1997-07-30,Executive Secretary,Unknown,Affluent Customer,Yes,4.0,20.0,20-29,3 Corscot Crossing,2030.0,NSW,Australia,12.0,248,1,827.1599999999999,1,1,1,111,Lost Customer,11,Sydney Georger,1228.07
279,Tamera,Hinckes,Female,0,1981-09-09,Web Designer I,Manufacturing,Mass Customer,No,11.0,36.0,30-39,34 Kim Center,2036.0,NSW,Australia,11.0,14,6,2455.9300000000003,4,2,2,422,Becoming Loyal,3,Tamera Hinckes,3817.17
280,Welch,MacAllaster,Male,15,1995-03-22,Geologist I,Unknown,Affluent Customer,Yes,5.0,23.0,20-29,8 Starling Pass,2767.0,NSW,Australia,8.0,43,11,7360.53,3,4,4,344,Recent Customer,4,Welch MacAllaster,12587.58
281,Jeanette,Sizzey,Female,51,1972-12-27,Cost Accountant,Financial Services,High Net Worth,Yes,8.0,45.0,40-49,36 Vidon Parkway,2798.0,NSW,Australia,6.0,9,4,2233.67,4,1,2,412,Recent Customer,4,Jeanette Sizzey,3537.46
282,Lauren,Curcher,Male,82,1989-10-27,VP Quality Control,Argiculture,High Net Worth,Yes,11.0,28.0,20-29,8 Riverside Place,4211.0,QLD,Australia,5.0,69,2,624.15,2,1,1,211,Almost Lost Customer,9,Lauren Curcher,2565.84
283,Sari,Noye,Female,34,1991-02-04,Assistant Manager,Retail,Mass Customer,No,2.0,27.0,20-29,28604 Bellgrove Circle,4508.0,QLD,Australia,6.0,91,6,4926.57,1,2,4,124,Almost Lost Customer,9,Sari Noye,8380.59
284,Seth,Moorman,Male,38,1986-04-11,Financial Analyst,Financial Services,High Net Worth,Yes,9.0,32.0,30-39,2 Cottonwood Road,2032.0,NSW,Australia,11.0,133,5,3251.4199999999996,1,2,3,123,Evasive Customer,10,Seth Moorman,5874.839999999999
285,Julee,Janovsky,Female,3,1977-11-19,Community Outreach Specialist,Manufacturing,Mass Customer,No,12.0,40.0,40-49,58 Parkside Hill,2117.0,NSW,Australia,12.0,7,6,2626.74,4,2,2,422,Becoming Loyal,3,Julee Janovsky,6725.29
286,Kiley,Canaan,Male,99,1989-08-01,Accounting Assistant II,Manufacturing,Affluent Customer,Yes,11.0,28.0,20-29,747 Thackeray Circle,4551.0,QLD,Australia,7.0,155,3,1737.19,1,1,1,111,Lost Customer,11,Kiley Canaan,4424.7
288,Ebenezer,Seedman,Male,71,1985-09-08,Unknown,Manufacturing,High Net Worth,No,9.0,32.0,30-39,071 Cardinal Point,3064.0,VIC,Australia,7.0,44,4,1808.7299999999996,3,1,1,311,Late Bloomer,6,Ebenezer Seedman,3936.5699999999997
289,Modestia,Lithgow,Female,43,1970-04-12,Clinical Specialist,Health,High Net Worth,No,10.0,48.0,40-49,7169 North Lane,2023.0,NSW,Australia,9.0,44,10,3924.11,3,4,3,343,Potential Customer,5,Modestia Lithgow,11383.07
290,Giorgio,Kevane,Unknown,42,,Senior Sales Associate,IT,Mass Customer,No,,,,6923 Tennessee Circle,2766.0,NSW,Australia,9.0,11,5,3368.2799999999997,4,2,3,423,Becoming Loyal,3,Giorgio Kevane,5912.93
291,Aime,Burston,Female,63,1971-10-22,Assistant Media Planner,Entertainment,Mass Customer,No,4.0,46.0,40-49,8207 Cascade Court,3810.0,VIC,Australia,5.0,40,2,605.01,3,1,1,311,Late Bloomer,6,Aime Burston,983.55
292,Gelya,Gerant,Female,42,1961-11-24,VP Product Management,Unknown,Affluent Customer,Yes,9.0,56.0,50-59,2 Brentwood Place,4151.0,QLD,Australia,8.0,58,7,3631.6000000000004,2,3,3,233,Losing Customer,7,Gelya Gerant,8825.97
293,Virgilio,Willcocks,Male,80,1989-12-10,Administrative Assistant III,Manufacturing,Mass Customer,Yes,20.0,28.0,20-29,00 5th Lane,2830.0,NSW,Australia,2.0,10,5,1991.9300000000003,4,2,2,422,Becoming Loyal,3,Virgilio Willcocks,5175.56
294,Magnum,Slowan,Male,39,1959-04-01,Recruiting Manager,Unknown,High Net Worth,No,5.0,59.0,50-59,807 Beilfuss Crossing,3030.0,VIC,Australia,7.0,115,7,5509.67,1,3,4,134,Almost Lost Customer,9,Magnum Slowan,8719.14
295,Lena,Chape,Female,64,1964-12-26,Database Administrator II,Unknown,Mass Customer,Yes,18.0,53.0,50-59,76 Graedel Street,4812.0,QLD,Australia,6.0,34,7,4539.9,3,3,4,334,Potential Customer,5,Lena Chape,5956.46
296,Marshal,Rathbone,Male,34,1972-06-19,Unknown,Health,High Net Worth,Yes,17.0,46.0,40-49,29886 Crownhardt Crossing,2141.0,NSW,Australia,8.0,8,3,2515.29,4,1,2,412,Recent Customer,4,Marshal Rathbone,4016.36
297,Cecile,MacLise,Female,33,1959-04-27,Electrical Engineer,Manufacturing,High Net Worth,No,16.0,59.0,50-59,1 Drewry Junction,3810.0,VIC,Australia,7.0,8,4,3599.1800000000003,4,1,3,413,Recent Customer,4,Cecile MacLise,5674.71
298,Maurise,Lenglet,Male,69,1956-08-15,Engineer I,Manufacturing,High Net Worth,No,9.0,61.0,60-69,83 Brickson Park Drive,3029.0,VIC,Australia,8.0,8,11,5285.59,4,4,4,444,Platinum Customer,1,Maurise Lenglet,12420.52
299,Corabelle,Hartnell,Female,80,1956-09-15,Budget/Accounting Analyst I,Financial Services,Mass Customer,Yes,7.0,61.0,60-69,95 Almo Junction,2173.0,NSW,Australia,9.0,92,7,6897.920000000001,1,3,4,134,Almost Lost Customer,9,Corabelle Hartnell,10296.12
300,Malachi,Hadcroft,Male,88,1956-06-22,Clinical Specialist,Health,Mass Customer,No,9.0,62.0,60-69,08 Golf View Plaza,3199.0,VIC,Australia,9.0,156,5,3475.8999999999996,1,2,3,123,Evasive Customer,10,Malachi Hadcroft,7003.74
301,Hildy,Bilbrook,Female,54,1980-10-10,Developer IV,Manufacturing,High Net Worth,No,19.0,37.0,30-39,6170 Buena Vista Way,2320.0,NSW,Australia,7.0,93,2,89.71000000000001,1,1,1,111,Lost Customer,11,Hildy Bilbrook,361.78
302,Laurice,Colgrave,Female,32,1977-03-27,Unknown,Health,Mass Customer,No,13.0,41.0,40-49,0 Orin Place,4506.0,QLD,Australia,7.0,276,2,255.41000000000014,1,1,1,111,Lost Customer,11,Laurice Colgrave,2024.93
303,Shane,Smetoun,Female,59,1974-08-15,Assistant Professor,Argiculture,Mass Customer,Yes,14.0,43.0,40-49,20924 Banding Crossing,2516.0,NSW,Australia,9.0,43,3,3247.08,3,1,3,313,Late Bloomer,6,Shane Smetoun,3874.1800000000003
304,Paddy,Mumbray,Male,36,1969-03-27,VP Marketing,Manufacturing,Mass Customer,Yes,15.0,49.0,40-49,91193 Petterle Road,2035.0,NSW,Australia,11.0,80,9,2785.0400000000004,2,4,2,242,Losing Customer,7,Paddy Mumbray,7284.7
305,Cris,Chellam,Female,1,1974-03-17,Financial Analyst,Financial Services,Mass Customer,No,11.0,44.0,40-49,01459 Fremont Place,2747.0,NSW,Australia,4.0,33,7,2700.8799999999997,3,3,2,332,Potential Customer,5,Cris Chellam,6385.26
306,Ruy,Adanet,Male,19,1973-08-02,Registered Nurse,Health,High Net Worth,No,18.0,44.0,40-49,58 Spenser Circle,3030.0,VIC,Australia,3.0,123,2,239.35000000000002,1,1,1,111,Lost Customer,11,Ruy Adanet,1362.46
307,Ruben,Handlin,Male,55,1984-08-18,Clinical Specialist,Health,Affluent Customer,Yes,12.0,33.0,30-39,93 Lawn Park,3152.0,VIC,Australia,9.0,15,8,3465.6099999999997,4,4,3,443,Very Loyal,2,Ruben Handlin,8042.1900000000005
308,Iver,Dobsons,Male,2,1983-03-09,Database Administrator I,IT,High Net Worth,No,4.0,35.0,30-39,5982 Mosinee Avenue,3340.0,VIC,Australia,5.0,25,6,4086.2099999999996,3,2,3,323,Potential Customer,5,Iver Dobsons,7432.02
309,Maurizia,Ligerton,Female,53,1974-10-02,Clinical Specialist,Health,Mass Customer,Yes,21.0,43.0,40-49,37006 Hoard Circle,3182.0,VIC,Australia,7.0,9,4,2208.58,4,1,2,412,Recent Customer,4,Maurizia Ligerton,5475.93
310,Myranda,Clowser,Female,0,1985-02-13,Account Coordinator,Financial Services,Mass Customer,Yes,18.0,33.0,30-39,06 Corry Pass,2450.0,NSW,Australia,9.0,8,7,4744.19,4,3,4,434,Very Loyal,2,Myranda Clowser,9065.04
311,Jaimie,Halms,Female,86,1957-08-16,Internal Auditor,Health,High Net Worth,No,12.0,60.0,60-69,099 Nova Plaza,2227.0,NSW,Australia,10.0,61,6,4054.4800000000005,2,2,3,223,High Risk Customer,8,Jaimie Halms,7559.06
312,Garek,Prattin,Male,44,1958-03-17,Desktop Support Technician,Financial Services,Affluent Customer,Yes,6.0,60.0,60-69,252 Mockingbird Plaza,2216.0,NSW,Australia,10.0,13,6,5001.71,4,2,4,424,Becoming Loyal,3,Garek Prattin,7564.12
313,Theo,McKune,Male,70,1987-12-22,Operator,Manufacturing,Mass Customer,Yes,13.0,30.0,30-39,990 Kensington Park,3796.0,VIC,Australia,8.0,17,6,3186.6300000000006,4,2,3,423,Becoming Loyal,3,Theo McKune,8979.0
314,Catie,Advani,Female,27,1962-08-25,Marketing Assistant,Retail,High Net Worth,Yes,5.0,55.0,50-59,706 Anniversary Alley,3064.0,VIC,Australia,3.0,20,8,3200.1500000000005,3,4,3,343,Potential Customer,5,Catie Advani,6264.7300000000005
315,Lisa,Odlin,Female,67,1958-04-16,Chief Design Engineer,Manufacturing,Affluent Customer,No,12.0,60.0,60-69,52 Corben Place,3197.0,VIC,Australia,10.0,27,9,2200.11,3,4,2,342,Potential Customer,5,Lisa Odlin,7677.51
316,Genni,Larway,Female,72,1976-06-01,Environmental Specialist,Manufacturing,Mass Customer,Yes,10.0,42.0,40-49,4270 Loeprich Lane,3064.0,VIC,Australia,7.0,11,4,2158.71,4,1,2,412,Recent Customer,4,Genni Larway,3813.84
317,Elicia,Dahler,Female,26,1974-02-10,Automation Specialist II,Entertainment,Mass Customer,Yes,14.0,44.0,40-49,2 Clyde Gallagher Drive,2232.0,NSW,Australia,10.0,51,5,3537.3900000000003,2,2,3,223,High Risk Customer,8,Elicia Dahler,6692.47
318,Libbie,Castelin,Female,21,1969-05-19,Programmer III,Retail,Affluent Customer,Yes,18.0,49.0,40-49,671 American Ash Way,2365.0,NSW,Australia,2.0,9,7,3632.1800000000003,4,3,3,433,Very Loyal,2,Libbie Castelin,9276.07
319,Madelle,Matteris,Female,32,1971-10-11,Unknown,Retail,Mass Customer,Yes,14.0,46.0,40-49,93 American Ash Avenue,2747.0,NSW,Australia,8.0,71,5,3955.91,2,2,3,223,High Risk Customer,8,Madelle Matteris,7051.54
320,Aldous,Cubin,Male,19,1997-02-09,Registered Nurse,Health,Mass Customer,No,4.0,21.0,20-29,1108 Nevada Junction,4701.0,QLD,Australia,2.0,12,10,7204.66,4,4,4,444,Platinum Customer,1,Aldous Cubin,11721.06
321,Christean,Finnes,Female,58,1973-09-15,Marketing Manager,Unknown,Mass Customer,No,18.0,44.0,40-49,41 Spaight Road,4503.0,QLD,Australia,5.0,12,5,2006.1799999999998,4,2,2,422,Becoming Loyal,3,Christean Finnes,5405.99
322,De,Denington,Female,19,1977-03-10,Research Associate,Financial Services,Mass Customer,Yes,11.0,41.0,40-49,5 Schurz Place,4350.0,QLD,Australia,6.0,1,12,10341.57,4,4,4,444,Platinum Customer,1,De Denington,14782.23
323,Celka,Goodrich,Female,54,1973-06-04,Senior Developer,Health,Mass Customer,Yes,7.0,45.0,40-49,82 8th Alley,4210.0,QLD,Australia,9.0,35,6,2020.73,3,2,2,322,Late Bloomer,6,Celka Goodrich,4992.110000000001
324,Franz,Lyptrit,Male,97,1986-08-05,Computer Systems Analyst I,IT,Mass Customer,Yes,15.0,31.0,30-39,84 Lawn Way,2223.0,NSW,Australia,9.0,21,5,1779.7,3,2,1,321,Late Bloomer,6,Franz Lyptrit,2711.14
325,Anthia,Ghilardini,Female,98,1971-09-26,Computer Systems Analyst I,Financial Services,Affluent Customer,Yes,17.0,46.0,40-49,0 Coolidge Avenue,4122.0,QLD,Australia,8.0,133,7,4465.08,1,3,4,134,Almost Lost Customer,9,Anthia Ghilardini,9377.09
326,Guenna,Spensly,Female,74,1980-02-16,Help Desk Operator,Financial Services,Mass Customer,No,6.0,38.0,30-39,0 Graceland Plaza,2515.0,NSW,Australia,10.0,161,3,1201.2499999999998,1,1,1,111,Lost Customer,11,Guenna Spensly,3419.08
327,Cris,Richfield,Female,10,1968-07-24,Design Engineer,Health,Mass Customer,No,12.0,49.0,40-49,8717 Mandrake Place,4214.0,QLD,Australia,8.0,16,5,3498.6299999999997,4,2,3,423,Becoming Loyal,3,Cris Richfield,6108.21
328,Bernice,Kings,Female,87,1991-04-11,Senior Developer,Manufacturing,Mass Customer,No,12.0,27.0,20-29,2 Thierer Lane,3437.0,VIC,Australia,8.0,4,8,2357.8,4,4,2,442,Very Loyal,2,Bernice Kings,5739.53
329,Garvy,Berthel,Male,25,1984-11-20,Account Representative IV,Entertainment,High Net Worth,Yes,12.0,33.0,30-39,19507 Red Cloud Park,3338.0,VIC,Australia,4.0,34,6,3618.01,3,2,3,323,Potential Customer,5,Garvy Berthel,5425.24
330,Port,Pancost,Male,78,1959-06-03,Recruiting Manager,Manufacturing,High Net Worth,Yes,7.0,59.0,50-59,3 Golf Course Avenue,2203.0,NSW,Australia,9.0,107,6,5296.799999999999,1,2,4,124,Almost Lost Customer,9,Port Pancost,8513.2
331,Ford,Groucock,Male,87,1998-09-23,Desktop Support Technician,Health,Mass Customer,Yes,3.0,19.0,Under 20,042 Bunker Hill Avenue,2088.0,NSW,Australia,8.0,82,7,4404.67,2,3,4,234,Losing Customer,7,Ford Groucock,8593.36
332,Liza,Trouel,Female,23,1978-08-19,Registered Nurse,Health,High Net Worth,No,14.0,39.0,30-39,45793 Nancy Plaza,4226.0,QLD,Australia,8.0,263,2,239.35000000000002,1,1,1,111,Lost Customer,11,Liza Trouel,1362.46
333,Debbi,Doohey,Female,25,1965-06-20,Sales Associate,Financial Services,Affluent Customer,Yes,8.0,53.0,50-59,314 Northland Plaza,4213.0,QLD,Australia,5.0,22,7,3320.1000000000004,3,3,3,333,Potential Customer,5,Debbi Doohey,6422.91
334,Fredi,Iannuzzelli,Female,71,1999-05-20,Financial Advisor,Financial Services,Affluent Customer,Yes,3.0,19.0,Under 20,3093 Mockingbird Place,3356.0,VIC,Australia,2.0,56,6,2127.59,2,2,2,222,High Risk Customer,8,Fredi Iannuzzelli,6125.9
335,Debee,Martynov,Female,20,1983-04-19,Senior Editor,Unknown,Affluent Customer,No,8.0,35.0,30-39,82 Mcbride Trail,3223.0,VIC,Australia,6.0,24,2,456.9899999999999,3,1,1,311,Late Bloomer,6,Debee Martynov,2234.34
336,Georgiana,Wallington,Female,91,1980-01-06,Unknown,Manufacturing,High Net Worth,No,3.0,38.0,30-39,24044 Bonner Hill,3032.0,VIC,Australia,8.0,82,5,2598.16,2,2,2,222,High Risk Customer,8,Georgiana Wallington,3711.9500000000003
337,Shaylah,Urquhart,Female,67,1979-10-08,Statistician IV,Argiculture,High Net Worth,Yes,12.0,38.0,30-39,1 Rowland Circle,3105.0,VIC,Australia,10.0,37,6,3388.8199999999997,3,2,3,323,Potential Customer,5,Shaylah Urquhart,5855.57
338,Hilliary,Littrell,Female,33,1958-03-14,Unknown,Health,Mass Customer,No,19.0,60.0,60-69,7 Arapahoe Pass,3101.0,VIC,Australia,12.0,10,7,2343.71,4,3,2,432,Becoming Loyal,3,Hilliary Littrell,8578.51
339,Nanny,Casero,Female,56,1980-01-11,Human Resources Manager,Health,Mass Customer,No,12.0,38.0,30-39,7905 Spaight Alley,2763.0,NSW,Australia,8.0,58,5,4327.24,2,2,4,224,Losing Customer,7,Nanny Casero,6459.18
340,Joshuah,Purvey,Male,39,1973-07-31,Unknown,Argiculture,Mass Customer,Yes,17.0,44.0,40-49,8 Grayhawk Circle,2089.0,NSW,Australia,10.0,30,8,2781.3599999999997,3,4,2,342,Potential Customer,5,Joshuah Purvey,8079.91
341,Jeremiah,Wasling,Male,10,1976-08-25,GIS Technical Architect,Financial Services,Mass Customer,No,5.0,41.0,40-49,3 Lyons Road,2759.0,NSW,Australia,8.0,134,2,955.0799999999999,1,1,1,111,Lost Customer,11,Jeremiah Wasling,3532.9399999999996
342,Winslow,Hammant,Male,40,1987-05-19,Programmer IV,Health,High Net Worth,No,2.0,31.0,30-39,72419 Eagan Road,2040.0,NSW,Australia,10.0,93,4,667.1499999999999,1,1,1,111,Lost Customer,11,Winslow Hammant,2455.7599999999998
343,Nicole,Johananoff,Female,76,1957-08-14,Recruiter,Property,Affluent Customer,No,13.0,60.0,60-69,6860 Green Ridge Avenue,2126.0,NSW,Australia,11.0,133,8,3914.16,1,4,3,143,Almost Lost Customer,9,Nicole Johananoff,9085.16
344,Carlene,Eyckelbeck,Female,91,1973-07-18,Unknown,Unknown,High Net Worth,Yes,4.0,44.0,40-49,85 Straubel Park,2147.0,NSW,Australia,9.0,8,9,8101.26,4,4,4,444,Platinum Customer,1,Carlene Eyckelbeck,11386.87
345,Tish,Oleksiak,Female,74,1989-02-03,Senior Sales Associate,Health,High Net Worth,Yes,17.0,29.0,20-29,08 Ronald Regan Plaza,2251.0,NSW,Australia,9.0,19,7,3971.46,3,3,3,333,Potential Customer,5,Tish Oleksiak,7446.139999999999
346,Timmie,Eisikowitz,Male,68,1981-03-15,Financial Analyst,Financial Services,Mass Customer,No,3.0,37.0,30-39,44621 Linden Drive,2155.0,NSW,Australia,10.0,12,9,6420.7,4,4,4,444,Platinum Customer,1,Timmie Eisikowitz,8874.36
347,Berkly,Grishinov,Male,50,1965-06-06,Marketing Manager,Financial Services,Mass Customer,No,9.0,53.0,50-59,3 Moulton Lane,2153.0,NSW,Australia,9.0,59,7,8326.369999999999,2,3,4,234,Losing Customer,7,Berkly Grishinov,12360.26
348,Gan,Devoy,Male,20,1980-11-01,Assistant Professor,Retail,Mass Customer,Yes,9.0,37.0,30-39,7633 Mayer Plaza,2768.0,NSW,Australia,10.0,125,6,2071.99,1,2,2,122,Evasive Customer,10,Gan Devoy,5562.58
349,Vinnie,Usherwood,Female,35,1981-04-15,Computer Systems Analyst IV,Manufacturing,High Net Worth,No,4.0,37.0,30-39,98 Westerfield Trail,3127.0,VIC,Australia,11.0,166,5,1669.26,1,2,1,121,Evasive Customer,10,Vinnie Usherwood,4619.93
350,Carmela,Jesper,Female,47,1977-12-09,Clinical Specialist,Health,Mass Customer,Yes,9.0,40.0,40-49,1826 Hazelcrest Park,3087.0,VIC,Australia,9.0,4,6,1008.7100000000003,4,2,1,421,Becoming Loyal,3,Carmela Jesper,4728.13
351,Dev,Hafner,Male,69,1999-05-12,Pharmacist,Health,Mass Customer,Yes,2.0,19.0,Under 20,98 Sutteridge Point,3131.0,VIC,Australia,10.0,11,2,1438.6200000000001,4,1,1,411,Recent Customer,4,Dev Hafner,2832.11
352,Orrin,Finding,Male,12,1979-07-08,Sales Representative,Retail,Mass Customer,No,4.0,38.0,30-39,6 Sunbrook Center,4350.0,QLD,Australia,6.0,25,6,4404.4,3,2,4,324,Potential Customer,5,Orrin Finding,8533.27
353,Antonia,Cardis,Female,9,1980-10-09,Information Systems Manager,Unknown,Mass Customer,No,3.0,37.0,30-39,143 Elka Circle,3134.0,VIC,Australia,9.0,23,11,6792.83,3,4,4,344,Recent Customer,4,Antonia Cardis,13721.09
354,Mavra,Donavan,Female,87,1980-11-26,Legal Assistant,Property,Mass Customer,No,9.0,37.0,30-39,0293 Porter Crossing,2830.0,NSW,Australia,5.0,67,6,3101.72,2,2,3,223,High Risk Customer,8,Mavra Donavan,5392.11
355,Stacy,Gullane,Female,97,1979-06-01,Database Administrator II,Retail,Mass Customer,Yes,3.0,39.0,30-39,7447 Nevada Park,2193.0,NSW,Australia,8.0,45,5,2662.75,2,2,2,222,High Risk Customer,8,Stacy Gullane,4674.02
356,Nichole,,Female,10,1975-03-30,Librarian,Entertainment,High Net Worth,No,5.0,43.0,40-49,7 Park Meadow Drive,4055.0,QLD,Australia,3.0,61,5,2358.0,2,2,2,222,High Risk Customer,8,Nichole,5765.9
357,Betta,Shrimpton,Female,21,1969-01-25,Director of Sales,Unknown,Affluent Customer,No,18.0,49.0,40-49,780 Carberry Place,3199.0,VIC,Australia,9.0,15,8,4455.49,4,4,4,444,Platinum Customer,1,Betta Shrimpton,8779.220000000001
358,Kippie,Crimpe,Female,54,1985-12-27,Accounting Assistant IV,Unknown,Mass Customer,No,18.0,32.0,30-39,5337 Dennis Pass,2170.0,NSW,Australia,9.0,70,2,1405.99,2,1,1,211,Almost Lost Customer,9,Kippie Crimpe,2129.82
359,Dulcine,Gauson,Female,2,1958-11-28,Legal Assistant,Manufacturing,Affluent Customer,Yes,6.0,59.0,50-59,7 Debs Point,2322.0,NSW,Australia,4.0,8,10,2921.7599999999998,4,4,3,443,Very Loyal,2,Dulcine Gauson,8564.63
360,Atalanta,Starbucke,Female,64,1956-04-02,Staff Scientist,Property,Mass Customer,Yes,19.0,62.0,60-69,708 Russell Parkway,2530.0,NSW,Australia,7.0,8,5,5070.23,4,2,4,424,Becoming Loyal,3,Atalanta Starbucke,6069.39
361,Stephana,Minero,Female,59,1999-03-27,Software Engineer IV,Health,Mass Customer,Yes,2.0,19.0,Under 20,66286 Homewood Alley,2075.0,NSW,Australia,11.0,146,7,3428.15,1,3,3,133,Almost Lost Customer,9,Stephana Minero,6592.67
362,Jamima,Pirolini,Female,47,1974-11-17,Software Engineer IV,Financial Services,High Net Worth,Yes,18.0,43.0,40-49,8728 Express Way,2340.0,NSW,Australia,7.0,0,5,1473.04,4,2,1,421,Becoming Loyal,3,Jamima Pirolini,3486.48
363,Sabrina,Caddy,Female,82,1988-03-04,Project Manager,Retail,Mass Customer,Yes,7.0,30.0,30-39,93583 Moland Way,2066.0,NSW,Australia,12.0,14,6,9458.169999999998,4,2,4,424,Becoming Loyal,3,Sabrina Caddy,11621.14
364,Leontyne,Simpkiss,Female,96,1976-09-30,Database Administrator III,Financial Services,Affluent Customer,No,11.0,41.0,40-49,18264 Maryland Way,4217.0,QLD,Australia,9.0,11,6,3329.9700000000003,4,2,3,423,Becoming Loyal,3,Leontyne Simpkiss,6791.39
365,Romona,Capitano,Female,98,1976-06-27,VP Quality Control,Property,High Net Worth,No,15.0,42.0,40-49,411 Homewood Lane,4020.0,QLD,Australia,5.0,50,7,4724.039999999999,2,3,4,234,Losing Customer,7,Romona Capitano,8188.29
366,Constance,Ucchino,Female,7,1954-01-08,Librarian,Entertainment,High Net Worth,No,19.0,64.0,60-69,8 Mariners Cove Drive,2096.0,NSW,Australia,10.0,115,6,2692.7,1,2,2,122,Evasive Customer,10,Constance Ucchino,5867.110000000001
367,Katrinka,Sturrock,Female,93,1985-02-17,Programmer II,Manufacturing,Mass Customer,Yes,12.0,33.0,30-39,279 Jenna Circle,2179.0,NSW,Australia,12.0,43,6,3634.4500000000003,3,2,3,323,Potential Customer,5,Katrinka Sturrock,7014.01
368,Lacee,Roan,Female,32,1986-11-26,Unknown,Financial Services,High Net Worth,No,6.0,31.0,30-39,382 Maywood Parkway,4127.0,QLD,Australia,6.0,13,9,3939.7299999999996,4,4,3,443,Very Loyal,2,Lacee Roan,9300.06
369,Alic,Trenear,Male,19,1991-08-24,Actuary,Financial Services,Mass Customer,Yes,9.0,26.0,20-29,6085 Petterle Circle,3130.0,VIC,Australia,10.0,101,8,3931.7699999999995,1,4,3,143,Almost Lost Customer,9,Alic Trenear,9536.35
370,Trstram,Bondesen,Male,91,1998-07-27,Unknown,Telecommunications,Affluent Customer,Yes,3.0,19.0,Under 20,06324 Michigan Trail,4570.0,QLD,Australia,4.0,111,7,3290.26,1,3,3,133,Almost Lost Customer,9,Trstram Bondesen,7633.95
371,Pernell,Favelle,Male,7,1954-07-06,Systems Administrator III,Financial Services,Mass Customer,No,7.0,63.0,60-69,92808 Mallard Terrace,3215.0,VIC,Australia,4.0,9,5,5004.52,4,2,4,424,Becoming Loyal,3,Pernell Favelle,6859.8
372,Moina,Thumim,Female,19,1987-08-13,Graphic Designer,Property,Affluent Customer,Yes,4.0,30.0,30-39,841 Anderson Drive,3101.0,VIC,Australia,8.0,31,8,2598.13,3,4,2,342,Potential Customer,5,Moina Thumim,6870.42
373,Eva,Colenutt,Female,95,2000-08-26,Structural Analysis Engineer,Health,High Net Worth,Yes,1.0,17.0,Under 20,67884 Fair Oaks Parkway,3931.0,VIC,Australia,9.0,223,1,1103.43,1,1,1,111,Lost Customer,11,Eva Colenutt,1466.68
374,Valdemar,MacCoughen,Male,81,1992-01-22,Senior Financial Analyst,Financial Services,Mass Customer,Yes,8.0,26.0,20-29,1823 Judy Center,3165.0,VIC,Australia,10.0,13,6,5271.75,4,2,4,424,Becoming Loyal,3,Valdemar MacCoughen,7756.64
375,Salvidor,Renzo,Male,13,1976-08-23,Automation Specialist II,Manufacturing,Mass Customer,Yes,7.0,41.0,40-49,953 Eliot Crossing,2166.0,NSW,Australia,9.0,91,4,487.99999999999994,1,1,1,111,Lost Customer,11,Salvidor Renzo,3460.33
376,Marena,Brunotti,Female,60,1966-10-24,Financial Advisor,Financial Services,Mass Customer,Yes,19.0,51.0,50-59,90761 Shasta Pass,3936.0,VIC,Australia,7.0,43,3,368.1700000000001,3,1,1,311,Late Bloomer,6,Marena Brunotti,1981.8899999999999
377,Levy,Bonavia,Male,65,1999-05-19,Staff Scientist,Argiculture,Mass Customer,No,1.0,19.0,Under 20,259 Barnett Crossing,2265.0,NSW,Australia,5.0,6,13,4276.97,4,4,4,444,Platinum Customer,1,Levy Bonavia,11607.86
378,Raquela,Yuille,Female,98,1974-05-04,Senior Developer,Retail,Mass Customer,No,17.0,44.0,40-49,0 Brown Trail,2203.0,NSW,Australia,9.0,124,7,3236.3199999999997,1,3,3,133,Almost Lost Customer,9,Raquela Yuille,5827.91
379,Bert,Ainslie,Male,2,1980-03-13,Unknown,Manufacturing,High Net Worth,Yes,4.0,38.0,30-39,3467 Prairie Rose Lane,3034.0,VIC,Australia,7.0,145,2,640.9300000000001,1,1,1,111,Lost Customer,11,Bert Ainslie,2849.83
380,Teriann,Birdsey,Female,66,1956-05-15,Structural Engineer,Property,Mass Customer,No,17.0,62.0,60-69,24 Scoville Parkway,4670.0,QLD,Australia,1.0,35,8,6196.16,3,4,4,344,Recent Customer,4,Teriann Birdsey,10261.59
381,Leesa,Castleman,Female,99,1996-11-30,Sales Associate,Unknown,Affluent Customer,No,1.0,21.0,20-29,010 Namekagon Parkway,2062.0,NSW,Australia,12.0,2,8,4534.240000000001,4,4,4,444,Platinum Customer,1,Leesa Castleman,8019.8
382,Issiah,Fardell,Male,68,1985-08-14,Research Nurse,Health,Mass Customer,Yes,7.0,32.0,30-39,99826 Steensland Avenue,2162.0,NSW,Australia,5.0,35,7,1657.4499999999998,3,3,1,331,Potential Customer,5,Issiah Fardell,6536.92
383,Barclay,Shalders,Male,37,1978-07-15,Nurse Practicioner,Unknown,Affluent Customer,No,14.0,39.0,30-39,28809 Mesta Pass,4170.0,QLD,Australia,8.0,51,3,987.4899999999999,2,1,1,211,Almost Lost Customer,9,Barclay Shalders,3922.8999999999996
384,Friederike,Bestar,Female,70,1976-08-06,Unknown,Financial Services,Affluent Customer,No,17.0,41.0,40-49,201 Randy Parkway,3033.0,VIC,Australia,7.0,85,5,2917.5899999999997,2,2,3,223,High Risk Customer,8,Friederike Bestar,5068.24
385,Kendall,Humes,Male,69,1966-12-07,Project Manager,Health,High Net Worth,No,9.0,51.0,50-59,58211 Surrey Crossing,2170.0,NSW,Australia,9.0,78,9,5220.5199999999995,2,4,4,244,Losing Customer,7,Kendall Humes,10758.23
386,Ethelyn,Pincott,Female,63,1990-10-27,Senior Quality Engineer,Argiculture,Mass Customer,No,5.0,27.0,20-29,720 Menomonie Avenue,2749.0,NSW,Australia,8.0,66,5,2415.9700000000003,2,2,2,222,High Risk Customer,8,Ethelyn Pincott,5445.4400000000005
387,Spike,Thieme,Male,34,1977-02-19,Administrative Officer,Financial Services,Mass Customer,No,22.0,41.0,40-49,4604 Cordelia Drive,2144.0,NSW,Australia,10.0,31,3,3417.7799999999997,3,1,3,313,Late Bloomer,6,Spike Thieme,5303.1
388,Carlye,Bartle,Female,53,1966-05-25,Unknown,Financial Services,Mass Customer,Yes,11.0,52.0,50-59,3788 Service Trail,3805.0,VIC,Australia,8.0,55,3,1834.03,2,1,2,212,High Risk Customer,8,Carlye Bartle,2857.55
389,Dorene,Scrivner,Female,97,1975-04-27,Help Desk Operator,Entertainment,Affluent Customer,Yes,17.0,43.0,40-49,8 Holy Cross Center,2047.0,NSW,Australia,9.0,113,6,2123.26,1,2,2,122,Evasive Customer,10,Dorene Scrivner,3948.4300000000003
390,Royall,Slimings,Male,83,1997-11-25,Programmer Analyst II,Health,Affluent Customer,No,3.0,20.0,20-29,740 Calypso Drive,2100.0,NSW,Australia,10.0,76,5,1101.34,2,2,1,221,High Risk Customer,8,Royall Slimings,3465.8599999999997
391,Duffie,Woodier,Male,80,1970-03-25,Unknown,Argiculture,Mass Customer,No,16.0,48.0,40-49,9457 Arizona Plaza,2642.0,NSW,Australia,2.0,56,4,1315.06,2,1,1,211,Almost Lost Customer,9,Duffie Woodier,3132.87
392,Brandyn,Morrid,Male,38,1978-06-14,Safety Technician I,Property,Mass Customer,No,13.0,40.0,40-49,75 Bartillon Street,3228.0,VIC,Australia,8.0,101,7,5025.3099999999995,1,3,4,134,Almost Lost Customer,9,Brandyn Morrid,8157.6
393,Cesaro,Isbell,Male,35,1955-02-08,Associate Professor,Manufacturing,Mass Customer,Yes,9.0,63.0,60-69,7 Reinke Junction,2145.0,NSW,Australia,10.0,146,2,866.5799999999999,1,1,1,111,Lost Customer,11,Cesaro Isbell,2728.3599999999997
394,Roanne,Cowthard,Female,70,1977-06-06,Legal Assistant,Health,High Net Worth,Yes,16.0,41.0,40-49,7343 Washington Road,2287.0,NSW,Australia,5.0,45,8,5445.46,2,4,4,244,Losing Customer,7,Roanne Cowthard,7818.74
395,Penn,Burkinshaw,Male,28,1976-11-27,Data Coordiator,Retail,High Net Worth,Yes,9.0,41.0,40-49,3 Valley Edge Trail,3444.0,VIC,Australia,7.0,30,7,4597.740000000001,3,3,4,334,Potential Customer,5,Penn Burkinshaw,7802.49
396,Peria,Iscowitz,Female,98,1967-01-25,Systems Administrator III,Telecommunications,High Net Worth,Yes,16.0,51.0,50-59,32 Farragut Avenue,2076.0,NSW,Australia,11.0,29,6,4647.13,3,2,4,324,Potential Customer,5,Peria Iscowitz,6560.6900000000005
397,Nerissa,Foote,Female,86,1981-09-02,Paralegal,Financial Services,Affluent Customer,Yes,5.0,36.0,30-39,5 Florence Hill,4124.0,QLD,Australia,7.0,45,6,2618.0,2,2,2,222,High Risk Customer,8,Nerissa Foote,4641.1
398,Randee,Douberday,Female,20,1969-01-18,Unknown,Retail,Affluent Customer,No,11.0,49.0,40-49,095 Prairieview Circle,3191.0,VIC,Australia,12.0,12,7,938.4999999999998,4,3,1,431,Becoming Loyal,3,Randee Douberday,4446.48
399,Nickie,Neissen,Male,26,1976-07-18,Engineer III,Manufacturing,Affluent Customer,Yes,16.0,41.0,40-49,47226 Algoma Place,4305.0,QLD,Australia,3.0,93,5,4610.639999999999,1,2,4,124,Almost Lost Customer,9,Nickie Neissen,6823.9
400,Sibeal,Fellow,Female,86,1962-05-19,Financial Analyst,Financial Services,Mass Customer,No,5.0,56.0,50-59,564 Northview Junction,3195.0,VIC,Australia,11.0,134,5,2688.92,1,2,2,122,Evasive Customer,10,Sibeal Fellow,4266.01
401,Halette,Helling,Female,56,1986-12-11,Assistant Professor,Retail,Mass Customer,No,15.0,31.0,30-39,5359 Alpine Hill,2579.0,NSW,Australia,5.0,29,7,3643.0299999999997,3,3,3,333,Potential Customer,5,Halette Helling,7478.68
402,Berne,Donegan,Male,9,1977-06-03,Desktop Support Technician,Retail,Affluent Customer,No,22.0,41.0,40-49,586 Miller Parkway,2835.0,NSW,Australia,1.0,56,6,4965.429999999999,2,2,4,224,Losing Customer,7,Berne Donegan,8148.22
403,Easter,Laffoley-Lane,Female,40,1975-10-17,Graphic Designer,Unknown,Mass Customer,Yes,17.0,42.0,40-49,32571 Dixon Center,3337.0,VIC,Australia,3.0,56,6,3653.6899999999996,2,2,3,223,High Risk Customer,8,Easter Laffoley-Lane,6122.63
404,Sinclair,Sustins,Male,92,1995-12-17,Geologist I,Financial Services,Affluent Customer,Yes,4.0,22.0,20-29,333 Bunting Crossing,2536.0,NSW,Australia,4.0,18,9,4965.7,3,4,4,344,Recent Customer,4,Sinclair Sustins,9330.26
405,Vivien,Urion,Female,19,1971-09-28,Unknown,Manufacturing,High Net Worth,Yes,14.0,46.0,40-49,1 Red Cloud Street,2770.0,NSW,Australia,8.0,14,6,3338.3399999999997,4,2,3,423,Becoming Loyal,3,Vivien Urion,7468.88
406,Rhona,Spilsburie,Female,58,1987-06-16,Financial Analyst,Financial Services,High Net Worth,No,12.0,31.0,30-39,07 New Castle Circle,2646.0,NSW,Australia,1.0,106,6,3486.1399999999994,1,2,3,123,Evasive Customer,10,Rhona Spilsburie,5892.509999999999
407,Chryste,Acum,Female,82,1979-01-12,Structural Analysis Engineer,Unknown,High Net Worth,Yes,15.0,39.0,30-39,78152 Harper Parkway,2756.0,NSW,Australia,8.0,9,9,4096.06,4,4,3,443,Very Loyal,2,Chryste Acum,7837.83
408,Kurtis,Baistow,Male,79,1991-08-31,Senior Financial Analyst,Financial Services,Affluent Customer,No,11.0,26.0,20-29,981 West Way,3133.0,VIC,Australia,10.0,17,5,3082.2799999999997,4,2,3,423,Becoming Loyal,3,Kurtis Baistow,5252.97
409,Tatiania,O'Kane,Female,84,1978-01-23,Executive Secretary,Health,Mass Customer,Yes,13.0,40.0,40-49,8 Monterey Plaza,2066.0,NSW,Australia,9.0,13,4,2267.84,4,1,2,412,Recent Customer,4,Tatiania O'Kane,3610.11
410,Alicia,Townend,Female,14,1990-04-09,Structural Engineer,Unknown,Mass Customer,Yes,11.0,28.0,20-29,25 Graceland Way,2750.0,NSW,Australia,8.0,6,7,2177.93,4,3,2,432,Becoming Loyal,3,Alicia Townend,5472.9
411,Cathyleen,Bern,Female,84,1977-03-31,Director of Sales,Financial Services,High Net Worth,No,12.0,41.0,40-49,41605 Mitchell Street,2750.0,NSW,Australia,8.0,187,5,2553.8300000000004,1,2,2,122,Evasive Customer,10,Cathyleen Bern,5130.24
412,Evanne,Feechum,Female,65,1960-04-23,Unknown,IT,High Net Worth,No,19.0,58.0,50-59,42 Upham Pass,4558.0,QLD,Australia,3.0,27,3,1055.03,3,1,1,311,Late Bloomer,6,Evanne Feechum,3041.12
413,Simone,Denys,Male,79,1957-12-22,VP Quality Control,Unknown,High Net Worth,Yes,19.0,60.0,60-69,17 Sunfield Road,2211.0,NSW,Australia,9.0,167,5,3822.8,1,2,3,123,Evasive Customer,10,Simone Denys,5306.63
414,Thorin,Grimoldby,Male,12,1976-07-16,Social Worker,Health,High Net Worth,No,10.0,41.0,40-49,84549 Jenifer Crossing,2570.0,NSW,Australia,8.0,47,6,2304.56,2,2,2,222,High Risk Customer,8,Thorin Grimoldby,4770.45
415,Conchita,Jeans,Female,20,1955-05-31,Senior Financial Analyst,Financial Services,Affluent Customer,Yes,18.0,63.0,60-69,5449 Jenna Road,2170.0,NSW,Australia,9.0,248,2,1490.77,1,1,1,111,Lost Customer,11,Conchita Jeans,3670.0
416,Dory,Barnsdall,Female,14,1997-06-23,Software Consultant,Unknown,Mass Customer,Yes,1.0,21.0,20-29,05 Butternut Crossing,4552.0,QLD,Australia,4.0,88,4,2348.41,1,1,2,112,Evasive Customer,10,Dory Barnsdall,3114.4700000000003
417,Fernandina,Brambley,Female,37,1971-02-17,Biostatistician IV,Argiculture,Mass Customer,No,15.0,47.0,40-49,7427 Fuller Trail,3082.0,VIC,Australia,8.0,70,8,3807.6400000000003,2,4,3,243,Losing Customer,7,Fernandina Brambley,9905.65
418,Jere,Ding,Female,56,1958-12-22,Unknown,Unknown,Mass Customer,No,6.0,59.0,50-59,713 Eastwood Terrace,2360.0,NSW,Australia,1.0,28,6,3325.1299999999997,3,2,3,323,Potential Customer,5,Jere Ding,6298.139999999999
419,Chrissie,Bernardini,Female,34,1981-01-26,VP Marketing,Manufacturing,Affluent Customer,No,17.0,37.0,30-39,7526 Artisan Parkway,4223.0,QLD,Australia,8.0,14,7,5027.37,4,3,4,434,Very Loyal,2,Chrissie Bernardini,7917.43
420,Clem,Leek,Male,93,1958-07-05,Help Desk Operator,Entertainment,High Net Worth,No,7.0,59.0,50-59,3 Oriole Place,3183.0,VIC,Australia,7.0,59,10,3652.17,2,4,3,243,Losing Customer,7,Clem Leek,11080.54
421,Tish,Netti,Female,26,1999-03-19,Sales Representative,Retail,Mass Customer,Yes,2.0,19.0,Under 20,690 Hanson Center,2330.0,NSW,Australia,3.0,56,6,3952.15,2,2,3,223,High Risk Customer,8,Tish Netti,7222.93
422,Vito,Norker,Male,78,2002-01-06,Unknown,Manufacturing,Affluent Customer,No,1.0,16.0,Under 20,509 Fisk Hill,2031.0,NSW,Australia,11.0,133,4,2390.84,1,1,2,112,Evasive Customer,10,Vito Norker,5465.0
423,Orville,Akerman,Male,43,1956-11-08,Senior Quality Engineer,Unknown,Mass Customer,No,9.0,61.0,60-69,27 Petterle Center,4370.0,QLD,Australia,2.0,141,5,1589.8199999999997,1,2,1,121,Evasive Customer,10,Orville Akerman,5058.62
424,Dennie,Eunson,Male,77,1978-01-25,Research Nurse,Health,High Net Worth,No,9.0,40.0,40-49,3 Annamark Avenue,3150.0,VIC,Australia,11.0,74,6,4053.59,2,2,3,223,High Risk Customer,8,Dennie Eunson,7857.62
425,Michaeline,Bordman,Female,60,1953-11-19,Sales Representative,Retail,Mass Customer,Yes,20.0,64.0,60-69,311 Dapin Point,2549.0,NSW,Australia,3.0,25,7,7388.6,3,3,4,334,Potential Customer,5,Michaeline Bordman,10925.23
426,Emlyn,Anstice,Female,10,1972-06-02,Nuclear Power Engineer,Manufacturing,Affluent Customer,No,8.0,46.0,40-49,15082 Crest Line Plaza,3040.0,VIC,Australia,8.0,59,9,6933.15,2,4,4,244,Losing Customer,7,Emlyn Anstice,10506.86
427,Giusto,Torbett,Male,77,1996-12-19,Assistant Media Planner,Entertainment,Mass Customer,Yes,2.0,21.0,20-29,1 Carey Pass,2065.0,NSW,Australia,11.0,109,4,2515.6800000000003,1,1,2,112,Evasive Customer,10,Giusto Torbett,4678.55
428,Freida,Everil,Female,0,1977-05-03,Structural Engineer,Health,High Net Worth,Yes,14.0,41.0,40-49,8 Moland Pass,2065.0,NSW,Australia,10.0,51,8,3355.1099999999997,2,4,3,243,Losing Customer,7,Freida Everil,9009.45
429,Berny,Bold,Female,7,1978-07-30,Community Outreach Specialist,IT,High Net Worth,Yes,21.0,39.0,30-39,25386 Fallview Place,2340.0,NSW,Australia,3.0,18,7,2356.83,3,3,2,332,Potential Customer,5,Berny Bold,6737.38
430,Janice,Himsworth,Female,46,1973-04-26,Paralegal,Financial Services,High Net Worth,Yes,11.0,45.0,40-49,8078 Talisman Trail,4209.0,QLD,Australia,7.0,65,6,5625.17,2,2,4,224,Losing Customer,7,Janice Himsworth,7494.51
431,Gale,Done,Male,8,1956-03-26,Research Nurse,Health,Affluent Customer,Yes,18.0,62.0,60-69,6920 Dwight Circle,4173.0,QLD,Australia,7.0,98,2,1215.34,1,1,1,111,Lost Customer,11,Gale Done,3232.46
432,Amby,Pentin,Male,83,1990-02-12,Nuclear Power Engineer,Manufacturing,Affluent Customer,Yes,10.0,28.0,20-29,9 Lukken Parkway,2065.0,NSW,Australia,10.0,21,8,5110.17,3,4,4,344,Recent Customer,4,Amby Pentin,9237.06
433,Reinhard,Jubert,Male,94,1964-03-12,Statistician II,Property,Affluent Customer,No,15.0,54.0,50-59,09 Graceland Junction,3204.0,VIC,Australia,2.0,15,8,3244.1900000000005,4,4,3,443,Very Loyal,2,Reinhard Jubert,8961.9
434,Raff,Waadenburg,Male,93,1995-12-01,Unknown,Financial Services,Mass Customer,Yes,19.0,22.0,20-29,155 Basil Junction,2210.0,NSW,Australia,10.0,297,2,1027.8899999999999,1,1,1,111,Lost Customer,11,Raff Waadenburg,1945.46
435,Jerome,Muggeridge,Male,5,1999-12-23,GIS Technical Architect,Telecommunications,Mass Customer,No,1.0,18.0,Under 20,4284 Surrey Circle,2068.0,NSW,Australia,12.0,102,4,4727.75,1,1,4,114,Evasive Customer,10,Jerome Muggeridge,5669.1
436,Erwin,Pendre,Male,75,1957-12-24,Internal Auditor,IT,Mass Customer,No,18.0,60.0,60-69,4 Almo Plaza,2085.0,NSW,Australia,10.0,50,3,2124.71,2,1,2,212,High Risk Customer,8,Erwin Pendre,3374.59
437,Sayres,Duthie,Male,24,1976-08-14,Systems Administrator III,Manufacturing,Affluent Customer,Yes,17.0,41.0,40-49,91 Porter Pass,3064.0,VIC,Australia,7.0,48,6,3045.6,2,2,3,223,High Risk Customer,8,Sayres Duthie,5595.76
438,Ebenezer,Bottelstone,Male,25,1989-08-17,Internal Auditor,Property,High Net Worth,Yes,13.0,28.0,20-29,007 Gerald Place,3074.0,VIC,Australia,4.0,51,8,7692.389999999999,2,4,4,244,Losing Customer,7,Ebenezer Bottelstone,12777.29
439,Lida,Wych,Female,26,1974-07-08,GIS Technical Architect,Unknown,Affluent Customer,No,10.0,43.0,40-49,8788 Armistice Trail,3806.0,VIC,Australia,8.0,99,6,2750.24,1,2,2,122,Evasive Customer,10,Lida Wych,6584.91
440,Sheena,O'Duggan,Female,46,1977-12-16,Business Systems Development Analyst,Telecommunications,Mass Customer,No,10.0,40.0,40-49,1693 Artisan Hill,2259.0,NSW,Australia,6.0,11,8,2481.1899999999996,4,4,2,442,Very Loyal,2,Sheena O'Duggan,7773.05
441,Felicle,Beneze,Female,74,1974-03-08,Analyst Programmer,IT,Mass Customer,No,11.0,44.0,40-49,532 Emmet Way,2260.0,NSW,Australia,8.0,62,3,1750.76,2,1,1,211,Almost Lost Customer,9,Felicle Beneze,2910.7200000000003
442,Linc,Vedyasov,Male,2,2001-10-06,Unknown,Financial Services,Mass Customer,No,1.0,16.0,Under 20,3 Sutteridge Park,4074.0,QLD,Australia,6.0,13,7,2789.25,4,3,2,432,Becoming Loyal,3,Linc Vedyasov,5714.68
443,Lauree,Leason,Female,21,1972-03-26,Unknown,Argiculture,High Net Worth,Yes,10.0,46.0,40-49,25522 Mosinee Point,4215.0,QLD,Australia,7.0,4,7,3171.14,4,3,3,433,Very Loyal,2,Lauree Leason,7525.93
444,Britteny,Falconer-Taylor,Female,32,1967-02-24,Staff Scientist,Manufacturing,Mass Customer,Yes,8.0,51.0,50-59,421 Bobwhite Road,2160.0,NSW,Australia,6.0,45,7,3807.4599999999996,2,3,3,233,Losing Customer,7,Britteny Falconer-Taylor,7147.11
445,Timothy,Wenham,Male,91,1984-11-13,Executive Secretary,Financial Services,Mass Customer,No,5.0,33.0,30-39,41 Ronald Regan Center,3008.0,VIC,Australia,5.0,24,11,8081.860000000001,3,4,4,344,Recent Customer,4,Timothy Wenham,14593.220000000001
446,Marilee,Oosthout de Vree,Female,73,1978-07-02,Tax Accountant,IT,Affluent Customer,Yes,4.0,39.0,30-39,3 Loomis Crossing,2217.0,NSW,Australia,9.0,52,8,5363.3,2,4,4,244,Losing Customer,7,Marilee Oosthout de Vree,10683.11
447,Brittany,Peasey,Female,98,2001-11-06,Help Desk Technician,Argiculture,Mass Customer,Yes,1.0,16.0,Under 20,93 Jana Junction,2213.0,NSW,Australia,10.0,0,6,2781.88,4,2,2,422,Becoming Loyal,3,Brittany Peasey,6502.92
448,Robin,Crack,Female,34,1995-04-26,Software Engineer III,IT,High Net Worth,No,3.0,23.0,20-29,528 Buell Crossing,2748.0,NSW,Australia,10.0,188,5,2413.08,1,2,2,122,Evasive Customer,10,Robin Crack,6085.0599999999995
449,Shana,Fortesquieu,Female,74,1974-09-24,VP Product Management,Manufacturing,High Net Worth,Yes,6.0,43.0,40-49,261 Northport Lane,2567.0,NSW,Australia,7.0,133,6,3292.4,1,2,3,123,Evasive Customer,10,Shana Fortesquieu,6240.950000000001
450,Myrlene,Rothwell,Female,5,1975-04-02,Structural Analysis Engineer,Entertainment,Mass Customer,Yes,18.0,43.0,40-49,98 Scott Parkway,2096.0,NSW,Australia,10.0,82,3,2440.7300000000005,2,1,2,212,High Risk Customer,8,Myrlene Rothwell,3813.9700000000003
451,Marlow,Flowerdew,Unknown,37,,Quality Control Specialist,IT,High Net Worth,No,,,,8385 Lien Drive,3192.0,VIC,Australia,10.0,66,6,2560.3700000000003,2,2,2,222,High Risk Customer,8,Marlow Flowerdew,5925.52
452,Natalee,Bamford,Female,22,1959-08-11,Account Coordinator,Property,Mass Customer,Yes,5.0,58.0,50-59,24919 Artisan Court,3015.0,VIC,Australia,8.0,24,5,1561.59,3,2,1,321,Late Bloomer,6,Natalee Bamford,3872.4300000000003
453,Cornelius,Yarmouth,Unknown,81,,Assistant Professor,IT,High Net Worth,No,,,,37093 Manitowish Center,2170.0,NSW,Australia,10.0,41,8,2292.05,3,4,2,342,Potential Customer,5,Cornelius Yarmouth,6220.21
454,Eugenie,Domenc,Unknown,58,,Research Nurse,Health,Affluent Customer,Yes,,,,9 Monterey Point,4221.0,QLD,Australia,10.0,49,7,4738.75,2,3,4,234,Losing Customer,7,Eugenie Domenc,9662.82
455,Mile,Dionisii,Male,97,1991-11-02,Civil Engineer,Manufacturing,Mass Customer,Yes,5.0,26.0,20-29,6 Mariners Cove Center,2233.0,NSW,Australia,10.0,67,3,1600.9,2,1,1,211,Almost Lost Customer,9,Mile Dionisii,4076.17
456,Randolph,Redihalgh,Male,47,1975-11-30,Automation Specialist I,Manufacturing,Affluent Customer,Yes,17.0,42.0,40-49,572 Gerald Trail,2145.0,NSW,Australia,7.0,88,5,2183.0999999999995,1,2,2,122,Evasive Customer,10,Randolph Redihalgh,6261.639999999999
457,Querida,Danilchev,Female,70,1980-12-14,Recruiting Manager,Financial Services,High Net Worth,Yes,17.0,37.0,30-39,7 Farmco Trail,2759.0,NSW,Australia,9.0,115,5,3680.3399999999997,1,2,3,123,Evasive Customer,10,Querida Danilchev,6553.5199999999995
458,Osborn,Pentony,Male,57,1969-04-21,Account Representative IV,Manufacturing,Affluent Customer,Yes,18.0,49.0,40-49,19964 Nancy Drive,3121.0,VIC,Australia,8.0,26,5,1247.24,3,2,1,321,Late Bloomer,6,Osborn Pentony,3615.63
459,Bel,Cheeke,Female,88,1986-08-04,Civil Engineer,Manufacturing,Mass Customer,Yes,13.0,31.0,30-39,57 Columbus Road,4870.0,QLD,Australia,5.0,38,5,2402.4,3,2,2,322,Late Bloomer,6,Bel Cheeke,6449.13
460,Illa,,Female,0,1986-01-23,Electrical Engineer,Manufacturing,Affluent Customer,Yes,16.0,32.0,30-39,455 Hooker Lane,3337.0,VIC,Australia,2.0,17,4,2017.6600000000003,4,1,2,412,Recent Customer,4,Illa,5012.97
461,Jsandye,Melendez,Female,19,1979-10-09,Social Worker,Health,Mass Customer,Yes,14.0,38.0,30-39,0777 Farwell Pass,2118.0,NSW,Australia,10.0,20,8,5722.38,3,4,4,344,Recent Customer,4,Jsandye Melendez,10366.86
462,Melany,Thorrington,Female,32,1960-01-01,Unknown,Manufacturing,Affluent Customer,Yes,5.0,58.0,50-59,23 Glacier Hill Avenue,2259.0,NSW,Australia,6.0,142,6,3600.26,1,2,3,123,Evasive Customer,10,Melany Thorrington,7830.79
463,Allis,Blanche,Female,9,1962-03-30,Senior Cost Accountant,Financial Services,Mass Customer,Yes,20.0,56.0,50-59,8750 Lakewood Gardens Park,2760.0,NSW,Australia,7.0,67,6,3501.72,2,2,3,223,High Risk Customer,8,Allis Blanche,6617.91
464,Karel,Dimelow,Female,32,1958-03-23,Unknown,Unknown,Mass Customer,Yes,10.0,60.0,60-69,0619 Dorton Plaza,3150.0,VIC,Australia,11.0,9,6,2102.99,4,2,2,422,Becoming Loyal,3,Karel Dimelow,8289.86
465,Alina,Wilsey,Female,54,1976-03-27,Developer III,Financial Services,Affluent Customer,Yes,14.0,42.0,40-49,3469 Service Road,2770.0,NSW,Australia,5.0,4,6,3488.79,4,2,3,423,Becoming Loyal,3,Alina Wilsey,4766.91
466,Jarad,Bauser,Male,84,1991-01-27,Unknown,Manufacturing,Affluent Customer,Yes,2.0,27.0,20-29,9 Dahle Place,2763.0,NSW,Australia,9.0,40,7,2813.66,3,3,2,332,Potential Customer,5,Jarad Bauser,6597.52
467,Welbie,Rockliffe,Male,51,1954-01-02,Human Resources Assistant I,Property,Affluent Customer,No,15.0,64.0,60-69,8 Dayton Park,2050.0,NSW,Australia,9.0,169,7,3850.32,1,3,3,133,Almost Lost Customer,9,Welbie Rockliffe,9085.53
468,Valeria,Ladyman,Female,11,1974-01-19,Software Test Engineer I,Property,High Net Worth,Yes,8.0,44.0,40-49,091 Farragut Crossing,3058.0,VIC,Australia,9.0,94,6,4063.5899999999997,1,2,3,123,Evasive Customer,10,Valeria Ladyman,7264.86
469,Levi,Cartmell,Male,91,1996-05-03,Actuary,Financial Services,High Net Worth,Yes,3.0,22.0,20-29,70488 Logan Court,2074.0,NSW,Australia,12.0,101,10,4177.21,1,4,4,144,Almost Lost Customer,9,Levi Cartmell,7566.66
470,Darbee,Klimowicz,Male,22,2001-12-19,Internal Auditor,Retail,Mass Customer,No,1.0,16.0,Under 20,0 Golf Lane,2120.0,NSW,Australia,11.0,9,7,1890.57,4,3,2,432,Becoming Loyal,3,Darbee Klimowicz,7158.48
471,Libby,Wardesworth,Female,82,1956-01-01,GIS Technical Architect,Financial Services,Affluent Customer,No,14.0,62.0,60-69,663 Bellgrove Parkway,3812.0,VIC,Australia,8.0,48,6,3918.1099999999997,2,2,3,223,High Risk Customer,8,Libby Wardesworth,6243.62
472,Kippy,Jessel,Female,38,1990-11-16,Internal Auditor,Financial Services,Mass Customer,Yes,8.0,27.0,20-29,9907 Morningstar Pass,2147.0,NSW,Australia,9.0,49,5,3309.79,2,2,3,223,High Risk Customer,8,Kippy Jessel,5989.66
473,Benji,O'Shirine,Male,2,1977-03-13,Junior Executive,Health,Mass Customer,Yes,20.0,41.0,40-49,29 South Point,3111.0,VIC,Australia,9.0,115,9,8364.66,1,4,4,144,Almost Lost Customer,9,Benji O'Shirine,12033.62
474,Consolata,Clacson,Female,86,1983-01-15,Geologist IV,Entertainment,Affluent Customer,No,18.0,35.0,30-39,91 Eagle Crest Circle,2567.0,NSW,Australia,9.0,97,2,1520.73,1,1,1,111,Lost Customer,11,Consolata Clacson,2107.8199999999997
475,Vernor,,Male,0,1996-11-14,Nuclear Power Engineer,Manufacturing,Affluent Customer,No,1.0,21.0,20-29,781 Dorton Avenue,3012.0,VIC,Australia,10.0,24,7,2907.28,3,3,3,333,Potential Customer,5,Vernor,5131.25
476,Kane,Jahnel,Male,65,1989-04-21,Computer Systems Analyst IV,Unknown,Mass Customer,No,14.0,29.0,20-29,47 Dwight Road,4217.0,QLD,Australia,8.0,9,4,1353.61,4,1,1,411,Recent Customer,4,Kane Jahnel,4416.9
477,Cheri,Hazeman,Female,32,1960-11-26,Media Manager II,Financial Services,High Net Worth,Yes,13.0,57.0,50-59,6674 Russell Center,2197.0,NSW,Australia,9.0,35,5,3375.06,3,2,3,323,Potential Customer,5,Cheri Hazeman,5899.43
478,Darcey,Harberer,Female,65,1961-01-21,Chief Design Engineer,Unknown,Affluent Customer,Yes,5.0,57.0,50-59,84041 Holy Cross Circle,2142.0,NSW,Australia,8.0,3,9,3320.21,4,4,3,443,Very Loyal,2,Darcey Harberer,8880.93
479,Blythe,Keighley,Female,11,1994-08-04,Unknown,IT,Mass Customer,Yes,4.0,23.0,20-29,340 Northview Circle,2340.0,NSW,Australia,4.0,76,9,3335.2,2,4,3,243,Losing Customer,7,Blythe Keighley,8781.24
480,Darelle,Ive,Unknown,67,,Registered Nurse,Health,Mass Customer,Yes,,,,74011 Manufacturers Street,2320.0,NSW,Australia,6.0,17,2,644.0199999999998,4,1,1,411,Recent Customer,4,Darelle Ive,3179.31
481,Marcella,Manzell,Female,68,1990-04-12,Programmer IV,Argiculture,Mass Customer,No,8.0,28.0,20-29,30991 Macpherson Parkway,2155.0,NSW,Australia,9.0,14,2,1617.2099999999998,4,1,1,411,Recent Customer,4,Marcella Manzell,2156.44
482,Gar,Wallis,Male,33,1962-12-19,Unknown,Health,Mass Customer,No,20.0,55.0,50-59,40504 Tennyson Drive,2046.0,NSW,Australia,9.0,75,10,5887.200000000001,2,4,4,244,Losing Customer,7,Gar Wallis,11870.130000000001
483,Bertrand,Penkethman,Male,35,1973-05-02,Sales Representative,Retail,Affluent Customer,No,9.0,45.0,40-49,76369 Ridge Oak Place,3162.0,VIC,Australia,9.0,40,7,2307.7799999999997,3,3,2,332,Potential Customer,5,Bertrand Penkethman,8372.11
484,Mason,Kohrsen,Male,64,1974-04-24,Programmer IV,Manufacturing,Mass Customer,No,22.0,44.0,40-49,51188 Annamark Hill,2037.0,NSW,Australia,9.0,19,4,1600.54,3,1,1,311,Late Bloomer,6,Mason Kohrsen,5277.37
485,Ulrika,Steagall,Female,23,1974-11-08,Statistician III,Manufacturing,High Net Worth,No,20.0,43.0,40-49,00976 Sundown Lane,2428.0,NSW,Australia,3.0,14,6,2715.28,4,2,2,422,Becoming Loyal,3,Ulrika Steagall,5662.3099999999995
486,Prudi,Edon,Female,0,1955-12-30,Technical Writer,Manufacturing,Affluent Customer,Yes,15.0,62.0,60-69,87 Stone Corner Park,3141.0,VIC,Australia,7.0,91,5,4915.7699999999995,1,2,4,124,Almost Lost Customer,9,Prudi Edon,7323.58
487,Elayne,Braiden,Female,70,1979-09-19,Food Chemist,Health,Mass Customer,No,10.0,38.0,30-39,9 Westridge Road,3178.0,VIC,Australia,9.0,139,2,687.5100000000001,1,1,1,111,Lost Customer,11,Elayne Braiden,1875.15
488,Domini,Ghelerdini,Female,24,1980-07-11,Help Desk Operator,Property,Mass Customer,Yes,10.0,37.0,30-39,4671 Buell Trail,3564.0,VIC,Australia,2.0,27,6,1043.6399999999999,3,2,1,321,Late Bloomer,6,Domini Ghelerdini,4216.79
489,Tresa,Reeks,Female,18,1971-05-31,Senior Editor,Retail,Mass Customer,Yes,4.0,47.0,40-49,3743 Melody Avenue,3550.0,VIC,Australia,4.0,124,5,2073.68,1,2,2,122,Evasive Customer,10,Tresa Reeks,5450.6900000000005
490,Lida,Boynton,Female,44,1992-06-15,Environmental Tech,Argiculture,Mass Customer,No,6.0,26.0,20-29,8670 Pine View Street,3070.0,VIC,Australia,11.0,53,9,4593.01,2,4,4,244,Losing Customer,7,Lida Boynton,9886.75
491,Andrea,Funcheon,Male,45,1976-02-20,Speech Pathologist,Property,Affluent Customer,Yes,19.0,42.0,40-49,31 Twin Pines Trail,3775.0,VIC,Australia,10.0,68,7,2735.71,2,3,2,232,Losing Customer,7,Andrea Funcheon,6140.67
492,Pail,Ashplant,Male,54,1976-04-28,Environmental Tech,Financial Services,Mass Customer,No,21.0,42.0,40-49,11731 3rd Hill,3004.0,VIC,Australia,9.0,89,4,2707.8999999999996,1,1,2,112,Evasive Customer,10,Pail Ashplant,5248.15
493,Tommie,Banbridge,Female,83,1960-09-13,Electrical Engineer,Manufacturing,Mass Customer,Yes,5.0,57.0,50-59,411 Lien Place,4226.0,QLD,Australia,10.0,75,3,151.93999999999997,2,1,1,211,Almost Lost Customer,9,Tommie Banbridge,607.78
494,Gaby,,Male,33,1975-06-02,Design Engineer,Manufacturing,Mass Customer,No,9.0,43.0,40-49,431 Ilene Center,2026.0,NSW,Australia,10.0,133,2,784.4299999999998,1,1,1,111,Lost Customer,11,Gaby,2288.8999999999996
495,Lucius,Prescott,Male,91,1959-02-21,VP Accounting,Financial Services,Mass Customer,Yes,6.0,59.0,50-59,4 Pond Parkway,3185.0,VIC,Australia,9.0,128,6,4087.0399999999995,1,2,3,123,Evasive Customer,10,Lucius Prescott,6120.139999999999
496,Korry,Cosgrove,Female,25,1976-01-28,Engineer II,Financial Services,Affluent Customer,Yes,11.0,42.0,40-49,61293 Delladonna Way,2015.0,NSW,Australia,9.0,45,4,1310.77,2,1,1,211,Almost Lost Customer,9,Korry Cosgrove,3612.19
497,Allissa,Brinklow,Female,96,1974-01-09,Unknown,Property,Mass Customer,Yes,11.0,44.0,40-49,6390 Truax Park,3012.0,VIC,Australia,9.0,59,4,1061.48,2,1,1,211,Almost Lost Customer,9,Allissa Brinklow,2772.15
498,Emmalee,Sketcher,Female,58,1978-04-30,VP Sales,Manufacturing,High Net Worth,Yes,10.0,40.0,40-49,470 Bunting Center,2447.0,NSW,Australia,3.0,7,7,4982.41,4,3,4,434,Very Loyal,2,Emmalee Sketcher,9834.95
499,Dalli,Baggally,Male,39,1961-03-15,Budget/Accounting Analyst III,Financial Services,Affluent Customer,No,19.0,57.0,50-59,02 Boyd Crossing,3143.0,VIC,Australia,7.0,55,11,4043.58,2,4,3,243,Losing Customer,7,Dalli Baggally,8960.43
500,Lazar,Crathern,Male,19,1992-04-11,Recruiting Manager,Retail,Affluent Customer,Yes,10.0,26.0,20-29,2639 Brown Road,3910.0,VIC,Australia,7.0,24,8,3977.81,3,4,3,343,Potential Customer,5,Lazar Crathern,9381.92
501,Henrieta,MacClancey,Female,94,1977-06-10,Environmental Specialist,Unknown,High Net Worth,No,19.0,41.0,40-49,0897 Little Fleur Way,3621.0,VIC,Australia,8.0,128,4,1392.59,1,1,1,111,Lost Customer,11,Henrieta MacClancey,3118.51
502,Rica,Raveau,Female,39,1970-12-24,Teacher,Manufacturing,Mass Customer,No,18.0,47.0,40-49,353 Stuart Trail,4702.0,QLD,Australia,3.0,131,5,2959.58,1,2,3,123,Evasive Customer,10,Rica Raveau,4852.31
503,Burr,Gerb,Male,87,1989-07-19,Dental Hygienist,Health,Affluent Customer,Yes,10.0,28.0,20-29,9 Rowland Road,2133.0,NSW,Australia,10.0,83,4,1280.6399999999996,2,1,1,211,Almost Lost Customer,9,Burr Gerb,3993.05
504,Vinny,Hegley,Male,93,1995-04-25,Environmental Tech,Manufacturing,High Net Worth,Yes,7.0,23.0,20-29,830 Summit Center,3075.0,VIC,Australia,7.0,136,8,2714.7599999999998,1,4,2,142,Almost Lost Customer,9,Vinny Hegley,7145.67
505,Wylma,Elsy,Female,40,1966-12-01,Unknown,Unknown,High Net Worth,Yes,10.0,51.0,50-59,4754 Moulton Alley,2069.0,NSW,Australia,9.0,14,5,3369.4700000000003,4,2,3,423,Becoming Loyal,3,Wylma Elsy,6456.41
506,Brett,Scrancher,Female,43,1985-02-14,Health Coach II,Retail,Mass Customer,No,21.0,33.0,30-39,808 Debra Center,3911.0,VIC,Australia,10.0,56,10,6985.24,2,4,4,244,Losing Customer,7,Brett Scrancher,14208.25
507,Gwen,Jakubczyk,Female,98,1971-07-05,Unknown,Health,Mass Customer,No,7.0,46.0,40-49,8739 Service Park,2250.0,NSW,Australia,8.0,36,8,4290.77,3,4,4,344,Recent Customer,4,Gwen Jakubczyk,9146.18
508,Abagail,Tordiffe,Female,94,1971-01-18,Project Manager,Property,Mass Customer,Yes,11.0,47.0,40-49,4 Thackeray Pass,2487.0,NSW,Australia,9.0,155,6,3533.36,1,2,3,123,Evasive Customer,10,Abagail Tordiffe,7648.2
509,Tobe,Vamplew,Male,64,1979-08-06,Developer II,Financial Services,Affluent Customer,Yes,21.0,38.0,30-39,9 Bayside Hill,4123.0,QLD,Australia,6.0,89,6,4389.73,1,2,4,124,Almost Lost Customer,9,Tobe Vamplew,6017.45
510,Sheilah,Blackmore,Female,61,1992-06-15,Unknown,Unknown,Mass Customer,No,2.0,26.0,20-29,20373 Kensington Pass,2151.0,NSW,Australia,8.0,59,2,1694.59,2,1,1,211,Almost Lost Customer,9,Sheilah Blackmore,3333.38
511,Theo,Tolmie,Female,92,1982-12-02,Dental Hygienist,Health,High Net Worth,No,10.0,35.0,30-39,7 Hooker Place,2428.0,NSW,Australia,3.0,11,4,1152.6299999999999,4,1,1,411,Recent Customer,4,Theo Tolmie,2708.2999999999997
512,Sigfried,Semken,Male,76,1955-04-15,VP Accounting,Financial Services,Mass Customer,No,6.0,63.0,60-69,089 Old Shore Point,3156.0,VIC,Australia,8.0,95,4,1136.3400000000001,1,1,1,111,Lost Customer,11,Sigfried Semken,4233.95
513,Kienan,Soar,Unknown,30,,Tax Accountant,IT,Mass Customer,No,,,,5723 Raven Drive,3126.0,VIC,Australia,12.0,14,5,4222.139999999999,4,2,4,424,Becoming Loyal,3,Kienan Soar,5958.04
514,Trent,,Male,9,1996-06-20,Associate Professor,Financial Services,Mass Customer,Yes,4.0,22.0,20-29,08501 Kropf Trail,3152.0,VIC,Australia,10.0,123,5,2144.29,1,2,2,122,Evasive Customer,10,Trent,7401.06
515,Winna,Verny,Female,55,1989-09-04,Help Desk Operator,IT,High Net Worth,No,8.0,28.0,20-29,12845 Paget Lane,2026.0,NSW,Australia,12.0,14,9,6986.24,4,4,4,444,Platinum Customer,1,Winna Verny,12264.8
516,Craggy,Loadsman,Male,23,1958-01-07,Environmental Tech,Financial Services,Mass Customer,No,20.0,60.0,60-69,1 Vidon Pass,2233.0,NSW,Australia,8.0,19,10,4722.21,3,4,4,344,Recent Customer,4,Craggy Loadsman,9021.7
517,Iona,Fidgeon,Female,73,1985-08-20,Chief Design Engineer,Property,Mass Customer,Yes,3.0,32.0,30-39,590 Hayes Court,2027.0,NSW,Australia,11.0,10,6,2632.16,4,2,2,422,Becoming Loyal,3,Iona Fidgeon,5083.11
518,Bernhard,Senett,Male,60,1991-04-28,Database Administrator IV,Retail,Mass Customer,Yes,10.0,27.0,20-29,49503 Sachtjen Circle,4208.0,QLD,Australia,8.0,261,3,938.2500000000001,1,1,1,111,Lost Customer,11,Bernhard Senett,3288.99
519,Rabi,Nissle,Male,83,2000-04-07,Unknown,Unknown,Mass Customer,Yes,1.0,18.0,Under 20,2595 Grover Drive,3124.0,VIC,Australia,12.0,55,4,2326.39,2,1,2,212,High Risk Customer,8,Rabi Nissle,4470.85
520,Jazmin,Neumann,Female,66,1964-08-09,VP Quality Control,Financial Services,Affluent Customer,Yes,15.0,53.0,50-59,3169 Old Gate Point,2211.0,NSW,Australia,9.0,16,5,819.2600000000001,4,2,1,421,Becoming Loyal,3,Jazmin Neumann,2566.04
521,Peri,Hovie,Female,29,1978-12-19,Help Desk Operator,Health,High Net Worth,No,16.0,39.0,30-39,90974 Chinook Parkway,2564.0,NSW,Australia,8.0,154,2,624.9000000000001,1,1,1,111,Lost Customer,11,Peri Hovie,1849.5700000000002
522,Lynnelle,Comettoi,Female,64,1976-11-05,Unknown,Unknown,Affluent Customer,Yes,16.0,41.0,40-49,75790 Towne Avenue,4221.0,QLD,Australia,9.0,41,4,1663.83,3,1,1,311,Late Bloomer,6,Lynnelle Comettoi,3520.19
523,Elberta,Tixall,Female,44,1974-11-24,Senior Financial Analyst,Financial Services,Affluent Customer,Yes,16.0,43.0,40-49,62 Northport Lane,2049.0,NSW,Australia,10.0,18,6,2795.7700000000004,3,2,2,322,Late Bloomer,6,Elberta Tixall,6485.21
524,Florence,Held,Female,16,1962-09-09,Nurse,Retail,Mass Customer,No,11.0,55.0,50-59,84 Calypso Circle,3690.0,VIC,Australia,5.0,138,7,2024.5300000000002,1,3,2,132,Almost Lost Customer,9,Florence Held,6400.86
525,Lennard,Donizeau,Male,64,1980-02-12,Chemical Engineer,Manufacturing,Mass Customer,Yes,9.0,38.0,30-39,81848 Amoth Road,3282.0,VIC,Australia,2.0,119,8,3584.83,1,4,3,143,Almost Lost Customer,9,Lennard Donizeau,10372.68
526,Ardelle,,Unknown,9,,Social Worker,Health,Mass Customer,Yes,,,,27230 7th Place,2068.0,NSW,Australia,12.0,154,3,1111.55,1,1,1,111,Lost Customer,11,Ardelle,2674.66
527,Lorilyn,Topaz,Female,81,1990-10-19,VP Quality Control,Financial Services,Mass Customer,Yes,9.0,27.0,20-29,1 Cordelia Alley,2261.0,NSW,Australia,8.0,43,2,1694.76,3,1,1,311,Late Bloomer,6,Lorilyn Topaz,2476.84
528,Gayel,Downs,Female,10,1979-06-06,Registered Nurse,Health,Mass Customer,No,4.0,39.0,30-39,80 Lakewood Street,2576.0,NSW,Australia,10.0,134,6,4150.06,1,2,4,124,Almost Lost Customer,9,Gayel Downs,7636.76
529,Sandor,Tumber,Male,18,1989-07-21,Operator,Retail,Affluent Customer,Yes,10.0,28.0,20-29,66834 Melby Way,2160.0,NSW,Australia,9.0,12,6,2339.14,4,2,2,422,Becoming Loyal,3,Sandor Tumber,6036.22
530,Townie,Perez,Male,2,1974-09-24,Recruiter,Manufacturing,Mass Customer,No,15.0,43.0,40-49,35796 Buhler Plaza,3108.0,VIC,Australia,10.0,162,3,1751.35,1,1,1,111,Lost Customer,11,Townie Perez,2816.79
531,Modesty,Fletcher,Female,94,1993-08-26,Senior Cost Accountant,Financial Services,High Net Worth,No,1.0,24.0,20-29,306 Longview Street,2145.0,NSW,Australia,7.0,61,6,1761.46,2,2,1,221,High Risk Customer,8,Modesty Fletcher,5691.58
532,Row,Mawditt,Female,25,1961-01-14,Community Outreach Specialist,Financial Services,Affluent Customer,No,19.0,57.0,50-59,39632 Michigan Park,4165.0,QLD,Australia,5.0,28,6,3920.83,3,2,3,323,Potential Customer,5,Row Mawditt,7503.2699999999995
533,Conny,Shearmer,Male,40,1981-12-14,Database Administrator III,Retail,Mass Customer,No,11.0,36.0,30-39,1038 Hayes Point,2021.0,NSW,Australia,7.0,2,6,5387.05,4,2,4,424,Becoming Loyal,3,Conny Shearmer,8210.1
534,Madel,Palffrey,Female,2,1954-08-16,Systems Administrator I,Unknown,Mass Customer,No,12.0,63.0,60-69,46 Eastlawn Lane,2218.0,NSW,Australia,11.0,6,8,4809.950000000001,4,4,4,444,Platinum Customer,1,Madel Palffrey,8223.81
535,Gracie,Merrifield,Female,67,1993-05-04,Unknown,Unknown,Affluent Customer,No,3.0,25.0,20-29,12 Monument Alley,3124.0,VIC,Australia,12.0,73,2,1261.57,2,1,1,211,Almost Lost Customer,9,Gracie Merrifield,1679.29
536,Jannelle,Leist,Female,64,1959-04-07,Recruiting Manager,Manufacturing,Affluent Customer,No,16.0,59.0,50-59,64700 2nd Alley,2145.0,NSW,Australia,7.0,32,4,3662.2999999999993,3,1,3,313,Late Bloomer,6,Jannelle Leist,4912.82
537,Raine,Sneezum,Female,16,1989-03-26,Structural Engineer,Entertainment,High Net Worth,No,7.0,29.0,20-29,999 Huxley Hill,2190.0,NSW,Australia,10.0,49,3,825.7299999999999,2,1,1,211,Almost Lost Customer,9,Raine Sneezum,2906.29
538,Millicent,Wiffler,Female,33,1956-10-21,Chemical Engineer,Manufacturing,Mass Customer,Yes,5.0,61.0,60-69,311 Emmet Point,4211.0,QLD,Australia,7.0,4,6,5619.99,4,2,4,424,Becoming Loyal,3,Millicent Wiffler,7716.14
539,Hobie,Knappett,Male,53,1975-08-10,Unknown,Health,High Net Worth,No,15.0,42.0,40-49,000 Jana Hill,3170.0,VIC,Australia,9.0,36,8,1676.43,3,4,1,341,Potential Customer,5,Hobie Knappett,7188.39
540,Tresa,Dy,Female,80,2001-04-28,Chemical Engineer,Manufacturing,Mass Customer,No,1.0,17.0,Under 20,7671 Oak Valley Junction,2170.0,NSW,Australia,9.0,79,6,1821.0300000000002,2,2,1,221,High Risk Customer,8,Tresa Dy,4419.63
541,Annissa,Balmforth,Female,23,1966-01-01,Unknown,Manufacturing,Affluent Customer,Yes,13.0,52.0,50-59,8304 Derek Park,3130.0,VIC,Australia,10.0,137,5,2755.28,1,2,2,122,Evasive Customer,10,Annissa Balmforth,6244.03
542,Berri,McManamen,Female,78,1967-01-14,Accountant III,Manufacturing,Mass Customer,No,18.0,51.0,50-59,8635 Cody Crossing,2337.0,NSW,Australia,6.0,38,6,2098.52,3,2,2,322,Late Bloomer,6,Berri McManamen,6399.45
543,Mikey,Rizzetti,Male,9,1973-08-03,Account Coordinator,Retail,Affluent Customer,Yes,17.0,44.0,40-49,20 Debs Road,2307.0,NSW,Australia,4.0,0,5,1924.15,4,2,2,422,Becoming Loyal,3,Mikey Rizzetti,4605.8
544,Giacomo,Johanning,Male,51,1990-10-12,Structural Engineer,Manufacturing,High Net Worth,Yes,5.0,27.0,20-29,858 Independence Terrace,2121.0,NSW,Australia,10.0,173,4,2246.42,1,1,2,112,Evasive Customer,10,Giacomo Johanning,4228.66
545,Alecia,Crosse,Female,43,1978-06-04,Project Manager,Health,Mass Customer,Yes,18.0,40.0,40-49,142 Cambridge Place,2761.0,NSW,Australia,8.0,6,6,5665.789999999999,4,2,4,424,Becoming Loyal,3,Alecia Crosse,8697.36
546,Jorie,Pigott,Female,80,1981-02-24,Information Systems Manager,Health,Mass Customer,Yes,12.0,37.0,30-39,20198 Hansons Plaza,2340.0,NSW,Australia,2.0,37,5,4449.529999999999,3,2,4,324,Potential Customer,5,Jorie Pigott,7164.9
547,Andee,Robjant,Female,22,1996-05-14,Sales Associate,Health,Mass Customer,No,5.0,22.0,20-29,04678 Elka Crossing,2745.0,NSW,Australia,9.0,74,6,2901.1899999999996,2,2,3,223,High Risk Customer,8,Andee Robjant,5913.53
548,Georgie,Cudbertson,Unknown,84,,Unknown,IT,High Net Worth,Yes,,,,5 Farmco Junction,4127.0,QLD,Australia,7.0,10,7,4223.29,4,3,4,434,Very Loyal,2,Georgie Cudbertson,7497.25
549,Abrahan,Luckman,Male,84,1985-06-15,Human Resources Manager,Retail,Mass Customer,Yes,2.0,33.0,30-39,2 East Circle,2716.0,NSW,Australia,1.0,40,8,3751.75,3,4,3,343,Potential Customer,5,Abrahan Luckman,7971.78
550,Emeline,Jorioz,Female,16,1976-07-10,Unknown,Retail,Mass Customer,No,15.0,41.0,40-49,1949 Pepper Wood Pass,3168.0,VIC,Australia,6.0,14,5,1437.7199999999998,4,2,1,421,Becoming Loyal,3,Emeline Jorioz,4546.57
551,Florence,Muldoon,Female,8,1987-08-10,Structural Engineer,Financial Services,High Net Worth,No,9.0,30.0,30-39,7901 Park Meadow Plaza,3076.0,VIC,Australia,7.0,152,4,2850.0,1,1,3,113,Evasive Customer,10,Florence Muldoon,3722.38
552,Hilly,Kleinmann,Male,66,1978-09-09,Geological Engineer,Manufacturing,High Net Worth,Yes,20.0,39.0,30-39,58 Maywood Place,2750.0,NSW,Australia,9.0,159,4,1577.7000000000003,1,1,1,111,Lost Customer,11,Hilly Kleinmann,2960.2700000000004
553,Charlean,Fantone,Female,62,1979-05-12,Senior Sales Associate,Argiculture,Affluent Customer,Yes,7.0,39.0,30-39,532 Bartillon Circle,2166.0,NSW,Australia,7.0,19,6,2566.27,3,2,2,322,Late Bloomer,6,Charlean Fantone,6913.18
554,Esmaria,Dobbison,Female,33,1955-05-06,Graphic Designer,Health,Mass Customer,Yes,7.0,63.0,60-69,032 Kenwood Circle,2031.0,NSW,Australia,9.0,38,3,1670.6699999999998,3,1,1,311,Late Bloomer,6,Esmaria Dobbison,2306.3799999999997
555,Jarib,Senior,Male,99,1970-11-08,Junior Executive,Property,Mass Customer,No,4.0,47.0,40-49,67 8th Terrace,3564.0,VIC,Australia,4.0,165,4,3505.63,1,1,3,113,Evasive Customer,10,Jarib Senior,5261.73
556,Oralia,Gifford,Female,69,1957-09-08,Junior Executive,Unknown,Mass Customer,No,11.0,60.0,60-69,06008 Anthes Pass,2478.0,NSW,Australia,8.0,9,5,3985.03,4,2,3,423,Becoming Loyal,3,Oralia Gifford,6960.33
557,Cassie,Morley,Female,67,1961-06-02,Unknown,Manufacturing,Affluent Customer,Yes,18.0,57.0,50-59,956 Mccormick Place,4127.0,QLD,Australia,2.0,181,2,830.3100000000001,1,1,1,111,Lost Customer,11,Cassie Morley,1834.45
558,Allene,Claypole,Female,96,1973-05-25,Programmer Analyst III,Unknown,Mass Customer,No,8.0,45.0,40-49,6 Eggendart Circle,3016.0,VIC,Australia,7.0,35,7,3513.02,3,3,3,333,Potential Customer,5,Allene Claypole,6984.320000000001
559,Erma,Vyel,Female,39,1988-03-05,Payment Adjustment Coordinator,Retail,High Net Worth,Yes,16.0,30.0,30-39,1 Service Alley,2116.0,NSW,Australia,10.0,6,4,1824.48,4,1,1,411,Recent Customer,4,Erma Vyel,4129.68
560,Dorree,Sanja,Female,1,1953-10-11,Social Worker,Health,Affluent Customer,No,8.0,64.0,60-69,62117 Trailsway Place,3356.0,VIC,Australia,1.0,41,6,3583.46,3,2,3,323,Potential Customer,5,Dorree Sanja,7033.26
561,Karin,Burkill,Female,99,1977-08-15,Tax Accountant,Unknown,Mass Customer,No,12.0,40.0,40-49,4 Graedel Parkway,2560.0,NSW,Australia,8.0,28,6,2891.59,3,2,3,323,Potential Customer,5,Karin Burkill,5776.22
562,Lindy,Fitzpayn,Female,88,1970-06-06,Marketing Assistant,Unknown,Mass Customer,No,17.0,48.0,40-49,311 Chive Way,4680.0,QLD,Australia,3.0,36,5,2125.01,3,2,2,322,Late Bloomer,6,Lindy Fitzpayn,3686.94
563,Rube,Itzhayek,Male,25,1974-09-20,Accounting Assistant II,IT,Mass Customer,Yes,19.0,43.0,40-49,9161 Hoepker Street,4740.0,QLD,Australia,5.0,33,7,1931.13,3,3,2,332,Potential Customer,5,Rube Itzhayek,5492.75
564,Nettie,Iddy,Female,7,1983-11-07,Operator,Retail,High Net Worth,No,7.0,34.0,30-39,19 Lakewood Gardens Way,2760.0,NSW,Australia,9.0,11,6,2143.39,4,2,2,422,Becoming Loyal,3,Nettie Iddy,7415.54
565,Saleem,Meller,Male,30,1959-10-02,Civil Engineer,Manufacturing,Mass Customer,Yes,16.0,58.0,50-59,5861 Browning Park,2065.0,NSW,Australia,8.0,104,10,7079.07,1,4,4,144,Almost Lost Customer,9,Saleem Meller,12454.34
566,Datha,McPheat,Female,66,1978-12-09,Systems Administrator I,Financial Services,High Net Worth,Yes,9.0,39.0,30-39,396 Butternut Point,2230.0,NSW,Australia,12.0,52,3,2145.56,2,1,2,212,High Risk Customer,8,Datha McPheat,2893.23
567,Hashim,O'Leahy,Male,73,1965-07-08,Unknown,Financial Services,Affluent Customer,No,16.0,52.0,50-59,04 Hansons Street,2087.0,NSW,Australia,11.0,60,4,439.57000000000005,2,1,1,211,Almost Lost Customer,9,Hashim O'Leahy,1621.62
568,Quinn,Fulks,Male,32,1957-12-15,VP Sales,Manufacturing,Mass Customer,No,13.0,60.0,60-69,8601 Cardinal Court,4505.0,QLD,Australia,8.0,91,7,1258.1,1,3,1,131,Almost Lost Customer,9,Quinn Fulks,5025.95
569,Jaime,Warkup,Male,30,1976-01-31,Analog Circuit Design manager,IT,Mass Customer,No,10.0,42.0,40-49,35631 Colorado Crossing,2630.0,NSW,Australia,2.0,98,4,6084.139999999999,1,1,4,114,Evasive Customer,10,Jaime Warkup,7560.33
570,Xever,Baldetti,Male,14,1978-06-24,VP Product Management,Financial Services,Mass Customer,Yes,15.0,40.0,40-49,446 Dottie Court,2225.0,NSW,Australia,10.0,35,6,3446.07,3,2,3,323,Potential Customer,5,Xever Baldetti,6987.99
571,Ramonda,McKellar,Female,30,1958-02-15,Assistant Media Planner,Entertainment,Mass Customer,No,6.0,60.0,60-69,37 Ilene Hill,3121.0,VIC,Australia,10.0,72,3,2284.98,2,1,2,212,High Risk Customer,8,Ramonda McKellar,3718.5299999999997
572,Clementius,Everington,Male,0,1967-05-01,Clinical Specialist,Health,High Net Worth,Yes,5.0,51.0,50-59,909 Browning Crossing,3013.0,VIC,Australia,10.0,13,6,2600.44,4,2,2,422,Becoming Loyal,3,Clementius Everington,5372.65
573,Maurits,Kix,Male,39,1994-03-07,General Manager,Unknown,Mass Customer,No,2.0,24.0,20-29,8498 Hoepker Circle,3136.0,VIC,Australia,8.0,105,2,1618.8300000000002,1,1,1,111,Lost Customer,11,Maurits Kix,2449.81
574,Gerard,Steketee,Male,95,1990-04-09,Senior Cost Accountant,Financial Services,Mass Customer,No,20.0,28.0,20-29,7 Claremont Court,2111.0,NSW,Australia,12.0,277,4,2172.4100000000003,1,1,2,112,Evasive Customer,10,Gerard Steketee,4757.79
575,Etan,Poyle,Male,64,1956-06-10,VP Accounting,Financial Services,High Net Worth,Yes,11.0,62.0,60-69,64 Hayes Circle,2209.0,NSW,Australia,11.0,248,2,714.24,1,1,1,111,Lost Customer,11,Etan Poyle,1998.31
576,Bart,Eakle,Male,98,1977-05-19,Recruiter,Retail,Mass Customer,Yes,7.0,41.0,40-49,44 Bunting Parkway,2106.0,NSW,Australia,10.0,7,6,4580.349999999999,4,2,4,424,Becoming Loyal,3,Bart Eakle,9475.42
577,Nadean,Fielding,Female,41,1956-04-08,Unknown,Property,Mass Customer,Yes,19.0,62.0,60-69,8 Pawling Alley,3930.0,VIC,Australia,8.0,2,11,4242.34,4,4,4,444,Platinum Customer,1,Nadean Fielding,10515.0
578,Charyl,Haimes,Female,72,1995-01-24,Web Developer I,Unknown,High Net Worth,Yes,3.0,23.0,20-29,4 Carioca Way,3182.0,VIC,Australia,10.0,199,7,2754.8100000000004,1,3,2,132,Almost Lost Customer,9,Charyl Haimes,6301.1
579,Cathlene,Bellas,Female,89,1974-06-11,Software Engineer II,Health,Mass Customer,No,12.0,44.0,40-49,4559 Stoughton Lane,2097.0,NSW,Australia,10.0,52,9,4204.6,2,4,4,244,Losing Customer,7,Cathlene Bellas,10450.34
580,Johnathan,Audiss,Male,83,1975-12-03,Compensation Analyst,Financial Services,Mass Customer,Yes,14.0,42.0,40-49,7046 Surrey Road,2287.0,NSW,Australia,7.0,24,5,2185.51,3,2,2,322,Late Bloomer,6,Johnathan Audiss,4456.28
581,Brenna,Dacks,Female,32,1969-05-22,Computer Systems Analyst IV,Financial Services,Mass Customer,Yes,16.0,49.0,40-49,58821 Warbler Crossing,2291.0,NSW,Australia,9.0,53,4,2223.5499999999997,2,1,2,212,High Risk Customer,8,Brenna Dacks,5597.1900000000005
582,Rhoda,McKeown,Unknown,21,,Staff Scientist,IT,Affluent Customer,No,,,,95 Delladonna Plaza,2283.0,NSW,Australia,4.0,149,4,2744.6000000000004,1,1,2,112,Evasive Customer,10,Rhoda McKeown,4163.0599999999995
583,Tirrell,Haysham,Male,97,1986-04-14,Registered Nurse,Health,Mass Customer,No,4.0,32.0,30-39,8 Sommers Circle,2305.0,NSW,Australia,7.0,31,4,2258.1899999999996,3,1,2,312,Late Bloomer,6,Tirrell Haysham,4129.98
584,Fiona,Clines,Female,10,1995-09-15,Tax Accountant,Manufacturing,Affluent Customer,Yes,19.0,22.0,20-29,3 Lunder Place,2300.0,NSW,Australia,10.0,132,4,1270.2099999999998,1,1,1,111,Lost Customer,11,Fiona Clines,3399.5199999999995
585,Tiphany,Bonnier,Female,66,1978-04-20,Pharmacist,Health,Mass Customer,Yes,10.0,40.0,40-49,93098 Loftsgordon Pass,4179.0,QLD,Australia,4.0,97,7,2991.86,1,3,3,133,Almost Lost Customer,9,Tiphany Bonnier,8197.14
586,Jayme,Baunton,Female,63,1999-03-15,Chief Design Engineer,Manufacturing,Mass Customer,No,4.0,19.0,Under 20,61493 Manufacturers Junction,2539.0,NSW,Australia,9.0,90,4,2562.4700000000003,1,1,2,112,Evasive Customer,10,Jayme Baunton,5603.92
587,Adolphus,Seers,Male,43,1966-05-27,Registered Nurse,Health,Mass Customer,Yes,19.0,52.0,50-59,1192 Declaration Hill,3207.0,VIC,Australia,8.0,53,7,3293.38,2,3,3,233,Losing Customer,7,Adolphus Seers,8623.87
588,Gunther,Jackman,Male,15,1963-10-05,Assistant Media Planner,Entertainment,Mass Customer,No,11.0,54.0,50-59,62 Cherokee Terrace,2630.0,NSW,Australia,1.0,19,5,3603.85,3,2,3,323,Potential Customer,5,Gunther Jackman,6053.33
589,Duff,Anan,Male,76,1995-12-07,Compensation Analyst,Financial Services,Mass Customer,Yes,1.0,22.0,20-29,01736 Saint Paul Way,2154.0,NSW,Australia,11.0,10,3,1397.8999999999999,4,1,1,411,Recent Customer,4,Duff Anan,3259.93
590,Ddene,Burleton,Female,85,1988-09-09,Assistant Professor,Health,Mass Customer,Yes,11.0,29.0,20-29,9816 Carberry Trail,2036.0,NSW,Australia,11.0,43,12,6629.570000000001,3,4,4,344,Recent Customer,4,Ddene Burleton,14475.62
591,Sydney,Endacott,Male,16,1974-10-02,Business Systems Development Analyst,Entertainment,Affluent Customer,No,16.0,43.0,40-49,36912 Gina Pass,2133.0,NSW,Australia,11.0,221,2,484.9599999999999,1,1,1,111,Lost Customer,11,Sydney Endacott,1083.8
592,Edik,Connichie,Male,73,1992-09-24,VP Sales,Manufacturing,Mass Customer,No,2.0,25.0,20-29,86857 Hoepker Lane,4300.0,QLD,Australia,8.0,199,4,1071.53,1,1,1,111,Lost Customer,11,Edik Connichie,3192.94
593,Eugenius,Packe,Male,64,1984-08-07,Structural Analysis Engineer,Unknown,Mass Customer,No,4.0,33.0,30-39,8435 Arkansas Terrace,2340.0,NSW,Australia,4.0,1,6,3493.8,4,2,3,423,Becoming Loyal,3,Eugenius Packe,5682.77
594,Humfrey,Frankland,Male,74,1980-07-22,Office Assistant II,Unknown,Mass Customer,No,13.0,37.0,30-39,25 Novick Center,2010.0,NSW,Australia,9.0,33,9,6630.72,3,4,4,344,Recent Customer,4,Humfrey Frankland,11996.12
595,Nikola,Jeanon,Male,72,1973-05-12,VP Marketing,Financial Services,Mass Customer,No,22.0,45.0,40-49,0278 Elka Place,4305.0,QLD,Australia,4.0,184,3,2011.1599999999999,1,1,2,112,Evasive Customer,10,Nikola Jeanon,3268.42
596,Sue,Chapelhow,Female,9,1968-10-20,Recruiter,Property,Affluent Customer,No,13.0,49.0,40-49,067 Cottonwood Park,4340.0,QLD,Australia,2.0,85,3,3836.34,2,1,3,213,High Risk Customer,8,Sue Chapelhow,4864.71
597,Cassandra,Aucoate,Female,6,1954-12-10,Recruiter,Manufacturing,Mass Customer,No,6.0,63.0,60-69,60010 Knutson Road,3137.0,VIC,Australia,7.0,61,5,1830.3900000000003,2,2,2,222,High Risk Customer,8,Cassandra Aucoate,4299.400000000001
598,Zebulen,Swadon,Male,25,1967-06-27,Financial Advisor,Financial Services,High Net Worth,No,12.0,51.0,50-59,945 Hayes Park,2075.0,NSW,Australia,12.0,131,7,3535.56,1,3,3,133,Almost Lost Customer,9,Zebulen Swadon,5976.1900000000005
599,Ernestus,Cruden,Unknown,48,,Senior Financial Analyst,Financial Services,Mass Customer,Yes,,,,86 Huxley Parkway,3068.0,VIC,Australia,8.0,115,5,4319.139999999999,1,2,4,124,Almost Lost Customer,9,Ernestus Cruden,7250.75
600,Duke,Allnatt,Male,65,1974-05-10,Nurse,Argiculture,Mass Customer,Yes,8.0,44.0,40-49,0 Rigney Way,2148.0,NSW,Australia,8.0,206,3,1854.78,1,1,2,112,Evasive Customer,10,Duke Allnatt,3893.54
601,Ken,Renfree,Male,56,1992-12-04,Senior Quality Engineer,Retail,High Net Worth,Yes,4.0,25.0,20-29,71 Meadow Ridge Parkway,2539.0,NSW,Australia,11.0,58,5,1423.4399999999998,2,2,1,221,High Risk Customer,8,Ken Renfree,5216.139999999999
602,Lebbie,Bruck,Female,0,1992-03-28,Office Assistant II,Unknown,High Net Worth,Yes,9.0,26.0,20-29,506 Iowa Center,4580.0,QLD,Australia,3.0,77,5,2568.76,2,2,2,222,High Risk Customer,8,Lebbie Bruck,5591.28
603,Alidia,Durrett,Female,28,1987-04-18,Marketing Assistant,Financial Services,Affluent Customer,No,11.0,31.0,30-39,846 Clove Junction,4300.0,QLD,Australia,5.0,49,7,3148.1,2,3,3,233,Losing Customer,7,Alidia Durrett,8284.07
604,Mella,Petrovsky,Female,72,1998-02-10,Help Desk Operator,IT,Affluent Customer,No,3.0,20.0,20-29,07 Pepper Wood Way,2750.0,NSW,Australia,8.0,69,6,4661.959999999999,2,2,4,224,Losing Customer,7,Mella Petrovsky,8162.76
605,Bart,Creenan,Male,13,1972-03-26,Electrical Engineer,Manufacturing,Mass Customer,Yes,5.0,46.0,40-49,425 Thierer Junction,2761.0,NSW,Australia,8.0,2,8,5025.64,4,4,4,444,Platinum Customer,1,Bart Creenan,9180.130000000001
606,Filia,Rosson,Female,62,1989-07-16,Chemical Engineer,Manufacturing,Mass Customer,Yes,2.0,28.0,20-29,876 Ridgeview Circle,2566.0,NSW,Australia,8.0,55,6,2488.5299999999997,2,2,2,222,High Risk Customer,8,Filia Rosson,6229.09
607,Adelaida,Redmond,Female,55,1976-08-10,Dental Hygienist,Health,Mass Customer,No,15.0,41.0,40-49,00164 Canary Drive,2041.0,NSW,Australia,11.0,58,9,6998.39,2,4,4,244,Losing Customer,7,Adelaida Redmond,11867.92
608,Alisun,Heinecke,Female,55,1980-01-08,Accounting Assistant I,Retail,High Net Worth,Yes,12.0,38.0,30-39,61 Talmadge Lane,4504.0,QLD,Australia,6.0,85,8,4050.1099999999997,2,4,3,243,Losing Customer,7,Alisun Heinecke,9260.29
609,Margalit,Dorwood,Female,32,2000-11-06,Computer Systems Analyst II,Health,Mass Customer,No,1.0,17.0,Under 20,55 Birchwood Alley,2176.0,NSW,Australia,9.0,36,4,2168.73,3,1,2,312,Late Bloomer,6,Margalit Dorwood,3937.44
610,Hyatt,Craine,Male,45,1958-03-16,Help Desk Technician,Financial Services,Mass Customer,Yes,15.0,60.0,60-69,3785 Dapin Drive,2036.0,NSW,Australia,6.0,46,9,3399.91,2,4,3,243,Losing Customer,7,Hyatt Craine,8135.95
611,Otto,Huriche,Male,58,1986-12-20,Help Desk Technician,Manufacturing,Mass Customer,Yes,16.0,31.0,30-39,83 Ryan Hill,4551.0,QLD,Australia,8.0,3,8,3500.44,4,4,3,443,Very Loyal,2,Otto Huriche,10622.380000000001
612,Grange,Skillington,Male,50,1962-01-12,GIS Technical Architect,Health,Mass Customer,No,14.0,56.0,50-59,679 Huxley Trail,2087.0,NSW,Australia,11.0,87,4,706.5599999999998,1,1,1,111,Lost Customer,11,Grange Skillington,3497.09
613,Carolann,O'Hallagan,Female,4,1989-11-14,Analyst Programmer,Property,High Net Worth,No,17.0,28.0,20-29,2 Hoffman Way,2212.0,NSW,Australia,9.0,3,6,2098.59,4,2,2,422,Becoming Loyal,3,Carolann O'Hallagan,5898.85
614,Nonnah,Johns,Female,45,1995-09-12,Unknown,Manufacturing,Mass Customer,Yes,11.0,22.0,20-29,786 Rowland Court,2035.0,NSW,Australia,11.0,18,9,6120.46,3,4,4,344,Recent Customer,4,Nonnah Johns,8557.0
615,Rebeca,Martonfi,Female,93,1956-05-11,Human Resources Assistant I,Property,Mass Customer,No,19.0,62.0,60-69,375 Drewry Alley,4120.0,QLD,Australia,9.0,42,4,3620.88,3,1,3,313,Late Bloomer,6,Rebeca Martonfi,6230.81
616,Perl,Bysaker,Female,36,1995-07-13,Unknown,Health,High Net Worth,No,6.0,22.0,20-29,608 Basil Alley,2306.0,NSW,Australia,4.0,92,4,1695.9999999999998,1,1,1,111,Lost Customer,11,Perl Bysaker,5439.8099999999995
617,Idell,Cole,Female,81,1960-08-01,Director of Sales,Property,Mass Customer,No,15.0,57.0,50-59,9 Schmedeman Hill,4075.0,QLD,Australia,7.0,20,4,2313.4299999999994,3,1,2,312,Late Bloomer,6,Idell Cole,3343.8599999999997
618,Lucho,Mitie,Male,17,1962-04-05,Electrical Engineer,Manufacturing,Affluent Customer,Yes,18.0,56.0,50-59,95022 Roth Terrace,3975.0,VIC,Australia,7.0,308,2,1202.3899999999999,1,1,1,111,Lost Customer,11,Lucho Mitie,2207.71
619,Finn,Dahlman,Male,39,1977-08-14,Speech Pathologist,Property,Mass Customer,No,20.0,40.0,40-49,66897 Pawling Circle,2066.0,NSW,Australia,9.0,65,7,3378.3500000000004,2,3,3,233,Losing Customer,7,Finn Dahlman,7042.71
620,Willy,Langley,Female,54,1973-03-26,Financial Analyst,Financial Services,Mass Customer,Yes,5.0,45.0,40-49,1 Thackeray Crossing,4114.0,QLD,Australia,3.0,103,8,1981.2999999999997,1,4,2,142,Almost Lost Customer,9,Willy Langley,5422.25
621,Constantin,Giacobbo,Male,78,1964-11-29,Systems Administrator III,Unknown,High Net Worth,No,14.0,53.0,50-59,363 Schiller Court,2763.0,NSW,Australia,7.0,2,9,6126.810000000001,4,4,4,444,Platinum Customer,1,Constantin Giacobbo,11872.470000000001
622,Arri,Lamden,Male,18,1968-10-18,Unknown,Financial Services,Mass Customer,No,17.0,49.0,40-49,1923 Fisk Lane,4341.0,QLD,Australia,3.0,266,3,1627.6899999999998,1,1,1,111,Lost Customer,11,Arri Lamden,4498.0
623,Hazel,Brokenshire,Male,52,1988-04-23,Health Coach II,Property,High Net Worth,No,4.0,30.0,30-39,4 Loeprich Avenue,4022.0,QLD,Australia,3.0,93,3,1636.8900000000003,1,1,1,111,Lost Customer,11,Hazel Brokenshire,5060.18
624,Winny,Girtin,Male,44,1976-01-13,Research Assistant II,Manufacturing,Mass Customer,Yes,13.0,42.0,40-49,575 Prentice Road,2168.0,NSW,Australia,8.0,90,3,3352.89,1,1,3,113,Evasive Customer,10,Winny Girtin,5079.93
625,Abra,Probets,Female,33,1974-11-27,Assistant Media Planner,Entertainment,High Net Worth,Yes,7.0,43.0,40-49,8 Melrose Road,4116.0,QLD,Australia,7.0,16,6,2326.08,4,2,2,422,Becoming Loyal,3,Abra Probets,5688.67
626,Albrecht,Forty,Male,12,1992-11-24,Geological Engineer,Manufacturing,Mass Customer,No,2.0,25.0,20-29,226 Rowland Street,4178.0,QLD,Australia,7.0,54,9,3437.3699999999994,2,4,3,243,Losing Customer,7,Albrecht Forty,8102.299999999999
627,Shanta,Knill,Female,24,1970-09-24,Unknown,Unknown,High Net Worth,No,10.0,47.0,40-49,6 Springs Junction,4123.0,QLD,Australia,5.0,58,5,4597.2699999999995,2,2,4,224,Losing Customer,7,Shanta Knill,6786.53
628,Mallissa,Gillespie,Female,14,1981-10-24,Actuary,Financial Services,Mass Customer,No,13.0,36.0,30-39,4744 Garrison Drive,4132.0,QLD,Australia,4.0,54,5,1313.8600000000001,2,2,1,221,High Risk Customer,8,Mallissa Gillespie,5519.54
629,Basil,Brellin,Male,29,1960-12-06,Chemical Engineer,Manufacturing,High Net Worth,No,6.0,57.0,50-59,64 Nelson Drive,4820.0,QLD,Australia,1.0,64,8,2245.43,2,4,2,242,Losing Customer,7,Basil Brellin,6490.53
630,D'arcy,Rowden,Male,90,1986-08-11,Statistician III,Property,Affluent Customer,Yes,17.0,31.0,30-39,87 Linden Park,2153.0,NSW,Australia,10.0,53,7,3717.21,2,3,3,233,Losing Customer,7,D'arcy Rowden,9406.55
631,Ortensia,Dronsfield,Female,33,1966-09-14,Computer Systems Analyst I,Health,Affluent Customer,No,17.0,51.0,50-59,329 Glacier Hill Alley,3076.0,VIC,Australia,8.0,16,6,1767.3899999999999,4,2,1,421,Becoming Loyal,3,Ortensia Dronsfield,3211.98
632,Angeli,O'Hegertie,Male,67,1998-04-26,General Manager,Health,Mass Customer,No,1.0,20.0,20-29,725 Cordelia Junction,3028.0,VIC,Australia,8.0,41,3,1726.6099999999997,3,1,1,311,Late Bloomer,6,Angeli O'Hegertie,3911.85
633,Alair,Hopkins,Male,51,1986-03-12,Nurse,Unknown,High Net Worth,Yes,11.0,32.0,30-39,32 Cody Place,4035.0,QLD,Australia,8.0,1,7,3328.45,4,3,3,433,Very Loyal,2,Alair Hopkins,7054.02
634,Melonie,Zisneros,Female,35,1978-01-30,Speech Pathologist,Manufacturing,Mass Customer,No,15.0,40.0,40-49,04 Namekagon Pass,2326.0,NSW,Australia,3.0,17,8,4445.37,4,4,4,444,Platinum Customer,1,Melonie Zisneros,7951.04
635,Joelle,Prior,Female,78,1976-09-25,Programmer Analyst IV,Unknown,Mass Customer,Yes,9.0,41.0,40-49,165 Petterle Place,2145.0,NSW,Australia,8.0,39,6,1220.6100000000001,3,2,1,321,Late Bloomer,6,Joelle Prior,3988.82
636,Alejandrina,Canavan,Female,42,1971-09-02,Systems Administrator II,Unknown,Mass Customer,No,19.0,46.0,40-49,8 Golf Drive,2747.0,NSW,Australia,9.0,19,7,4418.9,3,3,4,334,Potential Customer,5,Alejandrina Canavan,7808.71
637,Mercy,Wilsone,Female,60,1976-09-23,Health Coach I,Health,High Net Worth,No,13.0,41.0,40-49,9427 Tennyson Plaza,2759.0,NSW,Australia,8.0,7,13,5402.469999999999,4,4,4,444,Platinum Customer,1,Mercy Wilsone,13899.73
638,Joey,Ledram,Male,19,1967-04-29,Unknown,Manufacturing,High Net Worth,No,13.0,51.0,50-59,8300 Vermont Center,3429.0,VIC,Australia,6.0,60,8,3507.13,2,4,3,243,Losing Customer,7,Joey Ledram,10198.93
639,Mayor,Ismay,Male,51,1974-06-03,Nuclear Power Engineer,Manufacturing,Mass Customer,No,16.0,44.0,40-49,44 Upham Crossing,2148.0,NSW,Australia,7.0,8,6,2516.35,4,2,2,422,Becoming Loyal,3,Mayor Ismay,5831.55
640,Galvin,O'Keenan,Male,12,1975-07-12,Librarian,Entertainment,High Net Worth,Yes,10.0,42.0,40-49,18 Forest Avenue,2204.0,NSW,Australia,9.0,10,8,4278.6,4,4,4,444,Platinum Customer,1,Galvin O'Keenan,11141.29
641,Foster,Haysar,Male,86,1974-11-21,Accounting Assistant I,Manufacturing,Affluent Customer,No,3.0,43.0,40-49,049 Michigan Parkway,3337.0,VIC,Australia,6.0,202,4,2456.51,1,1,2,112,Evasive Customer,10,Foster Haysar,3853.34
642,Les,Mines,Male,9,1972-12-19,Automation Specialist IV,Property,Mass Customer,No,12.0,45.0,40-49,831 Hayes Park,4218.0,QLD,Australia,8.0,24,7,2724.29,3,3,2,332,Potential Customer,5,Les Mines,5304.37
643,Carolee,Butters,Female,48,1982-12-29,Assistant Media Planner,Entertainment,Mass Customer,Yes,10.0,35.0,30-39,491 Merry Crossing,3011.0,VIC,Australia,4.0,197,4,2308.04,1,1,2,112,Evasive Customer,10,Carolee Butters,5034.78
644,Tomlin,Hastwall,Male,59,1999-12-22,Administrative Officer,Health,Affluent Customer,No,2.0,18.0,Under 20,598 Randy Way,2380.0,NSW,Australia,1.0,157,3,549.9999999999999,1,1,1,111,Lost Customer,11,Tomlin Hastwall,1808.74
645,Randolf,Durant,Male,50,1971-04-01,Analyst Programmer,Unknown,High Net Worth,No,11.0,47.0,40-49,5873 Hagan Park,3015.0,VIC,Australia,10.0,116,7,5192.72,1,3,4,134,Almost Lost Customer,9,Randolf Durant,9008.59
646,Rowena,Parchment,Female,3,1973-07-22,Human Resources Manager,Manufacturing,Affluent Customer,No,13.0,44.0,40-49,3 Erie Hill,3564.0,VIC,Australia,2.0,110,4,2533.4099999999994,1,1,2,112,Evasive Customer,10,Rowena Parchment,4809.5199999999995
647,Stanislas,Baildon,Male,61,1957-01-23,Assistant Manager,Retail,Mass Customer,Yes,10.0,61.0,60-69,678 Old Gate Pass,3171.0,VIC,Australia,9.0,42,9,5279.19,3,4,4,344,Recent Customer,4,Stanislas Baildon,10703.609999999999
648,Gardiner,Nutley,Male,86,1978-06-04,Accountant II,Financial Services,Mass Customer,Yes,9.0,40.0,40-49,9 Mayfield Road,4551.0,QLD,Australia,7.0,57,7,4222.629999999999,2,3,4,234,Losing Customer,7,Gardiner Nutley,8410.93
649,Krissie,Dinan,Female,23,1974-12-07,Legal Assistant,Financial Services,Mass Customer,Yes,10.0,43.0,40-49,41759 Crowley Circle,2560.0,NSW,Australia,8.0,11,5,263.5399999999999,4,2,1,421,Becoming Loyal,3,Krissie Dinan,1718.19
650,Matthew,Petschelt,Male,81,1977-10-24,Assistant Manager,Health,Mass Customer,No,13.0,40.0,40-49,9892 Dennis Alley,2565.0,NSW,Australia,7.0,50,6,2904.69,2,2,3,223,High Risk Customer,8,Matthew Petschelt,7082.77
651,Minni,Deegin,Female,76,1973-10-24,Tax Accountant,Health,Affluent Customer,No,13.0,44.0,40-49,58729 Moland Trail,2035.0,NSW,Australia,12.0,18,3,3473.3199999999997,3,1,3,313,Late Bloomer,6,Minni Deegin,5028.17
652,Edee,Stoker,Female,62,1996-11-24,Staff Scientist,Financial Services,High Net Worth,Yes,1.0,21.0,20-29,36360 Coleman Trail,3850.0,VIC,Australia,3.0,5,9,2488.9,4,4,2,442,Very Loyal,2,Edee Stoker,10240.87
653,Maxy,Hurles,Male,68,1968-01-28,Graphic Designer,Financial Services,Affluent Customer,Yes,19.0,50.0,50-59,67 Aberg Hill,2519.0,NSW,Australia,4.0,37,5,2623.84,3,2,2,322,Late Bloomer,6,Maxy Hurles,4502.58
654,Noelani,Andreuzzi,Female,2,1993-05-19,Administrative Officer,Manufacturing,Affluent Customer,No,5.0,25.0,20-29,88 La Follette Way,2166.0,NSW,Australia,8.0,28,4,1884.8700000000001,3,1,2,312,Late Bloomer,6,Noelani Andreuzzi,4666.55
655,Stuart,Gebhardt,Male,64,1974-11-25,General Manager,Manufacturing,Affluent Customer,Yes,19.0,43.0,40-49,2884 Welch Lane,3807.0,VIC,Australia,8.0,51,6,5753.879999999999,2,2,4,224,Losing Customer,7,Stuart Gebhardt,8876.49
656,Marty,Lebreton,Female,80,1978-11-17,Automation Specialist III,Manufacturing,High Net Worth,Yes,8.0,39.0,30-39,60 Meadow Vale Hill,3032.0,VIC,Australia,5.0,10,8,3749.5599999999995,4,4,3,443,Very Loyal,2,Marty Lebreton,8438.35
657,Hoyt,,Male,66,1993-02-18,Safety Technician II,Manufacturing,Affluent Customer,No,10.0,25.0,20-29,9912 Eagle Crest Lane,4800.0,QLD,Australia,7.0,175,5,2529.8999999999996,1,2,2,122,Evasive Customer,10,Hoyt,4830.48
658,Donn,Bonnell,Male,38,1944-01-24,Tax Accountant,Manufacturing,Affluent Customer,Yes,8.0,74.0,70-79,355 Thackeray Circle,3025.0,VIC,Australia,9.0,97,5,2596.17,1,2,2,122,Evasive Customer,10,Donn Bonnell,5305.31
659,Natalee,Stringman,Female,44,1979-10-09,Unknown,Financial Services,Affluent Customer,Yes,15.0,38.0,30-39,56 Anniversary Avenue,2121.0,NSW,Australia,12.0,146,3,2481.28,1,1,2,112,Evasive Customer,10,Natalee Stringman,5140.610000000001
660,Stormi,,Female,82,1995-07-29,Geological Engineer,Manufacturing,High Net Worth,No,6.0,22.0,20-29,14 Autumn Leaf Avenue,2570.0,NSW,Australia,10.0,12,4,3839.45,4,1,3,413,Recent Customer,4,Stormi,5360.139999999999
661,Cinderella,Haslen,Female,35,1988-05-07,Sales Associate,IT,High Net Worth,No,14.0,30.0,30-39,30274 Graedel Way,2577.0,NSW,Australia,7.0,34,6,3308.0899999999997,3,2,3,323,Potential Customer,5,Cinderella Haslen,5564.07
662,Bonnibelle,Imos,Female,41,1967-07-04,Chemical Engineer,Manufacturing,Mass Customer,Yes,5.0,50.0,50-59,74013 Mesta Terrace,3084.0,VIC,Australia,9.0,86,7,3872.9999999999995,2,3,3,233,Losing Customer,7,Bonnibelle Imos,6635.87
663,Massimo,Seymour,Male,27,1997-07-17,VP Sales,Property,Affluent Customer,Yes,3.0,20.0,20-29,15 Lindbergh Center,2199.0,NSW,Australia,9.0,73,4,2132.7900000000004,2,1,2,212,High Risk Customer,8,Massimo Seymour,5447.21
664,Mathe,Scatcher,Male,38,1994-10-05,Research Nurse,Health,High Net Worth,No,4.0,23.0,20-29,3 Corscot Hill,4870.0,QLD,Australia,5.0,84,5,1939.1999999999998,2,2,2,222,High Risk Customer,8,Mathe Scatcher,3998.82
665,Chan,Kirckman,Male,82,1997-04-19,Human Resources Assistant I,Unknown,Mass Customer,No,5.0,21.0,20-29,77006 Nelson Point,4171.0,QLD,Australia,10.0,85,8,6260.02,2,4,4,244,Losing Customer,7,Chan Kirckman,9143.6
666,Anselma,Ricardon,Female,82,1983-11-01,Social Worker,Health,High Net Worth,Yes,15.0,34.0,30-39,25 Mesta Plaza,3975.0,VIC,Australia,8.0,41,5,2459.7599999999993,3,2,2,322,Late Bloomer,6,Anselma Ricardon,5173.84
667,Nicoline,Samwayes,Female,62,1994-03-19,Payment Adjustment Coordinator,Manufacturing,High Net Worth,Yes,3.0,24.0,20-29,1349 Namekagon Crossing,2134.0,NSW,Australia,12.0,19,5,3802.78,3,2,3,323,Potential Customer,5,Nicoline Samwayes,5826.33
668,Ebony,Threadgall,Female,61,1966-08-26,Junior Executive,Health,Mass Customer,No,7.0,51.0,50-59,186 Shasta Avenue,2066.0,NSW,Australia,9.0,6,7,4375.9800000000005,4,3,4,434,Very Loyal,2,Ebony Threadgall,7399.77
669,Fleur,Whittlesea,Female,73,1980-11-02,Research Associate,Unknown,Mass Customer,No,3.0,37.0,30-39,48 Warbler Road,4053.0,QLD,Australia,7.0,8,11,5513.28,4,4,4,444,Platinum Customer,1,Fleur Whittlesea,12187.939999999999
670,Janifer,Pountain,Female,75,1992-11-09,Business Systems Development Analyst,Retail,Affluent Customer,No,8.0,25.0,20-29,756 Farragut Place,4740.0,QLD,Australia,2.0,116,4,1542.17,1,1,1,111,Lost Customer,11,Janifer Pountain,4078.4
671,Aristotle,Vanni,Male,49,1984-07-25,Unknown,Argiculture,Mass Customer,No,5.0,33.0,30-39,197 Mifflin Hill,2260.0,NSW,Australia,10.0,62,6,5393.05,2,2,4,224,Losing Customer,7,Aristotle Vanni,7450.68
672,Kleon,Pallatina,Male,53,1977-01-12,Analog Circuit Design manager,Retail,High Net Worth,No,12.0,41.0,40-49,618 Independence Pass,2800.0,NSW,Australia,1.0,50,3,3633.1399999999994,2,1,3,213,High Risk Customer,8,Kleon Pallatina,4786.22
673,Artie,Ommanney,Male,35,1975-06-27,VP Sales,Health,Mass Customer,Yes,4.0,43.0,40-49,2836 Morning Drive,2304.0,NSW,Australia,7.0,2,5,2058.7,4,2,2,422,Becoming Loyal,3,Artie Ommanney,3435.2200000000003
674,Dalila,Rosel,Female,61,1954-08-22,Developer II,Unknown,Mass Customer,No,5.0,63.0,60-69,8 Lawn Hill,3752.0,VIC,Australia,7.0,115,6,3008.86,1,2,3,123,Evasive Customer,10,Dalila Rosel,6404.85
675,Sharl,Wiggin,Female,37,1976-12-19,Administrative Assistant I,Financial Services,Mass Customer,Yes,17.0,41.0,40-49,99 Cascade Crossing,2048.0,NSW,Australia,12.0,0,3,1396.6200000000003,4,1,1,411,Recent Customer,4,Sharl Wiggin,4204.51
676,Curtis,,Male,51,1968-05-19,Senior Editor,Unknown,High Net Worth,Yes,14.0,50.0,50-59,4 Sunfield Circle,2194.0,NSW,Australia,8.0,33,6,2894.85,3,2,3,323,Potential Customer,5,Curtis,6739.82
677,El,Toupe,Male,59,1997-07-28,Senior Cost Accountant,Financial Services,Mass Customer,No,5.0,20.0,20-29,5 Lyons Alley,2216.0,NSW,Australia,10.0,71,5,940.36,2,2,1,221,High Risk Customer,8,El Toupe,3703.87
678,Ambur,Symcoxe,Female,57,1995-08-31,Accounting Assistant II,IT,High Net Worth,No,2.0,22.0,20-29,96910 Sugar Point,4352.0,QLD,Australia,7.0,94,4,1746.2199999999998,1,1,1,111,Lost Customer,11,Ambur Symcoxe,3152.34
679,Yolande,Whild,Female,29,1974-10-21,Registered Nurse,Health,Mass Customer,No,12.0,43.0,40-49,558 Maple Court,2557.0,NSW,Australia,9.0,62,10,3551.2400000000002,2,4,3,243,Losing Customer,7,Yolande Whild,8300.07
680,Gay,Pickersgill,Unknown,22,,Unknown,IT,High Net Worth,Yes,,,,9114 Union Center,2209.0,NSW,Australia,7.0,14,4,3291.4300000000003,4,1,3,413,Recent Customer,4,Gay Pickersgill,5597.05
681,Jobyna,Elgey,Female,55,1978-09-18,VP Product Management,Manufacturing,Mass Customer,Yes,17.0,39.0,30-39,76 Hanson Junction,2147.0,NSW,Australia,9.0,7,6,2244.1899999999996,4,2,2,422,Becoming Loyal,3,Jobyna Elgey,5888.74
682,Ole,Euplate,Male,53,1971-03-16,Health Coach IV,Health,Affluent Customer,Yes,7.0,47.0,40-49,3 Sheridan Park,2548.0,NSW,Australia,8.0,20,7,5428.94,3,3,4,334,Potential Customer,5,Ole Euplate,8280.35
683,Brennan,Gagen,Male,60,1962-05-16,Unknown,Manufacturing,Mass Customer,Yes,10.0,56.0,50-59,40545 Forster Point,2262.0,NSW,Australia,7.0,15,5,1478.67,4,2,1,421,Becoming Loyal,3,Brennan Gagen,5616.71
684,Malvin,,Male,88,1987-07-03,Desktop Support Technician,Financial Services,Mass Customer,No,14.0,30.0,30-39,8425 Jackson Terrace,2763.0,NSW,Australia,9.0,42,8,2431.6000000000004,3,4,2,342,Potential Customer,5,Malvin,6011.92
685,Booth,Birkin,Unknown,28,,Senior Developer,IT,Mass Customer,No,,,,39035 Westerfield Plaza,2463.0,NSW,Australia,4.0,102,6,5218.199999999999,1,2,4,124,Almost Lost Customer,9,Booth Birkin,9271.630000000001
686,Hallie,Le feaver,Female,60,1954-07-17,GIS Technical Architect,Argiculture,High Net Worth,Yes,5.0,63.0,60-69,8234 Riverside Park,2481.0,NSW,Australia,9.0,37,5,2073.8100000000004,3,2,2,322,Late Bloomer,6,Hallie Le feaver,4622.87
687,Welby,Ninnotti,Male,25,1959-02-10,Executive Secretary,Retail,High Net Worth,Yes,5.0,59.0,50-59,4535 Daystar Parkway,2072.0,NSW,Australia,12.0,8,6,812.72,4,2,1,421,Becoming Loyal,3,Welby Ninnotti,2828.68
688,Baron,Bullus,Male,90,1969-02-15,Junior Executive,Health,High Net Worth,No,9.0,49.0,40-49,95 Fallview Avenue,3155.0,VIC,Australia,8.0,81,4,2967.8,2,1,3,213,High Risk Customer,8,Baron Bullus,5647.04
689,Hamnet,Berford,Male,91,1966-05-19,Senior Developer,Entertainment,High Net Worth,Yes,16.0,52.0,50-59,75826 Bellgrove Trail,3095.0,VIC,Australia,10.0,12,3,541.3299999999999,4,1,1,411,Recent Customer,4,Hamnet Berford,3614.25
690,Lindsey,,Male,95,1987-03-27,Assistant Professor,Unknown,Affluent Customer,Yes,17.0,31.0,30-39,64080 Susan Park,4207.0,QLD,Australia,7.0,64,6,3650.4999999999995,2,2,3,223,High Risk Customer,8,Lindsey,6516.74
691,Carver,Carwardine,Male,29,1954-08-25,Unknown,Financial Services,Affluent Customer,Yes,5.0,63.0,60-69,8179 Veith Pass,2577.0,NSW,Australia,7.0,39,8,5678.4,3,4,4,344,Recent Customer,4,Carver Carwardine,9841.22
692,Goraud,Ayling,Male,42,1987-12-25,Database Administrator IV,Property,Mass Customer,No,7.0,30.0,30-39,5 Maple Parkway,2160.0,NSW,Australia,9.0,50,9,5027.490000000001,2,4,4,244,Losing Customer,7,Goraud Ayling,8189.47
693,Bambi,Hebblethwaite,Female,46,1970-10-27,Unknown,Financial Services,Affluent Customer,Yes,19.0,47.0,40-49,0 Carey Drive,4110.0,QLD,Australia,4.0,10,5,3763.92,4,2,3,423,Becoming Loyal,3,Bambi Hebblethwaite,6667.92
694,Lilith,Lanning,Female,66,1968-12-28,Media Manager III,Health,Mass Customer,No,13.0,49.0,40-49,1 Moose Avenue,2017.0,NSW,Australia,8.0,7,5,2400.83,4,2,2,422,Becoming Loyal,3,Lilith Lanning,4359.78
695,Kevan,Kubal,Male,36,1977-11-30,Engineer II,Health,High Net Worth,No,11.0,40.0,40-49,02 Bartelt Center,2745.0,NSW,Australia,8.0,16,8,4659.0,4,4,4,444,Platinum Customer,1,Kevan Kubal,10407.64
696,Arch,Gaitskill,Male,57,1966-02-06,Programmer Analyst II,Unknown,Affluent Customer,Yes,6.0,52.0,50-59,0650 Sachs Circle,2769.0,NSW,Australia,10.0,21,7,1879.14,3,3,2,332,Potential Customer,5,Arch Gaitskill,4822.78
697,Weston,Brokenshaw,Male,25,1986-11-29,Environmental Specialist,Entertainment,Mass Customer,No,10.0,31.0,30-39,16420 Veith Crossing,4214.0,QLD,Australia,7.0,11,4,3996.6,4,1,3,413,Recent Customer,4,Weston Brokenshaw,5888.76
698,Ellette,Fahy,Female,90,1996-07-20,Human Resources Manager,Manufacturing,High Net Worth,Yes,1.0,21.0,20-29,81310 Charing Cross Plaza,3805.0,VIC,Australia,7.0,76,3,1295.96,2,1,1,211,Almost Lost Customer,9,Ellette Fahy,3362.66
699,Mirabella,Richter,Female,16,1972-08-04,Account Representative IV,IT,Affluent Customer,Yes,16.0,45.0,40-49,37430 Merrick Center,2770.0,NSW,Australia,6.0,55,3,976.2399999999999,2,1,1,211,Almost Lost Customer,9,Mirabella Richter,2655.81
700,Josias,Mulliner,Male,67,1990-02-20,Unknown,Financial Services,Mass Customer,No,4.0,28.0,20-29,6046 Sheridan Way,2322.0,NSW,Australia,3.0,106,8,4618.11,1,4,4,144,Almost Lost Customer,9,Josias Mulliner,7960.03
701,Ransell,Ruler,Male,18,1956-05-01,Food Chemist,Health,Mass Customer,Yes,8.0,62.0,60-69,537 Packers Street,4562.0,QLD,Australia,5.0,32,6,2215.5600000000004,3,2,2,322,Late Bloomer,6,Ransell Ruler,6285.29
702,Zorina,Bosomworth,Female,72,1960-02-09,Help Desk Technician,Unknown,Mass Customer,No,8.0,58.0,50-59,6 Briar Crest Court,2117.0,NSW,Australia,12.0,62,3,1905.88,2,1,2,212,High Risk Customer,8,Zorina Bosomworth,3825.6600000000003
703,Ethelda,,Female,66,1966-10-31,Unknown,Property,Mass Customer,No,15.0,51.0,50-59,4 Lillian Plaza,2283.0,NSW,Australia,6.0,1,5,4928.8,4,2,4,424,Becoming Loyal,3,Ethelda,7301.150000000001
704,Lindsay,Acaster,Female,49,1998-12-08,Research Nurse,Health,Mass Customer,No,4.0,19.0,Under 20,70836 Colorado Plaza,2571.0,NSW,Australia,11.0,10,10,4034.46,4,4,3,443,Very Loyal,2,Lindsay Acaster,10881.81
705,Eddie,Yekel,Male,48,1964-01-16,Quality Engineer,Retail,High Net Worth,No,14.0,54.0,50-59,15 Emmet Street,2233.0,NSW,Australia,10.0,11,5,502.12,4,2,1,421,Becoming Loyal,3,Eddie Yekel,3745.1800000000003
706,Kane,Gaffer,Male,44,1990-01-06,Media Manager IV,Financial Services,High Net Worth,Yes,5.0,28.0,20-29,8 Dottie Court,3480.0,VIC,Australia,1.0,30,6,7109.399999999999,3,2,4,324,Potential Customer,5,Kane Gaffer,10040.5
707,Homere,Rounds,Male,97,1973-07-23,Executive Secretary,Unknown,Mass Customer,Yes,7.0,44.0,40-49,520 Stephen Pass,3011.0,VIC,Australia,9.0,44,6,3368.2,3,2,3,323,Potential Customer,5,Homere Rounds,7563.61
708,Idalina,Wilcot,Female,31,1987-02-15,Safety Technician II,IT,Mass Customer,Yes,10.0,31.0,30-39,18939 Upham Hill,3551.0,VIC,Australia,3.0,175,3,2145.83,1,1,2,112,Evasive Customer,10,Idalina Wilcot,3149.0299999999997
709,Holly,Cavil,Female,83,1979-12-11,Accountant III,Financial Services,Mass Customer,Yes,5.0,38.0,30-39,4222 Porter Lane,3136.0,VIC,Australia,9.0,146,5,3243.2999999999997,1,2,3,123,Evasive Customer,10,Holly Cavil,5948.8099999999995
710,Benton,Oakly,Male,76,1970-03-01,Sales Representative,Retail,High Net Worth,Yes,13.0,48.0,40-49,1721 Nobel Junction,2753.0,NSW,Australia,8.0,39,7,6431.6900000000005,3,3,4,334,Potential Customer,5,Benton Oakly,9823.81
711,Audrey,Vickerman,Female,60,1972-03-03,Unknown,Unknown,Affluent Customer,No,7.0,46.0,40-49,30550 Pierstorff Lane,3093.0,VIC,Australia,7.0,83,4,2685.62,2,1,2,212,High Risk Customer,8,Audrey Vickerman,3784.83
712,Norine,Antonik,Female,22,1961-05-20,Unknown,IT,Mass Customer,No,14.0,57.0,50-59,6 Morning Drive,2232.0,NSW,Australia,9.0,61,8,4581.46,2,4,4,244,Losing Customer,7,Norine Antonik,9223.66
713,Adena,Northedge,Female,34,1994-09-26,Help Desk Technician,Unknown,Mass Customer,Yes,4.0,23.0,20-29,646 Mariners Cove Place,3023.0,VIC,Australia,6.0,255,4,1891.1,1,1,2,112,Evasive Customer,10,Adena Northedge,4564.42
714,Burtie,Scintsbury,Male,12,1964-07-13,Unknown,Manufacturing,High Net Worth,Yes,15.0,53.0,50-59,51 Londonderry Trail,2153.0,NSW,Australia,10.0,59,10,3222.87,2,4,3,243,Losing Customer,7,Burtie Scintsbury,8982.92
715,Royal,Shinn,Male,50,1968-09-07,Junior Executive,Unknown,Mass Customer,No,6.0,49.0,40-49,4086 Darwin Terrace,2176.0,NSW,Australia,9.0,158,3,2410.24,1,1,2,112,Evasive Customer,10,Royal Shinn,4278.66
716,Trescha,Preshous,Female,31,1979-11-09,Social Worker,Health,Mass Customer,No,11.0,38.0,30-39,4033 Hermina Road,2304.0,NSW,Australia,7.0,12,6,3777.5299999999997,4,2,3,423,Becoming Loyal,3,Trescha Preshous,6680.78
717,Basilius,Spieck,Male,65,1976-11-20,VP Product Management,Manufacturing,Mass Customer,Yes,11.0,41.0,40-49,37 Banding Avenue,2567.0,NSW,Australia,9.0,14,6,1857.27,4,2,2,422,Becoming Loyal,3,Basilius Spieck,4696.91
718,Cathe,Lorriman,Female,38,1978-02-18,Engineer I,Manufacturing,Mass Customer,Yes,7.0,40.0,40-49,8080 Victoria Plaza,4217.0,QLD,Australia,11.0,34,8,2164.08,3,4,2,342,Potential Customer,5,Cathe Lorriman,6777.43
719,Pattin,Weathey,Male,2,1953-12-30,Administrative Officer,Retail,Mass Customer,No,14.0,64.0,60-69,14254 Hallows Parkway,4615.0,QLD,Australia,1.0,11,8,4083.58,4,4,3,443,Very Loyal,2,Pattin Weathey,10708.56
720,Darrel,Canet,Male,67,1931-10-23,Recruiting Manager,Retail,Affluent Customer,No,6.0,86.0,80+,78 Glacier Hill Drive,2026.0,NSW,Australia,10.0,20,10,7212.17,3,4,4,344,Recent Customer,4,Darrel Canet,13004.35
721,Harmonia,Cornock,Female,84,1993-08-09,Account Representative III,Unknown,Affluent Customer,Yes,1.0,24.0,20-29,6 Fulton Road,3174.0,VIC,Australia,8.0,4,7,6579.619999999999,4,3,4,434,Very Loyal,2,Harmonia Cornock,8883.609999999999
722,Stewart,Brosoli,Male,69,1956-03-17,Marketing Manager,IT,Mass Customer,No,5.0,62.0,60-69,76 Londonderry Park,2777.0,NSW,Australia,9.0,87,5,2934.4399999999996,1,2,3,123,Evasive Customer,10,Stewart Brosoli,6548.61
723,Madelina,Marte,Female,41,1963-08-20,Food Chemist,Health,Mass Customer,Yes,6.0,54.0,50-59,68861 School Hill,2199.0,NSW,Australia,9.0,15,8,3489.9599999999996,4,4,3,443,Very Loyal,2,Madelina Marte,7012.59
724,Heinrik,Norcock,Male,7,1975-08-05,Analog Circuit Design manager,Financial Services,Mass Customer,Yes,4.0,42.0,40-49,09 Bartelt Lane,2190.0,NSW,Australia,8.0,23,8,5073.2699999999995,3,4,4,344,Recent Customer,4,Heinrik Norcock,9812.699999999999
725,Gage,Crossan,Male,61,1965-08-27,Design Engineer,Health,High Net Worth,Yes,19.0,52.0,50-59,29639 Porter Center,4221.0,QLD,Australia,8.0,3,11,7321.499999999999,4,4,4,444,Platinum Customer,1,Gage Crossan,13048.82
726,Norma,Blackbourn,Female,69,1978-02-10,Information Systems Manager,Health,Mass Customer,Yes,10.0,40.0,40-49,5811 Moulton Drive,2766.0,NSW,Australia,8.0,54,3,2965.7599999999993,2,1,3,213,High Risk Customer,8,Norma Blackbourn,5134.71
727,Lenci,Duerden,Male,98,1978-10-10,Senior Editor,Manufacturing,Mass Customer,No,3.0,39.0,30-39,80027 Ryan Terrace,3551.0,VIC,Australia,3.0,61,6,3970.0299999999997,2,2,3,223,High Risk Customer,8,Lenci Duerden,8768.09
728,Winthrop,Corser,Male,60,1956-10-03,VP Accounting,Financial Services,Mass Customer,Yes,8.0,61.0,60-69,8 Kingsford Hill,3429.0,VIC,Australia,6.0,25,9,6411.76,3,4,4,344,Recent Customer,4,Winthrop Corser,10919.45
729,Ammamaria,Standbridge,Female,30,1973-10-23,Analog Circuit Design manager,Health,Affluent Customer,No,11.0,44.0,40-49,8044 Emmet Hill,3150.0,VIC,Australia,9.0,1,10,10497.779999999999,4,4,4,444,Platinum Customer,1,Ammamaria Standbridge,15826.0
730,Robb,Poll,Male,42,1968-07-25,Web Designer IV,Unknown,Mass Customer,No,14.0,49.0,40-49,2249 Havey Hill,3183.0,VIC,Australia,10.0,14,7,3182.99,4,3,3,433,Very Loyal,2,Robb Poll,6529.49
731,Lorenza,Cawthorne,Female,57,1969-12-04,Unknown,Unknown,Mass Customer,No,6.0,48.0,40-49,1855 Stang Terrace,2145.0,NSW,Australia,9.0,25,6,2695.4,3,2,2,322,Late Bloomer,6,Lorenza Cawthorne,6259.200000000001
732,Bonita,Gethins,Female,71,1967-01-21,Actuary,Financial Services,Mass Customer,No,5.0,51.0,50-59,2 Riverside Trail,2154.0,NSW,Australia,11.0,64,5,3269.12,2,2,3,223,High Risk Customer,8,Bonita Gethins,6099.150000000001
733,Ham,Mayoh,Male,25,1973-11-30,Unknown,Manufacturing,Mass Customer,No,13.0,44.0,40-49,98 Esker Junction,2192.0,NSW,Australia,10.0,46,10,8210.300000000001,2,4,4,244,Losing Customer,7,Ham Mayoh,14532.51
734,Leicester,Fynes,Male,34,1980-07-06,Programmer III,Retail,Affluent Customer,No,11.0,37.0,30-39,9984 Pankratz Road,2145.0,NSW,Australia,10.0,89,3,1140.1499999999996,1,1,1,111,Lost Customer,11,Leicester Fynes,3346.12
735,Khalil,Pennings,Male,33,1965-04-20,Assistant Manager,Financial Services,Mass Customer,Yes,11.0,53.0,50-59,324 Mifflin Road,2290.0,NSW,Australia,7.0,87,4,3025.33,1,1,3,113,Evasive Customer,10,Khalil Pennings,6814.03
736,Sansone,Eastcourt,Male,41,1974-05-24,Help Desk Operator,Unknown,High Net Worth,No,8.0,44.0,40-49,2726 Cardinal Way,3073.0,VIC,Australia,5.0,11,6,4151.86,4,2,4,424,Becoming Loyal,3,Sansone Eastcourt,5999.719999999999
737,Sisely,Oppy,Female,75,1983-07-11,Systems Administrator III,Unknown,Mass Customer,No,16.0,34.0,30-39,3 Talisman Place,4811.0,QLD,Australia,2.0,54,7,4480.09,2,3,4,234,Losing Customer,7,Sisely Oppy,7386.14
738,Bunnie,Whines,Female,51,1984-12-08,Unknown,Argiculture,Mass Customer,Yes,9.0,33.0,30-39,282 West Trail,4005.0,QLD,Australia,5.0,69,8,4706.86,2,4,4,244,Losing Customer,7,Bunnie Whines,8764.37
739,Arnie,Zorn,Male,36,1964-12-13,Senior Editor,Manufacturing,Mass Customer,No,8.0,53.0,50-59,08260 Jay Court,3191.0,VIC,Australia,11.0,1,10,4842.2,4,4,4,444,Platinum Customer,1,Arnie Zorn,9430.63
740,Farr,Butterick,Male,9,1994-08-18,Unknown,Financial Services,Affluent Customer,No,6.0,23.0,20-29,12 6th Hill,4810.0,QLD,Australia,2.0,61,4,2083.73,2,1,2,212,High Risk Customer,8,Farr Butterick,6155.53
741,Cristionna,Mapes,Female,16,1979-02-15,Unknown,Unknown,Mass Customer,No,11.0,39.0,30-39,0297 Merchant Avenue,4121.0,QLD,Australia,9.0,148,5,1091.14,1,2,1,121,Evasive Customer,10,Cristionna Mapes,3482.3
742,Dexter,Robelin,Male,55,1966-04-24,Senior Developer,Manufacturing,Mass Customer,No,15.0,52.0,50-59,1 Monica Street,2100.0,NSW,Australia,9.0,10,6,1246.1099999999997,4,2,1,421,Becoming Loyal,3,Dexter Robelin,6918.96
743,Pattin,Morican,Male,89,1981-04-06,VP Accounting,Financial Services,Mass Customer,Yes,13.0,37.0,30-39,0272 Pankratz Hill,2031.0,NSW,Australia,10.0,89,5,4599.29,1,2,4,124,Almost Lost Customer,9,Pattin Morican,6065.4400000000005
744,Heinrik,,Male,54,1977-08-30,Graphic Designer,Manufacturing,Affluent Customer,Yes,14.0,40.0,40-49,2 North Crossing,3111.0,VIC,Australia,11.0,23,5,1267.6799999999998,3,2,1,321,Late Bloomer,6,Heinrik,4149.55
745,Dotty,Maylott,Female,84,1978-03-22,Unknown,Manufacturing,Mass Customer,Yes,13.0,40.0,40-49,345 Dovetail Avenue,4305.0,QLD,Australia,5.0,11,4,2066.03,4,1,2,412,Recent Customer,4,Dotty Maylott,2697.98
746,Aldo,Waistall,Male,47,1964-07-29,Business Systems Development Analyst,Unknown,Affluent Customer,Yes,17.0,53.0,50-59,2826 Huxley Center,3137.0,VIC,Australia,8.0,43,6,1779.1599999999999,3,2,1,321,Late Bloomer,6,Aldo Waistall,4853.96
747,Eula,Bruni,Female,91,1978-04-24,Database Administrator II,Unknown,Mass Customer,No,7.0,40.0,40-49,61043 Summer Ridge Junction,2229.0,NSW,Australia,11.0,35,2,571.3799999999999,3,1,1,311,Late Bloomer,6,Eula Bruni,1801.98
748,Linet,Postill,Female,51,1981-04-21,VP Marketing,Financial Services,High Net Worth,No,7.0,37.0,30-39,56045 Express Avenue,2176.0,NSW,Australia,9.0,46,9,3516.0,2,4,3,243,Losing Customer,7,Linet Postill,8538.05
749,Andreas,Cosin,Male,47,1972-08-01,Environmental Specialist,Argiculture,Mass Customer,No,19.0,45.0,40-49,760 Forest Dale Place,3068.0,VIC,Australia,12.0,80,9,1830.7199999999998,2,4,2,242,Losing Customer,7,Andreas Cosin,7591.94
750,Izaak,Gisborne,Male,42,1995-04-08,Analyst Programmer,Retail,Affluent Customer,Yes,7.0,23.0,20-29,99 Wayridge Place,2263.0,NSW,Australia,8.0,58,6,5391.709999999999,2,2,4,224,Losing Customer,7,Izaak Gisborne,7506.73
751,Amie,Dufty,Female,41,2001-10-31,Business Systems Development Analyst,Financial Services,Affluent Customer,No,1.0,16.0,Under 20,5 Dahle Trail,2117.0,NSW,Australia,10.0,130,2,96.62,1,1,1,111,Lost Customer,11,Amie Dufty,386.48
752,Kalil,Palombi,Male,13,1961-06-27,Speech Pathologist,Financial Services,High Net Worth,No,12.0,57.0,50-59,62215 Delaware Plaza,4118.0,QLD,Australia,3.0,20,8,2952.01,3,4,3,343,Potential Customer,5,Kalil Palombi,8004.32
754,Patsy,Beefon,Female,15,1979-07-28,Senior Financial Analyst,Financial Services,Mass Customer,No,14.0,38.0,30-39,00 Evergreen Center,3850.0,VIC,Australia,4.0,210,2,93.00999999999999,1,1,1,111,Lost Customer,11,Patsy Beefon,814.03
755,Baily,Imison,Male,31,1993-07-13,Senior Cost Accountant,Financial Services,Mass Customer,No,4.0,24.0,20-29,80 Maple Avenue,2536.0,NSW,Australia,4.0,95,3,847.22,1,1,1,111,Lost Customer,11,Baily Imison,2071.7799999999997
756,Carin,Lauthian,Female,65,1974-09-25,Computer Systems Analyst IV,Manufacturing,Mass Customer,Yes,16.0,43.0,40-49,43 Jana Way,3750.0,VIC,Australia,7.0,25,6,2121.61,3,2,2,322,Late Bloomer,6,Carin Lauthian,3859.17
757,Kinsley,Klimus,Male,91,1977-05-13,Environmental Tech,Financial Services,Mass Customer,No,18.0,41.0,40-49,195 Knutson Place,4019.0,QLD,Australia,8.0,72,5,2946.73,2,2,3,223,High Risk Customer,8,Kinsley Klimus,3967.6
758,Teena,Birrel,Female,99,1967-04-07,Unknown,Manufacturing,High Net Worth,Yes,11.0,51.0,50-59,9 Melby Park,2197.0,NSW,Australia,10.0,27,2,165.57999999999998,3,1,1,311,Late Bloomer,6,Teena Birrel,651.02
759,Mitchel,Schimek,Male,89,1963-04-18,Clinical Specialist,Health,High Net Worth,No,13.0,55.0,50-59,4 Vahlen Junction,2227.0,NSW,Australia,10.0,23,9,2956.48,3,4,3,343,Potential Customer,5,Mitchel Schimek,8217.14
760,Shamus,Fyndon,Male,46,1978-03-02,Assistant Professor,Unknown,Mass Customer,Yes,18.0,40.0,40-49,6330 Monica Way,2540.0,NSW,Australia,9.0,26,9,4847.05,3,4,4,344,Recent Customer,4,Shamus Fyndon,8569.289999999999
761,Vaughan,McCromley,Male,12,1977-11-27,Media Manager II,Health,Affluent Customer,Yes,4.0,40.0,40-49,7101 Gulseth Hill,2293.0,NSW,Australia,9.0,145,5,1896.39,1,2,2,122,Evasive Customer,10,Vaughan McCromley,6483.68
762,Kerwin,Jossel,Male,91,1980-03-06,Environmental Specialist,Unknown,Mass Customer,Yes,22.0,38.0,30-39,983 2nd Road,2560.0,NSW,Australia,8.0,85,5,2347.98,2,2,2,222,High Risk Customer,8,Kerwin Jossel,3989.6800000000003
763,Benita,Cuffley,Female,95,1987-11-05,Computer Systems Analyst IV,Manufacturing,Affluent Customer,No,12.0,30.0,30-39,08 Vidon Center,2143.0,NSW,Australia,5.0,74,6,3894.51,2,2,3,223,High Risk Customer,8,Benita Cuffley,6989.88
764,Samuel,Stiff,Male,40,1977-03-16,Environmental Tech,Financial Services,Mass Customer,Yes,22.0,41.0,40-49,36 Helena Drive,4305.0,QLD,Australia,1.0,79,4,1364.06,2,1,1,211,Almost Lost Customer,9,Samuel Stiff,4122.42
765,Valeria,Chazette,Female,50,1984-08-31,Unknown,Retail,Affluent Customer,No,16.0,33.0,30-39,20554 Orin Place,3630.0,VIC,Australia,1.0,24,10,5070.62,3,4,4,344,Recent Customer,4,Valeria Chazette,8794.98
766,Nonna,Hun,Female,16,1975-04-22,Unknown,Retail,Mass Customer,Yes,14.0,43.0,40-49,3903 Messerschmidt Park,2164.0,NSW,Australia,8.0,16,6,2271.9300000000003,4,2,2,422,Becoming Loyal,3,Nonna Hun,4962.24
767,Gustav,Kos,Male,70,1955-12-16,Budget/Accounting Analyst II,Manufacturing,High Net Worth,No,11.0,62.0,60-69,64 Muir Lane,2148.0,NSW,Australia,8.0,42,5,2438.84,3,2,2,322,Late Bloomer,6,Gustav Kos,6197.59
768,Alexia,Wolford,Female,5,1974-01-14,Web Developer IV,Argiculture,Affluent Customer,Yes,21.0,44.0,40-49,06495 Swallow Terrace,2759.0,NSW,Australia,9.0,5,9,5580.570000000001,4,4,4,444,Platinum Customer,1,Alexia Wolford,9425.52
769,Cameron,Letherbury,Male,65,1961-12-28,Analog Circuit Design manager,IT,Mass Customer,No,12.0,56.0,50-59,033 Loftsgordon Center,2150.0,NSW,Australia,8.0,19,8,5070.24,3,4,4,344,Recent Customer,4,Cameron Letherbury,9694.79
770,Zara,Maccaddie,Female,10,1984-02-05,Software Consultant,IT,High Net Worth,Yes,13.0,34.0,30-39,80 Scofield Alley,3121.0,VIC,Australia,10.0,49,6,4457.48,2,2,4,224,Losing Customer,7,Zara Maccaddie,6789.790000000001
771,Lammond,MacGeffen,Male,12,1964-03-12,Unknown,Unknown,Affluent Customer,Yes,8.0,54.0,50-59,64 Milwaukee Pass,4350.0,QLD,Australia,4.0,124,6,3155.81,1,2,3,123,Evasive Customer,10,Lammond MacGeffen,5901.7
772,Lorianna,Vidyapin,Female,12,1998-12-26,Community Outreach Specialist,Entertainment,Mass Customer,No,4.0,19.0,Under 20,50851 Vahlen Avenue,2567.0,NSW,Australia,7.0,2,5,2879.19,4,2,3,423,Becoming Loyal,3,Lorianna Vidyapin,6628.15
773,Robbie,Handaside,Male,77,1985-02-12,Unknown,Financial Services,Affluent Customer,Yes,20.0,33.0,30-39,88 Bay Drive,4305.0,QLD,Australia,3.0,72,8,5907.35,2,4,4,244,Losing Customer,7,Robbie Handaside,10334.68
774,Phelia,Perotti,Female,79,1998-11-27,Operator,Manufacturing,High Net Worth,No,1.0,19.0,Under 20,0 Thompson Road,3183.0,VIC,Australia,8.0,143,1,144.26,1,1,1,111,Lost Customer,11,Phelia Perotti,1311.44
775,Nikita,Kilby,Male,66,1982-09-21,Accounting Assistant IV,Manufacturing,Affluent Customer,No,4.0,35.0,30-39,99 Elka Street,4350.0,QLD,Australia,4.0,58,7,2862.3300000000004,2,3,3,233,Losing Customer,7,Nikita Kilby,6985.21
776,Stanley,Seven,Male,30,1980-09-24,Financial Analyst,Financial Services,High Net Worth,No,20.0,37.0,30-39,2699 Crest Line Way,4869.0,QLD,Australia,4.0,13,9,2201.86,4,4,2,442,Very Loyal,2,Stanley Seven,9151.17
777,Wolfgang,Tarrier,Male,2,1993-01-09,Paralegal,Financial Services,High Net Worth,No,4.0,25.0,20-29,6 Melody Trail,2145.0,NSW,Australia,9.0,27,6,3184.33,3,2,3,323,Potential Customer,5,Wolfgang Tarrier,5113.99
778,Stacy,Pozzi,Male,24,1976-11-17,Assistant Professor,Manufacturing,High Net Worth,No,13.0,41.0,40-49,90 New Castle Trail,2137.0,NSW,Australia,9.0,33,5,916.3199999999999,3,2,1,321,Late Bloomer,6,Stacy Pozzi,6292.889999999999
779,Maddy,Larrat,Female,1,1992-02-10,Staff Accountant III,Health,High Net Worth,No,7.0,26.0,20-29,2570 Wayridge Park,2093.0,NSW,Australia,9.0,82,5,2465.8100000000004,2,2,2,222,High Risk Customer,8,Maddy Larrat,4372.34
780,Kim,,Female,24,1973-10-12,Professor,Financial Services,Mass Customer,No,20.0,44.0,40-49,70 Old Gate Street,2354.0,NSW,Australia,3.0,88,3,798.6200000000001,1,1,1,111,Lost Customer,11,Kim,3499.7200000000003
781,Elvis,O'Leagham,Male,80,1958-11-15,Legal Assistant,Manufacturing,Mass Customer,No,17.0,59.0,50-59,3 Magdeline Terrace,2190.0,NSW,Australia,10.0,125,5,2256.31,1,2,2,122,Evasive Customer,10,Elvis O'Leagham,3763.4600000000005
782,Bevvy,Siegertsz,Female,30,1976-08-29,Geological Engineer,Manufacturing,Mass Customer,No,17.0,41.0,40-49,36744 Birchwood Center,4019.0,QLD,Australia,3.0,25,5,3431.8299999999995,3,2,3,323,Potential Customer,5,Bevvy Siegertsz,8440.67
783,Rudd,Strangeways,Male,6,1985-07-25,Information Systems Manager,Retail,Affluent Customer,No,14.0,32.0,30-39,68 Chinook Street,4814.0,QLD,Australia,2.0,96,5,3498.8599999999997,1,2,3,123,Evasive Customer,10,Rudd Strangeways,6170.6
784,Frederik,Duckett,Male,10,1977-01-24,Accounting Assistant III,IT,High Net Worth,Yes,22.0,41.0,40-49,0 Valley Edge Plaza,3201.0,VIC,Australia,6.0,143,2,304.07,1,1,1,111,Lost Customer,11,Frederik Duckett,760.18
785,Anthea,Guesford,Female,48,1979-08-26,Assistant Professor,Manufacturing,Mass Customer,Yes,18.0,38.0,30-39,8 Starling Trail,2282.0,NSW,Australia,8.0,18,5,507.86999999999995,3,2,1,321,Late Bloomer,6,Anthea Guesford,2941.55
786,Francklin,Ubanks,Male,34,1985-02-14,Unknown,Financial Services,Affluent Customer,No,16.0,33.0,30-39,3 Crest Line Plaza,2223.0,NSW,Australia,10.0,9,7,3828.7400000000002,4,3,3,433,Very Loyal,2,Francklin Ubanks,7114.27
787,Norma,Batrim,Female,29,1996-12-15,Unknown,Retail,Affluent Customer,Yes,2.0,21.0,20-29,0601 Stephen Place,2292.0,NSW,Australia,7.0,75,10,6646.0,2,4,4,244,Losing Customer,7,Norma Batrim,11292.54
788,Gregg,Townsend,Male,62,1964-07-01,Social Worker,Health,Mass Customer,No,11.0,54.0,50-59,00 Mockingbird Junction,2141.0,NSW,Australia,9.0,39,7,4228.66,3,3,4,334,Potential Customer,5,Gregg Townsend,8089.72
789,Gabrielle,Giraudot,Female,69,1978-04-28,Geological Engineer,Manufacturing,Affluent Customer,Yes,14.0,40.0,40-49,37817 Burning Wood Circle,2126.0,NSW,Australia,11.0,4,8,2892.7599999999998,4,4,3,443,Very Loyal,2,Gabrielle Giraudot,4497.3
790,Yvonne,,Female,22,1968-03-24,Senior Editor,Unknown,Affluent Customer,No,15.0,50.0,50-59,02353 Kropf Lane,3046.0,VIC,Australia,9.0,14,8,4889.11,4,4,4,444,Platinum Customer,1,Yvonne,9306.61
791,Tootsie,Hurt,Female,3,1968-09-29,Professor,Manufacturing,Mass Customer,Yes,14.0,49.0,40-49,79 Arkansas Drive,3008.0,VIC,Australia,10.0,123,6,3819.0,1,2,3,123,Evasive Customer,10,Tootsie Hurt,6605.22
792,Mitch,Rains,Male,10,1975-11-19,Structural Engineer,Unknown,High Net Worth,Yes,4.0,42.0,40-49,4085 Jackson Hill,2830.0,NSW,Australia,7.0,17,6,3295.65,4,2,3,423,Becoming Loyal,3,Mitch Rains,6907.9
793,Kissie,Delong,Female,97,1989-01-30,Actuary,Financial Services,High Net Worth,Yes,9.0,29.0,20-29,57 Gulseth Terrace,2099.0,NSW,Australia,10.0,1,10,4778.329999999999,4,4,4,444,Platinum Customer,1,Kissie Delong,12116.11
794,Scott,Ommundsen,Male,99,1955-05-12,Compensation Analyst,Financial Services,Affluent Customer,Yes,16.0,63.0,60-69,52737 Morningstar Crossing,2250.0,NSW,Australia,3.0,22,7,4248.67,3,3,4,334,Potential Customer,5,Scott Ommundsen,7832.74
795,Cassy,Awdry,Female,35,1973-08-20,Environmental Tech,Financial Services,High Net Worth,No,18.0,44.0,40-49,866 Rockefeller Junction,2171.0,NSW,Australia,9.0,18,5,2785.9800000000005,3,2,2,322,Late Bloomer,6,Cassy Awdry,5980.89
796,Ira,Lamlin,Female,8,1997-05-27,Financial Analyst,Financial Services,Mass Customer,No,2.0,21.0,20-29,414 Kensington Lane,3076.0,VIC,Australia,8.0,6,7,3815.93,4,3,3,433,Very Loyal,2,Ira Lamlin,6097.05
797,Meridel,Rawet,Female,51,1973-10-20,Internal Auditor,Financial Services,Mass Customer,No,19.0,44.0,40-49,81 Holy Cross Alley,2077.0,NSW,Australia,8.0,21,4,2277.96,3,1,2,312,Late Bloomer,6,Meridel Rawet,4668.49
798,Dorita,Blackburne,Female,22,1988-05-20,Teacher,Financial Services,High Net Worth,No,5.0,30.0,30-39,1 Loomis Parkway,3156.0,VIC,Australia,9.0,21,3,1691.81,3,1,1,311,Late Bloomer,6,Dorita Blackburne,4285.05
799,Harland,Spilisy,Unknown,39,,Programmer I,IT,Mass Customer,Yes,,,,572 Brown Circle,2756.0,NSW,Australia,8.0,10,11,7142.200000000001,4,4,4,444,Platinum Customer,1,Harland Spilisy,14399.89
800,Quint,Popov,Male,68,1978-12-31,Account Coordinator,Manufacturing,Mass Customer,No,8.0,39.0,30-39,92344 Oakridge Drive,4873.0,QLD,Australia,4.0,85,6,3239.48,2,2,3,223,High Risk Customer,8,Quint Popov,6283.9
801,Bertram,Linn,Male,28,1980-10-08,Geologist IV,Unknown,Affluent Customer,No,20.0,37.0,30-39,1626 Dawn Street,4514.0,QLD,Australia,3.0,182,2,254.62999999999994,1,1,1,111,Lost Customer,11,Bertram Linn,1074.8
802,Ailyn,Carberry,Female,50,1986-02-20,Financial Analyst,Financial Services,Mass Customer,No,3.0,32.0,30-39,845 Talisman Pass,4210.0,QLD,Australia,7.0,95,6,2893.2,1,2,3,123,Evasive Customer,10,Ailyn Carberry,7508.74
803,Nina,Murcutt,Female,96,1999-11-11,Nuclear Power Engineer,Manufacturing,High Net Worth,No,3.0,18.0,Under 20,1899 Manley Court,4551.0,QLD,Australia,7.0,66,6,1746.5500000000002,2,2,1,221,High Risk Customer,8,Nina Murcutt,3818.25
804,Henrietta,Seater,Female,98,1999-06-17,Technical Writer,Unknown,High Net Worth,Yes,1.0,19.0,Under 20,15067 Commercial Pass,4006.0,QLD,Australia,7.0,41,3,3065.8999999999996,3,1,3,313,Late Bloomer,6,Henrietta Seater,3480.5
805,Jorrie,Hanhardt,Female,48,1960-04-19,Electrical Engineer,Manufacturing,Mass Customer,No,10.0,58.0,50-59,80932 5th Street,2754.0,NSW,Australia,8.0,122,6,2795.75,1,2,2,122,Evasive Customer,10,Jorrie Hanhardt,6966.17
806,Carter,Kaesmakers,Male,66,1992-07-28,Sales Representative,Retail,Mass Customer,Yes,7.0,25.0,20-29,018 Erie Point,2767.0,NSW,Australia,9.0,31,4,2189.57,3,1,2,312,Late Bloomer,6,Carter Kaesmakers,4854.46
807,Lorne,Quested,Female,48,1980-11-25,Safety Technician I,Unknown,Affluent Customer,No,16.0,37.0,30-39,40402 Moulton Park,2282.0,NSW,Australia,8.0,80,4,2491.13,2,1,2,212,High Risk Customer,8,Lorne Quested,4367.13
808,Nigel,Phippard,Male,21,1979-11-21,Social Worker,Health,High Net Worth,Yes,17.0,38.0,30-39,246 Norway Maple Trail,3810.0,VIC,Australia,2.0,123,3,2119.7200000000003,1,1,2,112,Evasive Customer,10,Nigel Phippard,3676.8199999999997
809,Nevsa,Washtell,Female,83,1977-10-23,Biostatistician III,Health,Mass Customer,No,18.0,40.0,40-49,2 Autumn Leaf Plaza,2137.0,NSW,Australia,8.0,45,4,492.7399999999999,2,1,1,211,Almost Lost Customer,9,Nevsa Washtell,3653.47
810,Fawnia,Bartrum,Female,24,1998-04-04,Software Test Engineer IV,Health,Mass Customer,Yes,1.0,20.0,20-29,808 Starling Place,2173.0,NSW,Australia,9.0,68,4,945.1599999999999,2,1,1,211,Almost Lost Customer,9,Fawnia Bartrum,4539.42
811,Ive,Chapelhow,Male,6,1984-01-13,Nurse Practicioner,Unknown,Mass Customer,No,8.0,34.0,30-39,5409 Mandrake Circle,2152.0,NSW,Australia,10.0,174,4,496.61999999999995,1,1,1,111,Lost Customer,11,Ive Chapelhow,2483.69
812,Coral,Dunkirk,Female,1,1989-09-22,Unknown,Financial Services,Mass Customer,No,16.0,28.0,20-29,786 Bonner Drive,2340.0,NSW,Australia,4.0,197,3,566.34,1,1,1,111,Lost Customer,11,Coral Dunkirk,2694.8900000000003
813,Lisette,Nesbit,Female,12,1962-03-21,Account Representative III,Health,Mass Customer,No,14.0,56.0,50-59,7175 Orin Junction,2088.0,NSW,Australia,12.0,50,5,1633.61,2,2,1,221,High Risk Customer,8,Lisette Nesbit,4386.05
814,Raffarty,Giacomoni,Male,60,1959-12-23,Analog Circuit Design manager,Manufacturing,Mass Customer,No,14.0,58.0,50-59,8208 Lotheville Street,3805.0,VIC,Australia,8.0,48,3,2154.13,2,1,2,212,High Risk Customer,8,Raffarty Giacomoni,4661.23
815,Caryn,Sampey,Female,47,1974-07-06,Unknown,Manufacturing,Mass Customer,Yes,22.0,43.0,40-49,25689 Eastlawn Crossing,2067.0,NSW,Australia,11.0,27,6,5081.3,3,2,4,324,Potential Customer,5,Caryn Sampey,7646.77
816,Donni,Boor,Female,71,1957-01-10,Product Engineer,Manufacturing,Mass Customer,No,15.0,61.0,60-69,44 Lakewood Gardens Pass,2122.0,NSW,Australia,10.0,53,4,1098.3999999999999,2,1,1,211,Almost Lost Customer,9,Donni Boor,2934.97
817,Niel,Abilowitz,Male,38,1992-04-08,Editor,Financial Services,Mass Customer,Yes,6.0,26.0,20-29,87 Twin Pines Plaza,3976.0,VIC,Australia,5.0,16,5,2328.9300000000003,4,2,2,422,Becoming Loyal,3,Niel Abilowitz,5340.0
818,Beverie,Bosanko,Female,17,1973-12-21,Chemical Engineer,Manufacturing,Mass Customer,No,11.0,44.0,40-49,65 Sachtjen Park,2067.0,NSW,Australia,11.0,40,6,3028.8399999999997,3,2,3,323,Potential Customer,5,Beverie Bosanko,6141.46
819,Temp,Thebeau,Male,7,1975-07-17,Associate Professor,Manufacturing,Affluent Customer,Yes,5.0,42.0,40-49,84 Loomis Pass,2000.0,NSW,Australia,12.0,43,5,2558.04,3,2,2,322,Late Bloomer,6,Temp Thebeau,5033.21
820,Cecilia,Chipchase,Female,12,1977-01-06,Unknown,Financial Services,High Net Worth,No,16.0,41.0,40-49,58047 Westport Road,2040.0,NSW,Australia,12.0,3,10,4534.03,4,4,4,444,Platinum Customer,1,Cecilia Chipchase,8742.57
821,Gregoor,Aronovitz,Male,41,1981-07-24,Financial Analyst,Financial Services,Mass Customer,Yes,7.0,36.0,30-39,59000 American Center,2530.0,NSW,Australia,8.0,33,5,2925.75,3,2,3,323,Potential Customer,5,Gregoor Aronovitz,4826.39
822,Ardis,Tomlett,Female,67,1974-10-23,Sales Associate,Health,High Net Worth,No,17.0,43.0,40-49,659 Scofield Street,3175.0,VIC,Australia,5.0,328,1,802.26,1,1,1,111,Lost Customer,11,Ardis Tomlett,2005.66
823,Stesha,Morecombe,Female,91,1990-02-17,Internal Auditor,Manufacturing,Affluent Customer,No,9.0,28.0,20-29,388 Weeping Birch Plaza,2156.0,NSW,Australia,11.0,23,6,5811.3,3,2,4,324,Potential Customer,5,Stesha Morecombe,9755.81
824,Fleurette,Whardley,Female,97,1977-02-27,Financial Advisor,Financial Services,Affluent Customer,Yes,12.0,41.0,40-49,09413 Holmberg Terrace,4127.0,QLD,Australia,3.0,9,4,4137.78,4,1,3,413,Recent Customer,4,Fleurette Whardley,6017.27
825,Willis,Whyler,Male,17,1975-08-15,Computer Systems Analyst IV,Unknown,Affluent Customer,Yes,16.0,42.0,40-49,8640 Village Junction,2066.0,NSW,Australia,12.0,10,8,2315.9700000000003,4,4,2,442,Very Loyal,2,Willis Whyler,6046.6900000000005
826,Marc,Waddilove,Male,92,1998-12-25,Recruiting Manager,Financial Services,Mass Customer,Yes,1.0,19.0,Under 20,177 Sheridan Trail,2759.0,NSW,Australia,8.0,4,4,1454.6100000000001,4,1,1,411,Recent Customer,4,Marc Waddilove,4829.57
827,Phillis,Rudwell,Female,90,1996-05-07,Unknown,Health,Affluent Customer,No,5.0,22.0,20-29,1 Oriole Alley,4171.0,QLD,Australia,11.0,49,8,4014.42,2,4,3,243,Losing Customer,7,Phillis Rudwell,9051.45
828,Darda,Kernocke,Female,93,1957-12-14,Unknown,Health,Mass Customer,Yes,20.0,60.0,60-69,8925 Ryan Trail,2073.0,NSW,Australia,11.0,79,5,1378.3899999999999,2,2,1,221,High Risk Customer,8,Darda Kernocke,3777.5299999999997
829,Byran,Goodfield,Male,84,2001-01-22,Environmental Tech,Financial Services,High Net Worth,Yes,2.0,17.0,Under 20,77 Nova Junction,3218.0,VIC,Australia,8.0,12,6,4600.24,4,2,4,424,Becoming Loyal,3,Byran Goodfield,9236.19
830,Jayson,Chilcott,Male,58,1981-05-31,VP Quality Control,Manufacturing,Affluent Customer,No,6.0,37.0,30-39,43 Esker Pass,2228.0,NSW,Australia,8.0,149,6,2506.2700000000004,1,2,2,122,Evasive Customer,10,Jayson Chilcott,6106.9400000000005
831,Teddy,Keijser,Male,4,1973-04-20,Paralegal,Financial Services,Affluent Customer,No,11.0,45.0,40-49,205 Melody Circle,4207.0,QLD,Australia,4.0,11,5,1883.5899999999997,4,2,2,422,Becoming Loyal,3,Teddy Keijser,4245.84
832,Shaun,Murphey,Male,30,1977-11-30,Research Assistant IV,Retail,Mass Customer,No,14.0,40.0,40-49,44997 Anniversary Way,4114.0,QLD,Australia,3.0,17,12,8868.619999999999,4,4,4,444,Platinum Customer,1,Shaun Murphey,13562.13
833,Wadsworth,Hubane,Male,9,1995-10-03,Safety Technician II,Unknown,High Net Worth,Yes,4.0,22.0,20-29,4444 Bunting Point,2430.0,NSW,Australia,7.0,25,8,4776.1,3,4,4,344,Recent Customer,4,Wadsworth Hubane,8852.31
834,Rudolf,Brandes,Male,37,1973-04-07,Environmental Tech,Financial Services,Mass Customer,No,3.0,45.0,40-49,3 Washington Plaza,3199.0,VIC,Australia,7.0,18,4,722.3,3,1,1,311,Late Bloomer,6,Rudolf Brandes,3595.5299999999997
835,Zachary,Matyukon,Male,85,1968-04-22,Electrical Engineer,Manufacturing,Mass Customer,Yes,9.0,50.0,50-59,285 Aberg Point,2192.0,NSW,Australia,10.0,7,8,3225.92,4,4,3,443,Very Loyal,2,Zachary Matyukon,8541.23
836,Clemence,Vautre,Female,33,1990-04-02,Actuary,Financial Services,Mass Customer,Yes,9.0,28.0,20-29,4 Sachtjen Avenue,4210.0,QLD,Australia,10.0,72,4,1768.44,2,1,1,211,Almost Lost Customer,9,Clemence Vautre,3562.2
837,Derick,Fasler,Male,4,1957-01-11,Internal Auditor,Unknown,Mass Customer,Yes,13.0,61.0,60-69,055 Dakota Pass,2290.0,NSW,Australia,8.0,157,3,1335.81,1,1,1,111,Lost Customer,11,Derick Fasler,3406.25
838,Hayden,Heersema,Male,27,1971-02-03,Financial Advisor,Financial Services,High Net Worth,No,15.0,47.0,40-49,6 Green Ridge Circle,4350.0,QLD,Australia,3.0,41,4,1966.08,3,1,2,312,Late Bloomer,6,Hayden Heersema,3724.8199999999997
839,Charis,Greaves,Unknown,14,,Structural Analysis Engineer,IT,Mass Customer,Yes,,,,6841 Dawn Drive,2880.0,NSW,Australia,1.0,106,4,826.26,1,1,1,111,Lost Customer,11,Charis Greaves,2550.73
840,Chas,Carabet,Male,94,1964-06-20,VP Sales,Financial Services,Affluent Customer,Yes,19.0,54.0,50-59,74251 Golden Leaf Lane,4413.0,QLD,Australia,3.0,38,6,3320.09,3,2,3,323,Potential Customer,5,Chas Carabet,8144.96
841,Hanan,McGreay,Male,93,1966-09-22,Marketing Manager,Manufacturing,Affluent Customer,Yes,8.0,51.0,50-59,2 Dwight Street,3187.0,VIC,Australia,11.0,150,7,8330.089999999998,1,3,4,134,Almost Lost Customer,9,Hanan McGreay,10936.2
842,Mahmud,Dobbson,Male,59,1999-08-16,Compensation Analyst,Financial Services,High Net Worth,No,2.0,18.0,Under 20,511 Gulseth Plaza,3028.0,VIC,Australia,6.0,55,4,2137.1800000000003,2,1,2,212,High Risk Customer,8,Mahmud Dobbson,3639.46
843,Salomone,Sleford,Male,80,1989-09-05,Developer II,Manufacturing,Affluent Customer,Yes,9.0,28.0,20-29,71801 Grover Point,2166.0,NSW,Australia,10.0,2,6,2372.09,4,2,2,422,Becoming Loyal,3,Salomone Sleford,4090.19
844,Tome,Tyt,Male,13,1978-01-13,Nurse Practicioner,Financial Services,High Net Worth,No,9.0,40.0,40-49,69 Hovde Plaza,2680.0,NSW,Australia,5.0,31,9,4730.32,3,4,4,344,Recent Customer,4,Tome Tyt,12523.55
845,Koressa,Maris,Female,51,1973-12-24,Associate Professor,Manufacturing,Mass Customer,No,3.0,44.0,40-49,3387 Warrior Court,2527.0,NSW,Australia,7.0,125,3,672.39,1,1,1,111,Lost Customer,11,Koressa Maris,2004.13
846,Alvan,Rebichon,Male,60,1954-03-25,Geologist I,Manufacturing,Affluent Customer,No,17.0,64.0,60-69,7837 Derek Street,2147.0,NSW,Australia,9.0,82,3,2129.34,2,1,2,212,High Risk Customer,8,Alvan Rebichon,4385.62
847,Kelci,Morrison,Female,66,1991-05-26,Chief Design Engineer,Retail,High Net Worth,No,9.0,27.0,20-29,00 Algoma Crossing,2141.0,NSW,Australia,7.0,114,5,2521.58,1,2,2,122,Evasive Customer,10,Kelci Morrison,5363.83
848,Lannie,Chat,Male,79,1979-06-25,VP Product Management,Manufacturing,Mass Customer,No,13.0,39.0,30-39,341 Londonderry Point,4215.0,QLD,Australia,7.0,140,4,1964.5200000000002,1,1,2,112,Evasive Customer,10,Lannie Chat,4711.04
849,Sylvan,Capper,Male,72,1969-09-15,Librarian,Entertainment,Mass Customer,No,10.0,48.0,40-49,2661 Di Loreto Point,4701.0,QLD,Australia,7.0,27,6,4284.21,3,2,4,324,Potential Customer,5,Sylvan Capper,6086.66
850,Nevin,Hanfrey,Male,79,2000-09-24,Clinical Specialist,Health,Mass Customer,No,1.0,17.0,Under 20,036 Kedzie Terrace,2163.0,NSW,Australia,9.0,34,8,2838.72,3,4,2,342,Potential Customer,5,Nevin Hanfrey,7476.79
851,Cammi,Tesmond,Female,19,1987-12-30,Project Manager,Unknown,Affluent Customer,Yes,2.0,30.0,30-39,615 Spenser Drive,4220.0,QLD,Australia,10.0,9,4,3245.1199999999994,4,1,3,413,Recent Customer,4,Cammi Tesmond,5347.0
853,Nolana,Rotter,Female,26,1981-10-04,Media Manager I,Retail,Mass Customer,Yes,16.0,36.0,30-39,49 Buhler Plaza,2650.0,NSW,Australia,2.0,64,9,7263.659999999999,2,4,4,244,Losing Customer,7,Nolana Rotter,12711.369999999999
854,Charisse,Thoresby,Female,35,2000-10-24,Marketing Manager,Unknown,Affluent Customer,No,2.0,17.0,Under 20,56 Graceland Alley,3031.0,VIC,Australia,7.0,8,4,2074.13,4,1,2,412,Recent Customer,4,Charisse Thoresby,3992.51
855,Bennie,Llywarch,Female,74,1974-10-26,General Manager,Retail,High Net Worth,Yes,16.0,43.0,40-49,3 Magdeline Way,4415.0,QLD,Australia,2.0,104,4,3050.76,1,1,3,113,Evasive Customer,10,Bennie Llywarch,7241.66
856,Peyton,Monkeman,Male,63,1988-10-01,Quality Engineer,Financial Services,Mass Customer,Yes,9.0,29.0,20-29,94 Anhalt Way,3139.0,VIC,Australia,7.0,1,7,2912.65,4,3,3,433,Very Loyal,2,Peyton Monkeman,6845.04
857,Theo,,Female,15,1964-08-14,General Manager,Unknown,High Net Worth,No,4.0,53.0,50-59,18 Parkside Plaza,4122.0,QLD,Australia,4.0,24,5,3721.9199999999996,3,2,3,323,Potential Customer,5,Theo,6692.93
858,Barby,Charlwood,Female,79,1980-06-02,Internal Auditor,Financial Services,High Net Worth,Yes,9.0,38.0,30-39,681 Transport Pass,4055.0,QLD,Australia,7.0,11,6,2708.6000000000004,4,2,2,422,Becoming Loyal,3,Barby Charlwood,5654.55
859,Devinne,Tommeo,Female,53,1978-08-02,Geologist I,Financial Services,Affluent Customer,Yes,7.0,39.0,30-39,6 Harper Lane,2150.0,NSW,Australia,10.0,18,6,2289.06,3,2,2,322,Late Bloomer,6,Devinne Tommeo,6979.780000000001
860,Ida,,Female,80,1980-08-12,Unknown,Unknown,High Net Worth,Yes,7.0,37.0,30-39,59041 Independence Point,4020.0,QLD,Australia,9.0,91,4,3530.12,1,1,3,113,Evasive Customer,10,Ida,7381.19
861,Rebekah,Dmych,Female,73,1977-05-24,Senior Financial Analyst,Financial Services,High Net Worth,No,17.0,41.0,40-49,55 Hovde Parkway,3975.0,VIC,Australia,8.0,54,5,1009.34,2,2,1,221,High Risk Customer,8,Rebekah Dmych,5226.41
862,Worden,Fossitt,Male,83,1977-12-27,Information Systems Manager,Argiculture,High Net Worth,Yes,16.0,40.0,40-49,36903 Reinke Trail,3147.0,VIC,Australia,10.0,54,1,309.80999999999995,2,1,1,211,Almost Lost Customer,9,Worden Fossitt,774.53
863,Kessiah,Logg,Female,19,1961-09-10,Senior Financial Analyst,Financial Services,Affluent Customer,No,5.0,56.0,50-59,938 Nova Junction,3623.0,VIC,Australia,1.0,69,4,703.6199999999999,2,1,1,211,Almost Lost Customer,9,Kessiah Logg,2288.23
864,Regen,Nares,Male,6,1970-03-06,Unknown,Retail,High Net Worth,Yes,4.0,48.0,40-49,48 Bobwhite Crossing,4122.0,QLD,Australia,8.0,46,6,4499.38,2,2,4,224,Losing Customer,7,Regen Nares,8911.39
865,Germain,De la Harpe,Female,73,1965-04-12,Desktop Support Technician,Telecommunications,Mass Customer,No,19.0,53.0,50-59,7391 Ruskin Parkway,4356.0,QLD,Australia,5.0,121,7,4261.0,1,3,4,134,Almost Lost Customer,9,Germain De la Harpe,7192.900000000001
866,Stanislaus,Gottelier,Male,28,1973-01-05,Associate Professor,Unknown,Affluent Customer,Yes,14.0,45.0,40-49,677 Butternut Crossing,2216.0,NSW,Australia,7.0,98,5,4753.84,1,2,4,124,Almost Lost Customer,9,Stanislaus Gottelier,7599.92
867,Lura,MacKim,Female,12,1973-05-10,VP Marketing,Unknown,Mass Customer,No,17.0,45.0,40-49,8360 Washington Avenue,3124.0,VIC,Australia,12.0,293,6,4743.699999999999,1,2,4,124,Almost Lost Customer,9,Lura MacKim,7947.42
868,Effie,Duddy,Female,84,1979-07-18,VP Accounting,Financial Services,Mass Customer,Yes,11.0,38.0,30-39,519 Maywood Pass,2768.0,NSW,Australia,10.0,83,6,5534.83,2,2,4,224,Losing Customer,7,Effie Duddy,7529.639999999999
870,Hugh,Wilce,Male,63,1964-01-29,Pharmacist,Health,Mass Customer,No,6.0,54.0,50-59,383 Rockefeller Junction,2753.0,NSW,Australia,9.0,61,8,3818.9700000000003,2,4,3,243,Losing Customer,7,Hugh Wilce,6364.29
871,Janka,Yesinin,Female,40,1992-01-20,Unknown,Unknown,Mass Customer,Yes,5.0,26.0,20-29,71039 Packers Street,2034.0,NSW,Australia,10.0,54,8,3502.86,2,4,3,243,Losing Customer,7,Janka Yesinin,8700.560000000001
872,Suki,Ivachyov,Female,47,1971-04-28,Structural Engineer,IT,Mass Customer,No,13.0,47.0,40-49,5 Hauk Lane,2650.0,NSW,Australia,3.0,171,1,75.48000000000002,1,1,1,111,Lost Customer,11,Suki Ivachyov,290.62
873,Worthington,Penwarden,Male,37,1959-12-23,Occupational Therapist,Health,Affluent Customer,Yes,20.0,58.0,50-59,02377 Maywood Trail,2287.0,NSW,Australia,7.0,31,5,3226.46,3,2,3,323,Potential Customer,5,Worthington Penwarden,4426.2
874,Howard,Oseland,Male,78,2001-05-05,Unknown,Health,Mass Customer,Yes,1.0,17.0,Under 20,2 School Street,2010.0,NSW,Australia,10.0,46,8,2786.56,2,4,2,242,Losing Customer,7,Howard Oseland,8569.99
875,Caryl,Linnett,Male,34,1999-02-23,Recruiting Manager,Financial Services,Mass Customer,Yes,2.0,19.0,Under 20,9254 Straubel Street,3034.0,VIC,Australia,9.0,63,6,4796.959999999999,2,2,4,224,Losing Customer,7,Caryl Linnett,6933.69
876,Neil,Jencey,Male,44,1968-10-06,Physical Therapy Assistant,IT,High Net Worth,No,19.0,49.0,40-49,3 Glacier Hill Parkway,2196.0,NSW,Australia,10.0,16,3,1171.02,4,1,1,411,Recent Customer,4,Neil Jencey,2732.4700000000003
877,Didi,Milne,Female,92,1988-05-13,Accounting Assistant III,Financial Services,Mass Customer,Yes,3.0,30.0,30-39,029 Springview Place,2177.0,NSW,Australia,8.0,17,9,4918.87,4,4,4,444,Platinum Customer,1,Didi Milne,9182.89
878,Clarence,Silby,Male,31,1982-11-01,Environmental Specialist,Manufacturing,Mass Customer,Yes,9.0,35.0,30-39,1 Springview Place,4800.0,QLD,Australia,5.0,79,3,2809.75,2,1,2,212,High Risk Customer,8,Clarence Silby,4531.79
879,Hestia,Smetoun,Female,58,1978-08-02,Unknown,Unknown,Mass Customer,No,12.0,39.0,30-39,60 Meadow Valley Avenue,2219.0,NSW,Australia,10.0,76,4,852.5000000000001,2,1,1,211,Almost Lost Customer,9,Hestia Smetoun,3356.34
880,Neely,Lundon,Female,11,1963-12-31,Internal Auditor,Unknown,High Net Worth,Yes,10.0,54.0,50-59,42 Thompson Hill,2234.0,NSW,Australia,10.0,62,3,1751.7199999999998,2,1,1,211,Almost Lost Customer,9,Neely Lundon,4774.51
881,Carmella,O' Lone,Female,82,1980-05-07,Information Systems Manager,Unknown,High Net Worth,No,15.0,38.0,30-39,2 Pankratz Street,4812.0,QLD,Australia,5.0,147,3,2481.43,1,1,2,112,Evasive Customer,10,Carmella O' Lone,5353.86
882,Esmaria,Lythgoe,Female,59,1965-09-29,Unknown,Property,Mass Customer,Yes,11.0,52.0,50-59,65345 Marcy Crossing,2065.0,NSW,Australia,12.0,112,5,4571.93,1,2,4,124,Almost Lost Customer,9,Esmaria Lythgoe,6628.360000000001
883,Lolita,Bennie,Unknown,73,,Recruiter,IT,Mass Customer,Yes,,,,77 Pawling Pass,2537.0,NSW,Australia,3.0,47,4,705.35,2,1,1,211,Almost Lost Customer,9,Lolita Bennie,2114.02
884,Pepito,Lamming,Male,11,1978-01-30,Web Designer IV,Property,Mass Customer,No,17.0,40.0,40-49,06419 Dayton Junction,3191.0,VIC,Australia,10.0,1,6,2770.85,4,2,2,422,Becoming Loyal,3,Pepito Lamming,10922.09
885,Yancey,Wivell,Male,20,1966-11-11,Statistician IV,Financial Services,Mass Customer,No,18.0,51.0,50-59,5 Hauk Way,4870.0,QLD,Australia,8.0,7,3,863.6799999999998,4,1,1,411,Recent Customer,4,Yancey Wivell,3628.9399999999996
886,Dawna,McCullen,Female,53,1974-11-15,Accounting Assistant III,Health,Mass Customer,No,11.0,43.0,40-49,923 Westerfield Junction,2065.0,NSW,Australia,10.0,1,7,4067.6500000000005,4,3,3,433,Very Loyal,2,Dawna McCullen,9025.03
887,Patrizius,Hardinge,Male,55,1997-11-17,Unknown,Manufacturing,High Net Worth,No,1.0,20.0,20-29,707 Spaight Place,2830.0,NSW,Australia,4.0,39,8,5247.44,3,4,4,344,Recent Customer,4,Patrizius Hardinge,10938.66
888,Chickie,Gulleford,Female,62,1963-11-10,Accountant IV,Manufacturing,Mass Customer,No,10.0,54.0,50-59,89 Monument Place,4720.0,QLD,Australia,1.0,68,5,2278.7000000000003,2,2,2,222,High Risk Customer,8,Chickie Gulleford,5750.62
889,Ezequiel,Coggeshall,Male,46,1967-02-19,Sales Representative,Retail,Affluent Customer,Yes,10.0,51.0,50-59,583 Coleman Parkway,4213.0,QLD,Australia,9.0,36,5,2357.69,3,2,2,322,Late Bloomer,6,Ezequiel Coggeshall,4366.950000000001
890,Tony,Cordsen,Female,55,1974-02-01,Dental Hygienist,Health,Mass Customer,Yes,15.0,44.0,40-49,376 Buena Vista Street,2026.0,NSW,Australia,11.0,165,4,1561.06,1,1,1,111,Lost Customer,11,Tony Cordsen,4485.6
891,Talbot,Andrioni,Male,21,1981-08-06,Occupational Therapist,Health,High Net Worth,Yes,9.0,36.0,30-39,91457 Anderson Avenue,3124.0,VIC,Australia,12.0,12,4,1998.58,4,1,2,412,Recent Customer,4,Talbot Andrioni,4632.05
892,Conroy,Healy,Unknown,22,,Office Assistant II,IT,Mass Customer,Yes,,,,39 Ronald Regan Alley,3765.0,VIC,Australia,8.0,90,10,3941.7000000000003,1,4,3,143,Almost Lost Customer,9,Conroy Healy,9618.64
893,Gibby,Fearnley,Male,97,1983-09-11,Geologist I,IT,Mass Customer,No,16.0,34.0,30-39,1 5th Parkway,2148.0,NSW,Australia,8.0,75,7,4868.87,2,3,4,234,Losing Customer,7,Gibby Fearnley,9202.85
894,Catie,Kibbey,Female,13,1970-12-18,Desktop Support Technician,Financial Services,High Net Worth,Yes,9.0,47.0,40-49,7 Meadow Ridge Center,2165.0,NSW,Australia,9.0,48,8,3564.27,2,4,3,243,Losing Customer,7,Catie Kibbey,7512.48
895,Juli,Curness,Female,58,1966-09-03,Unknown,Unknown,Mass Customer,Yes,12.0,51.0,50-59,41821 Sheridan Center,2756.0,NSW,Australia,9.0,61,3,1867.17,2,1,2,212,High Risk Customer,8,Juli Curness,2714.21
896,Idell,Belderson,Female,25,1978-06-10,VP Sales,Unknown,Mass Customer,No,15.0,40.0,40-49,7 Reindahl Center,2767.0,NSW,Australia,8.0,38,4,1669.89,3,1,1,311,Late Bloomer,6,Idell Belderson,4448.32
897,Pris,Fance,Female,25,1969-01-11,Account Executive,Manufacturing,Mass Customer,No,11.0,49.0,40-49,6382 Bayside Street,2153.0,NSW,Australia,10.0,98,8,4883.1,1,4,4,144,Almost Lost Customer,9,Pris Fance,9629.18
898,Reyna,Braizier,Female,53,1977-08-28,General Manager,Financial Services,Affluent Customer,No,16.0,40.0,40-49,850 Manitowish Avenue,2148.0,NSW,Australia,8.0,205,1,179.44,1,1,1,111,Lost Customer,11,Reyna Braizier,478.16
899,Teodora,Lawling,Female,42,1963-08-05,Business Systems Development Analyst,Health,Affluent Customer,Yes,12.0,54.0,50-59,88 Comanche Point,2486.0,NSW,Australia,7.0,49,6,1274.48,2,2,1,221,High Risk Customer,8,Teodora Lawling,4240.0599999999995
900,Clevey,Ivamy,Male,48,1990-08-07,Associate Professor,Manufacturing,Mass Customer,Yes,5.0,27.0,20-29,13845 Hayes Center,3228.0,VIC,Australia,8.0,12,4,780.7,4,1,1,411,Recent Customer,4,Clevey Ivamy,2446.44
901,Letta,McCarter,Female,13,1975-04-27,Unknown,Retail,Mass Customer,Yes,16.0,43.0,40-49,88022 South Road,4511.0,QLD,Australia,5.0,82,4,3812.88,2,1,3,213,High Risk Customer,8,Letta McCarter,6948.22
902,Selene,Vasiltsov,Female,37,1989-07-26,Staff Scientist,Retail,Mass Customer,No,18.0,28.0,20-29,9 Northridge Lane,2340.0,NSW,Australia,3.0,14,9,6003.05,4,4,4,444,Platinum Customer,1,Selene Vasiltsov,9408.53
903,Hewe,Lidgley,Male,46,1961-07-03,Unknown,Financial Services,Mass Customer,No,14.0,56.0,50-59,95530 Hallows Circle,4110.0,QLD,Australia,5.0,16,9,3401.8500000000004,4,4,3,443,Very Loyal,2,Hewe Lidgley,10102.58
904,Kariotta,Ludman,Female,51,1974-05-06,Database Administrator II,Unknown,High Net Worth,Yes,11.0,44.0,40-49,97 Karstens Place,4226.0,QLD,Australia,7.0,37,4,1496.79,3,1,1,311,Late Bloomer,6,Kariotta Ludman,5063.82
905,Dorian,Drinkel,Female,41,1978-02-11,Safety Technician II,Manufacturing,Affluent Customer,No,12.0,40.0,40-49,237 Summit Pass,4506.0,QLD,Australia,3.0,105,8,3553.2799999999997,1,4,3,143,Almost Lost Customer,9,Dorian Drinkel,6801.49
906,Cammy,Marcroft,Male,73,1998-12-30,Financial Analyst,Financial Services,High Net Worth,Yes,3.0,19.0,Under 20,1 Cottonwood Street,3150.0,VIC,Australia,9.0,16,9,4473.87,4,4,4,444,Platinum Customer,1,Cammy Marcroft,12920.289999999999
907,Eamon,McWhin,Male,51,1978-12-25,Sales Associate,Property,High Net Worth,Yes,17.0,39.0,30-39,8642 Forest Run Avenue,2026.0,NSW,Australia,9.0,26,7,1370.3700000000001,3,3,1,331,Potential Customer,5,Eamon McWhin,3448.87
908,Carry,Tomlett,Female,86,1980-08-28,Unknown,Financial Services,Affluent Customer,Yes,17.0,37.0,30-39,352 Bonner Crossing,3084.0,VIC,Australia,8.0,4,7,2880.1000000000004,4,3,3,433,Very Loyal,2,Carry Tomlett,4679.15
909,Suzette,Surgison,Female,77,1960-01-04,Operator,Unknown,High Net Worth,Yes,8.0,58.0,50-59,52726 High Crossing Junction,3802.0,VIC,Australia,7.0,189,5,5289.219999999999,1,2,4,124,Almost Lost Customer,9,Suzette Surgison,8560.51
910,Lewes,Foulcher,Male,50,1986-04-26,Biostatistician I,Financial Services,Mass Customer,No,14.0,32.0,30-39,60086 Summit Lane,2116.0,NSW,Australia,10.0,272,2,1346.38,1,1,1,111,Lost Customer,11,Lewes Foulcher,1932.55
911,Marcellus,Shawcroft,Male,62,1974-10-13,Structural Analysis Engineer,Property,Affluent Customer,No,3.0,43.0,40-49,5 Farmco Way,2747.0,NSW,Australia,8.0,56,5,633.3499999999998,2,2,1,221,High Risk Customer,8,Marcellus Shawcroft,3792.6
912,Vince,Dalmon,Male,37,1968-07-19,Sales Representative,Retail,Mass Customer,Yes,19.0,49.0,40-49,33 Kropf Hill,2211.0,NSW,Australia,10.0,40,7,4164.21,3,3,4,334,Potential Customer,5,Vince Dalmon,7206.52
913,Dayle,Spearman,Female,67,2000-10-28,Unknown,Financial Services,Mass Customer,No,1.0,17.0,Under 20,2 Derek Pass,2222.0,NSW,Australia,7.0,63,5,2625.44,2,2,2,222,High Risk Customer,8,Dayle Spearman,5573.5
914,Marc,Egleton,Male,73,1999-06-16,Chemical Engineer,Manufacturing,Affluent Customer,Yes,2.0,19.0,Under 20,87140 Mandrake Lane,3124.0,VIC,Australia,8.0,106,5,2530.93,1,2,2,122,Evasive Customer,10,Marc Egleton,5533.82
915,Austina,Orrice,Female,17,1984-09-07,Budget/Accounting Analyst IV,Entertainment,Mass Customer,No,7.0,33.0,30-39,69278 High Crossing Place,2795.0,NSW,Australia,5.0,28,4,425.1899999999999,3,1,1,311,Late Bloomer,6,Austina Orrice,3737.5699999999997
916,Joycelin,,Female,18,1991-06-18,Recruiter,Unknown,Affluent Customer,No,8.0,27.0,20-29,42 Cordelia Park,2567.0,NSW,Australia,8.0,36,5,3465.07,3,2,3,323,Potential Customer,5,Joycelin,5850.91
917,Odo,MacKaig,Male,63,1964-05-06,VP Product Management,Financial Services,Mass Customer,No,19.0,54.0,50-59,50 2nd Center,3188.0,VIC,Australia,9.0,35,8,5392.89,3,4,4,344,Recent Customer,4,Odo MacKaig,7452.88
918,Mahmud,Chiles,Male,73,1975-02-26,Internal Auditor,Health,High Net Worth,No,13.0,43.0,40-49,8 Colorado Circle,3730.0,VIC,Australia,4.0,16,6,4066.2400000000002,4,2,3,423,Becoming Loyal,3,Mahmud Chiles,6040.75
919,Grove,Peltzer,Male,48,1987-07-17,Registered Nurse,Health,Mass Customer,Yes,13.0,30.0,30-39,55 Daystar Court,2234.0,NSW,Australia,10.0,80,9,4458.889999999999,2,4,4,244,Losing Customer,7,Grove Peltzer,10701.04
920,Stefano,Thornborrow,Male,89,1976-01-19,Software Test Engineer IV,Health,Mass Customer,Yes,19.0,42.0,40-49,21 Dwight Crossing,2062.0,NSW,Australia,10.0,90,6,4144.19,1,2,3,123,Evasive Customer,10,Stefano Thornborrow,6259.75
921,Gretchen,Seneschal,Female,77,1979-12-19,Help Desk Technician,Manufacturing,Mass Customer,No,7.0,38.0,30-39,3828 Norway Maple Avenue,2027.0,NSW,Australia,11.0,44,8,7516.02,3,4,4,344,Recent Customer,4,Gretchen Seneschal,11852.14
922,Bekki,Ralston,Female,52,1972-10-10,Operator,Financial Services,Mass Customer,No,19.0,45.0,40-49,3044 Summer Ridge Center,3060.0,VIC,Australia,8.0,188,2,41.129999999999995,1,1,1,111,Lost Customer,11,Bekki Ralston,1768.82
923,Garrek,Grimwade,Male,44,1977-06-26,Senior Financial Analyst,Financial Services,High Net Worth,No,19.0,41.0,40-49,43455 Carey Center,4131.0,QLD,Australia,4.0,32,7,3337.16,3,3,3,333,Potential Customer,5,Garrek Grimwade,6019.1900000000005
924,Clementius,Hambric,Male,33,1976-11-08,Computer Systems Analyst II,Unknown,Affluent Customer,No,13.0,41.0,40-49,57953 Drewry Street,2518.0,NSW,Australia,10.0,109,9,3544.44,1,4,3,143,Almost Lost Customer,9,Clementius Hambric,8254.23
925,Nicko,Pembridge,Male,42,1978-08-07,Accountant IV,Manufacturing,Affluent Customer,No,16.0,39.0,30-39,3 Luster Junction,2323.0,NSW,Australia,4.0,12,10,4371.16,4,4,4,444,Platinum Customer,1,Nicko Pembridge,10850.689999999999
926,Terrel,Matthisson,Male,18,1965-10-14,Professor,Telecommunications,Affluent Customer,No,10.0,52.0,50-59,9987 Stuart Alley,2766.0,NSW,Australia,8.0,12,5,1258.52,4,2,1,421,Becoming Loyal,3,Terrel Matthisson,4212.57
927,Jarret,,Male,25,1966-02-19,Cost Accountant,Financial Services,Mass Customer,Yes,18.0,52.0,50-59,2309 Gulseth Way,3199.0,VIC,Australia,8.0,295,3,1982.12,1,1,2,112,Evasive Customer,10,Jarret,3712.1099999999997
928,Porty,Clemmitt,Male,61,1973-05-14,Associate Professor,Unknown,High Net Worth,Yes,18.0,45.0,40-49,730 Dixon Place,3158.0,VIC,Australia,8.0,11,8,2798.72,4,4,2,442,Very Loyal,2,Porty Clemmitt,6370.69
929,Kippy,Conerding,Male,0,1965-09-04,Database Administrator III,Financial Services,Mass Customer,Yes,13.0,52.0,50-59,10421 Cordelia Parkway,3188.0,VIC,Australia,12.0,56,5,2540.3499999999995,2,2,2,222,High Risk Customer,8,Kippy Conerding,4985.79
930,Evelina,Dinan,Female,86,1971-11-10,Executive Secretary,Retail,Mass Customer,Yes,8.0,46.0,40-49,35454 Welch Hill,2477.0,NSW,Australia,6.0,147,2,150.89,1,1,1,111,Lost Customer,11,Evelina Dinan,1431.17
931,Katrina,Sappson,Female,59,1999-08-07,Design Engineer,Manufacturing,Affluent Customer,Yes,1.0,18.0,Under 20,3403 Spenser Terrace,3143.0,VIC,Australia,8.0,70,5,2890.0600000000004,2,2,3,223,High Risk Customer,8,Katrina Sappson,6046.89
932,Yoko,Dowrey,Female,30,1989-07-20,Graphic Designer,Unknown,Mass Customer,No,18.0,28.0,20-29,06 Oneill Parkway,2770.0,NSW,Australia,7.0,3,6,2121.73,4,2,2,422,Becoming Loyal,3,Yoko Dowrey,4854.48
933,Melany,L'oiseau,Female,75,1996-05-19,Help Desk Operator,Retail,Mass Customer,Yes,5.0,22.0,20-29,243 Ridge Oak Center,2195.0,NSW,Australia,9.0,0,5,2817.63,4,2,2,422,Becoming Loyal,3,Melany L'oiseau,7598.65
934,Marcellus,Louisot,Male,76,1996-01-22,Human Resources Manager,Manufacturing,Mass Customer,No,6.0,22.0,20-29,4 Eastlawn Crossing,2036.0,NSW,Australia,12.0,0,8,4899.5999999999985,4,4,4,444,Platinum Customer,1,Marcellus Louisot,9379.6
935,Aldin,Cracker,Male,76,1994-09-12,Marketing Manager,Unknown,Mass Customer,Yes,3.0,23.0,20-29,33 Farwell Crossing,2575.0,NSW,Australia,10.0,53,7,5502.11,2,3,4,234,Losing Customer,7,Aldin Cracker,8652.22
936,Raffaello,Godleman,Male,64,1988-05-16,Speech Pathologist,Health,High Net Worth,No,3.0,30.0,30-39,5 Reindahl Point,3400.0,VIC,Australia,2.0,32,12,9244.9,3,4,4,344,Recent Customer,4,Raffaello Godleman,17160.24
937,Nikolos,McKyrrelly,Male,65,1985-11-15,Human Resources Assistant IV,Manufacturing,Affluent Customer,No,15.0,32.0,30-39,8882 Valley Edge Junction,2145.0,NSW,Australia,8.0,15,5,2680.15,4,2,2,422,Becoming Loyal,3,Nikolos McKyrrelly,4550.33
938,Corabelle,,Female,18,1996-04-06,Technical Writer,Retail,Mass Customer,No,7.0,22.0,20-29,633 Cordelia Alley,3037.0,VIC,Australia,7.0,61,8,4803.95,2,4,4,244,Losing Customer,7,Corabelle,7614.88
939,Cristian,Theodoris,Male,53,1961-01-10,Product Engineer,Manufacturing,Mass Customer,No,6.0,57.0,50-59,32 Dennis Hill,2233.0,NSW,Australia,9.0,31,4,1818.27,3,1,1,311,Late Bloomer,6,Cristian Theodoris,5121.02
940,Marnia,Claesens,Female,3,1987-06-16,Administrative Officer,Manufacturing,Mass Customer,No,9.0,31.0,30-39,54905 Anniversary Pass,4570.0,QLD,Australia,2.0,52,5,3256.1400000000003,2,2,3,223,High Risk Customer,8,Marnia Claesens,6172.42
941,Tye,Doohan,Male,13,1995-02-02,Recruiting Manager,Financial Services,Affluent Customer,Yes,1.0,23.0,20-29,5 Gale Street,4507.0,QLD,Australia,8.0,33,10,11668.949999999999,3,4,4,344,Recent Customer,4,Tye Doohan,17898.46
942,Shirley,Brook,Female,31,1974-02-07,Director of Sales,Financial Services,Mass Customer,Yes,14.0,44.0,40-49,5413 Burning Wood Plaza,4220.0,QLD,Australia,8.0,143,4,2859.4700000000003,1,1,3,113,Evasive Customer,10,Shirley Brook,4111.12
943,Holly,Gamett,Male,94,1979-09-17,Legal Assistant,Property,Affluent Customer,Yes,15.0,38.0,30-39,6183 Morrow Court,2113.0,NSW,Australia,11.0,112,7,6038.52,1,3,4,134,Almost Lost Customer,9,Holly Gamett,9442.1
944,Anderea,Dallewater,Female,53,1976-01-12,Unknown,Manufacturing,Mass Customer,No,15.0,42.0,40-49,9 Colorado Trail,3799.0,VIC,Australia,3.0,85,8,1978.01,2,4,2,242,Losing Customer,7,Anderea Dallewater,4915.05
945,Hebert,Bernocchi,Male,59,1998-08-26,Human Resources Manager,Unknown,High Net Worth,Yes,1.0,19.0,Under 20,627 Ronald Regan Alley,4505.0,QLD,Australia,6.0,14,7,3812.2699999999995,4,3,3,433,Very Loyal,2,Hebert Bernocchi,9247.25
946,Bettina,Farrer,Female,16,1961-07-17,Research Associate,Manufacturing,High Net Worth,No,12.0,56.0,50-59,93446 Eagle Crest Plaza,2229.0,NSW,Australia,10.0,2,8,6305.6,4,4,4,444,Platinum Customer,1,Bettina Farrer,10866.75
947,Hyacinth,Naldrett,Female,43,1986-03-10,Pharmacist,Health,Mass Customer,No,10.0,32.0,30-39,9 Clyde Gallagher Plaza,3021.0,VIC,Australia,7.0,80,6,2981.5200000000004,2,2,3,223,High Risk Customer,8,Hyacinth Naldrett,6685.68
948,Yardley,Argo,Male,19,1969-08-09,Recruiting Manager,Unknown,Affluent Customer,No,10.0,48.0,40-49,56709 Petterle Street,2443.0,NSW,Australia,6.0,100,3,1422.8499999999997,1,1,1,111,Lost Customer,11,Yardley Argo,3541.6
949,Jarid,Grebner,Male,18,1975-09-07,Executive Secretary,Health,Mass Customer,Yes,3.0,42.0,40-49,221 Coolidge Parkway,2010.0,NSW,Australia,9.0,88,6,3644.4899999999993,1,2,3,123,Evasive Customer,10,Jarid Grebner,6945.2699999999995
950,Bret,Ivakhnov,Unknown,24,,Recruiter,IT,High Net Worth,Yes,,,,33564 Jana Court,4218.0,QLD,Australia,5.0,32,7,3609.0899999999997,3,3,3,333,Potential Customer,5,Bret Ivakhnov,8329.7
951,Meryl,Dumbar,Male,44,1999-09-29,Assistant Media Planner,Entertainment,Mass Customer,No,1.0,18.0,Under 20,7 Starling Crossing,2570.0,NSW,Australia,9.0,6,6,1740.6100000000001,4,2,1,421,Becoming Loyal,3,Meryl Dumbar,4934.83
952,Marina,Andresen,Female,34,1971-06-13,VP Sales,Financial Services,Affluent Customer,Yes,6.0,47.0,40-49,283 Ryan Street,3752.0,VIC,Australia,7.0,46,5,3569.9799999999996,2,2,3,223,High Risk Customer,8,Marina Andresen,6239.17
953,Jasmin,Brodeur,Female,16,1979-05-23,Unknown,Unknown,Mass Customer,No,7.0,39.0,30-39,97 Aberg Pass,4720.0,QLD,Australia,1.0,11,9,5191.52,4,4,4,444,Platinum Customer,1,Jasmin Brodeur,10996.0
954,Alain,Immins,Male,76,1995-02-28,VP Quality Control,Manufacturing,Mass Customer,Yes,7.0,23.0,20-29,0 Menomonie Avenue,3177.0,VIC,Australia,6.0,113,4,3624.0,1,1,3,113,Evasive Customer,10,Alain Immins,5686.3099999999995
955,Teresina,Gibbie,Female,78,1989-10-01,Research Nurse,Health,Mass Customer,Yes,9.0,28.0,20-29,20 Carpenter Parkway,2192.0,NSW,Australia,9.0,13,7,1429.36,4,3,1,431,Becoming Loyal,3,Teresina Gibbie,3915.94
956,Ezechiel,Pettecrew,Male,19,1960-09-26,Nuclear Power Engineer,Manufacturing,Mass Customer,Yes,9.0,57.0,50-59,14796 Ramsey Street,2069.0,NSW,Australia,12.0,173,3,936.9799999999998,1,1,1,111,Lost Customer,11,Ezechiel Pettecrew,3675.74
957,Jamima,Gannan,Female,80,1994-08-20,Automation Specialist I,Manufacturing,Affluent Customer,Yes,7.0,23.0,20-29,1346 Forest Dale Point,3111.0,VIC,Australia,10.0,38,5,2632.09,3,2,2,322,Late Bloomer,6,Jamima Gannan,4868.3
958,Kristofor,Saulter,Male,15,1964-01-14,Biostatistician IV,Health,High Net Worth,No,18.0,54.0,50-59,217 Meadow Vale Point,2023.0,NSW,Australia,12.0,34,6,2183.71,3,2,2,322,Late Bloomer,6,Kristofor Saulter,5470.129999999999
959,Katharina,Jennins,Female,3,1986-10-26,Staff Scientist,Unknown,Affluent Customer,Yes,21.0,31.0,30-39,341 Saint Paul Lane,2033.0,NSW,Australia,9.0,76,6,2178.44,2,2,2,222,High Risk Customer,8,Katharina Jennins,5701.85
960,Lannie,Crumley,Male,1,1968-10-10,GIS Technical Architect,Health,Mass Customer,Yes,12.0,49.0,40-49,7823 Village Green Park,3030.0,VIC,Australia,8.0,78,4,3516.370000000001,2,1,3,213,High Risk Customer,8,Lannie Crumley,5971.35
961,Rosamund,Shelton,Female,73,1986-08-10,Assistant Manager,Financial Services,Mass Customer,No,6.0,31.0,30-39,382 Dayton Lane,2148.0,NSW,Australia,8.0,64,4,1035.3100000000002,2,1,1,211,Almost Lost Customer,9,Rosamund Shelton,4158.360000000001
962,Granger,Tuftin,Male,49,1977-09-07,VP Product Management,Unknown,High Net Worth,Yes,17.0,40.0,40-49,4 Kennedy Trail,3147.0,VIC,Australia,8.0,2,7,2344.0,4,3,2,432,Becoming Loyal,3,Granger Tuftin,5930.2699999999995
963,Valery,Haresign,Female,56,1968-07-28,Budget/Accounting Analyst I,Unknown,High Net Worth,Yes,16.0,49.0,40-49,4364 Gale Park,2196.0,NSW,Australia,10.0,60,12,4779.13,2,4,4,244,Losing Customer,7,Valery Haresign,12068.12
964,Rhetta,Grellier,Female,35,1994-01-24,Assistant Professor,Financial Services,High Net Worth,No,6.0,24.0,20-29,2379 Dorton Pass,2089.0,NSW,Australia,12.0,1,5,2018.6,4,2,2,422,Becoming Loyal,3,Rhetta Grellier,4224.59
965,Meggie,Whitchurch,Female,86,1997-06-18,Structural Engineer,Retail,High Net Worth,Yes,5.0,21.0,20-29,5 Hintze Hill,2641.0,NSW,Australia,1.0,60,4,3867.74,2,1,3,213,High Risk Customer,8,Meggie Whitchurch,5232.65
966,Krystyna,Linning,Female,70,1978-11-05,Speech Pathologist,Retail,High Net Worth,Yes,5.0,39.0,30-39,58 High Crossing Place,4212.0,QLD,Australia,10.0,13,4,527.74,4,1,1,411,Recent Customer,4,Krystyna Linning,1885.61
967,April,Causon,Female,44,1999-10-04,Sales Associate,Manufacturing,Affluent Customer,Yes,1.0,18.0,Under 20,1 Ridgeway Court,3241.0,VIC,Australia,5.0,66,4,3798.3500000000004,2,1,3,213,High Risk Customer,8,April Causon,5974.77
968,Wayne,Woodfin,Male,96,1955-06-16,Accountant IV,IT,High Net Worth,Yes,16.0,63.0,60-69,00 Park Meadow Terrace,2450.0,NSW,Australia,6.0,35,8,4422.26,3,4,4,344,Recent Customer,4,Wayne Woodfin,10289.75
969,Jo,Mallinar,Female,20,1978-09-19,Health Coach IV,Health,High Net Worth,Yes,18.0,39.0,30-39,29419 Harper Circle,4209.0,QLD,Australia,5.0,17,5,2793.0499999999997,4,2,2,422,Becoming Loyal,3,Jo Mallinar,6968.38
970,Kellyann,Hawton,Female,2,1980-06-26,VP Accounting,Financial Services,High Net Worth,Yes,14.0,38.0,30-39,1601 Judy Drive,2026.0,NSW,Australia,10.0,33,5,2840.8100000000004,3,2,3,323,Potential Customer,5,Kellyann Hawton,6237.67
971,Sarge,Lerohan,Male,11,1988-10-25,Geologist I,Manufacturing,High Net Worth,No,22.0,29.0,20-29,7628 Larry Trail,3428.0,VIC,Australia,7.0,48,5,4015.7799999999997,2,2,3,223,High Risk Customer,8,Sarge Lerohan,5862.57
972,Dena,Crewdson,Female,81,1981-07-23,Project Manager,Retail,Mass Customer,Yes,10.0,36.0,30-39,004 Lawn Trail,4227.0,QLD,Australia,5.0,175,2,2158.9999999999995,1,1,2,112,Evasive Customer,10,Dena Crewdson,3318.8099999999995
973,Annabella,Hebron,Female,46,1979-08-02,Data Coordiator,Health,High Net Worth,No,15.0,38.0,30-39,42 Dahle Parkway,3806.0,VIC,Australia,7.0,8,8,6639.849999999999,4,4,4,444,Platinum Customer,1,Annabella Hebron,12724.26
974,Mellicent,Dollin,Female,92,1991-06-07,Administrative Assistant IV,Unknown,Mass Customer,Yes,4.0,27.0,20-29,1472 Meadow Vale Lane,4034.0,QLD,Australia,7.0,6,6,3250.13,4,2,3,423,Becoming Loyal,3,Mellicent Dollin,6929.71
975,Goldarina,Rzehorz,Unknown,26,,Automation Specialist IV,IT,Mass Customer,No,,,,95 Old Gate Junction,2760.0,NSW,Australia,8.0,10,9,3962.88,4,4,3,443,Very Loyal,2,Goldarina Rzehorz,9499.82
976,Andonis,Slimmon,Male,10,1971-10-21,Graphic Designer,Financial Services,Affluent Customer,No,10.0,46.0,40-49,55 Fairfield Court,3175.0,VIC,Australia,8.0,170,6,3830.68,1,2,3,123,Evasive Customer,10,Andonis Slimmon,6710.5599999999995
977,Olga,Dyke,Female,65,1959-11-30,Staff Accountant III,Unknown,High Net Worth,Yes,13.0,58.0,50-59,92 Bunker Hill Trail,2558.0,NSW,Australia,7.0,41,5,2449.15,3,2,2,322,Late Bloomer,6,Olga Dyke,5149.34
978,Erena,Escalero,Female,40,1982-01-31,Nurse Practicioner,Unknown,High Net Worth,No,15.0,36.0,30-39,1 Boyd Junction,2460.0,NSW,Australia,1.0,192,5,2890.84,1,2,3,123,Evasive Customer,10,Erena Escalero,4373.97
979,Kayla,Falkingham,Female,42,1959-12-25,Budget/Accounting Analyst I,Manufacturing,High Net Worth,No,12.0,58.0,50-59,938 Monica Park,3173.0,VIC,Australia,9.0,5,5,3756.9100000000003,4,2,3,423,Becoming Loyal,3,Kayla Falkingham,7486.82
980,Max,Gronaver,Female,19,1978-01-23,Registered Nurse,Health,Mass Customer,No,8.0,40.0,40-49,26204 Monument Alley,2289.0,NSW,Australia,8.0,177,5,3071.88,1,2,3,123,Evasive Customer,10,Max Gronaver,6299.04
981,Bud,Smittoune,Male,0,1973-02-19,Unknown,Retail,Mass Customer,No,11.0,45.0,40-49,36 Grayhawk Plaza,2031.0,NSW,Australia,9.0,25,7,2867.0,3,3,3,333,Potential Customer,5,Bud Smittoune,9042.05
982,Tibold,Bonwell,Male,14,1960-02-12,Geologist III,Health,High Net Worth,Yes,6.0,58.0,50-59,8276 Hudson Trail,2250.0,NSW,Australia,6.0,55,6,943.9300000000001,2,2,1,221,High Risk Customer,8,Tibold Bonwell,2794.7500000000005
983,Shaylyn,Riggs,Unknown,49,,Unknown,IT,Affluent Customer,No,,,,3638 Starling Alley,2027.0,NSW,Australia,11.0,1,8,6710.06,4,4,4,444,Platinum Customer,1,Shaylyn Riggs,9637.26
984,Luciano,Weddup,Male,89,1954-03-25,Programmer I,Manufacturing,Affluent Customer,No,16.0,64.0,60-69,7380 Canary Pass,3111.0,VIC,Australia,7.0,56,8,2294.43,2,4,2,242,Losing Customer,7,Luciano Weddup,6208.719999999999
985,Aryn,O'Halloran,Female,29,1970-09-30,Help Desk Operator,Retail,High Net Worth,No,15.0,47.0,40-49,9 Debs Trail,4500.0,QLD,Australia,4.0,14,4,1690.91,4,1,1,411,Recent Customer,4,Aryn O'Halloran,5554.1900000000005
986,Barnard,Stranks,Male,3,1994-10-05,Office Assistant I,Manufacturing,Mass Customer,Yes,8.0,23.0,20-29,82 Shasta Drive,4825.0,QLD,Australia,3.0,75,8,4272.969999999999,2,4,4,244,Losing Customer,7,Barnard Stranks,8673.32
987,Lars,Keher,Male,89,1974-08-29,Senior Cost Accountant,Financial Services,Affluent Customer,Yes,11.0,43.0,40-49,9 Goodland Center,4213.0,QLD,Australia,9.0,22,8,5180.259999999999,3,4,4,344,Recent Customer,4,Lars Keher,8979.65
988,Andree,Simonato,Female,35,1981-01-15,Director of Sales,Manufacturing,High Net Worth,No,7.0,37.0,30-39,4 Amoth Trail,4161.0,QLD,Australia,6.0,112,2,243.94,1,1,1,111,Lost Customer,11,Andree Simonato,769.14
989,Caralie,Morfett,Female,43,1982-05-24,Project Manager,Financial Services,Mass Customer,No,17.0,36.0,30-39,730 Butternut Trail,4018.0,QLD,Australia,4.0,25,6,4207.5,3,2,4,324,Potential Customer,5,Caralie Morfett,6782.12
990,Melissa,Purple,Female,56,1976-04-13,Administrative Officer,Manufacturing,Mass Customer,Yes,14.0,42.0,40-49,21780 Service Park,2560.0,NSW,Australia,7.0,11,7,2353.4900000000002,4,3,2,432,Becoming Loyal,3,Melissa Purple,8441.6
991,Lenna,Coales,Female,11,1991-11-29,Financial Analyst,Financial Services,Mass Customer,Yes,10.0,26.0,20-29,00745 Huxley Center,3757.0,VIC,Australia,9.0,147,6,2655.6000000000004,1,2,2,122,Evasive Customer,10,Lenna Coales,7774.3
992,Cordelia,Hawkeswood,Female,6,1958-11-25,Unknown,Property,Mass Customer,Yes,8.0,59.0,50-59,45 Hazelcrest Junction,3073.0,VIC,Australia,9.0,95,2,1500.3600000000001,1,1,1,111,Lost Customer,11,Cordelia Hawkeswood,2986.45
993,Reine,Semken,Female,71,1977-02-18,Account Coordinator,Argiculture,High Net Worth,No,17.0,41.0,40-49,84019 Porter Trail,2871.0,NSW,Australia,3.0,0,9,2738.8900000000003,4,4,2,442,Very Loyal,2,Reine Semken,8086.79
994,Rhetta,Kupker,Female,62,1977-11-14,Librarian,Entertainment,Affluent Customer,Yes,5.0,40.0,40-49,64211 Laurel Alley,3141.0,VIC,Australia,10.0,42,5,2069.6400000000003,3,2,2,322,Late Bloomer,6,Rhetta Kupker,3901.01
995,Urbano,Mews,Male,16,1965-11-12,Information Systems Manager,Health,Mass Customer,Yes,19.0,52.0,50-59,31369 Meadow Valley Road,4034.0,QLD,Australia,5.0,11,7,6764.67,4,3,4,434,Very Loyal,2,Urbano Mews,9379.039999999999
996,Aura,Bemlott,Unknown,67,,Assistant Manager,IT,Mass Customer,Yes,,,,8298 Texas Alley,2194.0,NSW,Australia,10.0,63,6,4803.1,2,2,4,224,Losing Customer,7,Aura Bemlott,7713.16
997,Ambros,Kernes,Male,30,1981-07-03,Teacher,Telecommunications,Mass Customer,Yes,13.0,36.0,30-39,1 Continental Center,2146.0,NSW,Australia,9.0,59,7,2923.2899999999995,2,3,3,233,Losing Customer,7,Ambros Kernes,6397.73
998,Petunia,Dufton,Female,66,1965-12-13,Speech Pathologist,Manufacturing,Affluent Customer,Yes,5.0,52.0,50-59,0465 Melrose Alley,2768.0,NSW,Australia,9.0,321,2,585.45,1,1,1,111,Lost Customer,11,Petunia Dufton,1565.5500000000002
999,Dido,Leyburn,Female,12,1988-04-10,Recruiting Manager,Unknown,High Net Worth,No,4.0,30.0,30-39,5357 Mcguire Plaza,3073.0,VIC,Australia,9.0,54,10,8611.949999999999,2,4,4,244,Losing Customer,7,Dido Leyburn,14662.14
1000,Paulie,Castelot,Female,44,1978-08-07,Compensation Analyst,Financial Services,Mass Customer,No,11.0,39.0,30-39,4757 Texas Trail,3136.0,VIC,Australia,9.0,0,9,5383.48,4,4,4,444,Platinum Customer,1,Paulie Castelot,10183.7
1001,Finley,Vost,Male,63,1979-08-27,Recruiter,Retail,Mass Customer,No,14.0,38.0,30-39,27 Sunfield Center,4869.0,QLD,Australia,3.0,42,7,2884.19,3,3,3,333,Potential Customer,5,Finley Vost,6233.51
1002,Pacorro,De Clairmont,Male,65,1978-08-30,Business Systems Development Analyst,Unknown,Mass Customer,Yes,18.0,39.0,30-39,656 Bartelt Parkway,3127.0,VIC,Australia,12.0,155,4,2254.56,1,1,2,112,Evasive Customer,10,Pacorro De Clairmont,5038.32
1003,Mariann,O'Geaney,Female,35,1968-02-03,Paralegal,Financial Services,High Net Worth,No,18.0,50.0,50-59,610 Lakewood Gardens Point,4078.0,QLD,Australia,7.0,47,9,5300.38,2,4,4,244,Losing Customer,7,Mariann O'Geaney,9111.19
1004,Colas,Pumfrett,Male,35,1975-07-09,Business Systems Development Analyst,IT,High Net Worth,No,22.0,42.0,40-49,61 Lukken Plaza,3182.0,VIC,Australia,6.0,203,6,3600.94,1,2,3,123,Evasive Customer,10,Colas Pumfrett,8437.87
1005,Kalila,Birtwistle,Female,94,1967-09-15,Design Engineer,IT,High Net Worth,Yes,8.0,50.0,50-59,67 Holmberg Way,2165.0,NSW,Australia,9.0,159,5,4365.25,1,2,4,124,Almost Lost Customer,9,Kalila Birtwistle,7863.76
1006,Norbert,Gotcher,Male,15,1977-08-10,Quality Control Specialist,Telecommunications,Affluent Customer,Yes,19.0,40.0,40-49,3383 Fair Oaks Circle,3046.0,VIC,Australia,8.0,37,8,4687.53,3,4,4,344,Recent Customer,4,Norbert Gotcher,9481.25
1007,Cord,Warriner,Male,58,1996-06-08,Unknown,Retail,Mass Customer,No,5.0,22.0,20-29,2 Vermont Avenue,2066.0,NSW,Australia,12.0,20,7,3601.96,3,3,3,333,Potential Customer,5,Cord Warriner,8532.46
1008,Lorry,Booley,Female,47,1975-11-10,Teacher,Unknown,Mass Customer,No,21.0,42.0,40-49,486 Atwood Pass,2065.0,NSW,Australia,12.0,17,4,2523.5299999999997,4,1,2,412,Recent Customer,4,Lorry Booley,5409.6900000000005
1009,Nolie,Orring,Female,16,1957-05-09,Research Associate,Manufacturing,High Net Worth,Yes,13.0,61.0,60-69,05 Loftsgordon Pass,4380.0,QLD,Australia,9.0,54,5,2385.0099999999998,2,2,2,222,High Risk Customer,8,Nolie Orring,5787.36
1010,Leighton,Ebbles,Male,24,1963-01-26,Nurse,Financial Services,Affluent Customer,No,17.0,55.0,50-59,570 Butternut Pass,2340.0,NSW,Australia,4.0,126,4,386.36,1,1,1,111,Lost Customer,11,Leighton Ebbles,2816.75
1011,Cymbre,Janos,Female,42,1985-07-19,Occupational Therapist,Health,High Net Worth,Yes,10.0,32.0,30-39,63 Grayhawk Pass,2769.0,NSW,Australia,9.0,242,3,1399.44,1,1,1,111,Lost Customer,11,Cymbre Janos,3940.1800000000003
1012,Anna-diane,Preddle,Female,20,1955-05-20,Software Test Engineer III,Unknown,High Net Worth,Yes,11.0,63.0,60-69,44594 5th Street,4220.0,QLD,Australia,9.0,9,4,2704.3900000000003,4,1,2,412,Recent Customer,4,Anna-diane Preddle,5094.62
1013,Corissa,Zienkiewicz,Female,53,1976-09-06,Physical Therapy Assistant,Retail,High Net Worth,No,17.0,41.0,40-49,495 Elmside Drive,2179.0,NSW,Australia,8.0,95,6,2463.79,1,2,2,122,Evasive Customer,10,Corissa Zienkiewicz,7207.57
1014,Miller,Faloon,Male,60,1960-10-14,Senior Developer,Property,Mass Customer,Yes,8.0,57.0,50-59,9 Macpherson Avenue,2527.0,NSW,Australia,8.0,4,7,3933.79,4,3,3,433,Very Loyal,2,Miller Faloon,6269.75
1015,Toiboid,Sorrel,Male,7,1955-04-01,Web Developer I,Health,Mass Customer,No,17.0,63.0,60-69,738 Division Street,3024.0,VIC,Australia,8.0,26,6,2136.87,3,2,2,322,Late Bloomer,6,Toiboid Sorrel,7096.79
1016,Adrian,Prettyjohns,Male,0,1959-08-12,Legal Assistant,IT,Mass Customer,Yes,17.0,58.0,50-59,5 Sheridan Circle,3934.0,VIC,Australia,11.0,66,6,1087.02,2,2,1,221,High Risk Customer,8,Adrian Prettyjohns,5697.8
1017,Jacquenette,Pluthero,Female,88,1979-01-09,Assistant Media Planner,Entertainment,High Net Worth,No,16.0,39.0,30-39,42 Lunder Drive,2027.0,NSW,Australia,11.0,226,3,2858.8900000000003,1,1,3,113,Evasive Customer,10,Jacquenette Pluthero,5234.68
1018,Matthiew,Ferreras,Male,1,1994-11-27,Help Desk Operator,Manufacturing,Mass Customer,Yes,7.0,23.0,20-29,3 Hayes Court,3109.0,VIC,Australia,10.0,26,5,2497.8,3,2,2,322,Late Bloomer,6,Matthiew Ferreras,6164.88
1019,Ignazio,Milby,Male,42,1973-11-19,Human Resources Assistant II,Manufacturing,Mass Customer,Yes,14.0,44.0,40-49,711 Sachtjen Point,2540.0,NSW,Australia,8.0,42,4,2340.4300000000003,3,1,2,312,Late Bloomer,6,Ignazio Milby,4653.39
1020,Natala,Thorndale,Female,29,1975-11-10,Unknown,IT,Affluent Customer,No,13.0,42.0,40-49,16395 Nevada Lane,2145.0,NSW,Australia,10.0,89,4,1531.9,1,1,1,111,Lost Customer,11,Natala Thorndale,4075.21
1021,Elvis,Rixon,Male,16,1977-10-02,Mechanical Systems Engineer,Retail,High Net Worth,No,7.0,40.0,40-49,0996 Cody Terrace,2761.0,NSW,Australia,8.0,28,8,5048.26,3,4,4,344,Recent Customer,4,Elvis Rixon,9624.45
1022,Suzann,Wilks,Female,56,1990-03-04,Assistant Manager,Financial Services,Affluent Customer,Yes,14.0,28.0,20-29,80424 Corben Alley,2136.0,NSW,Australia,10.0,83,5,6444.49,2,2,4,224,Losing Customer,7,Suzann Wilks,8161.4
1023,Iseabal,Fullbrook,Female,16,1991-07-23,Unknown,Financial Services,Affluent Customer,Yes,6.0,26.0,20-29,37208 Golf View Terrace,2145.0,NSW,Australia,8.0,125,2,492.64999999999986,1,1,1,111,Lost Customer,11,Iseabal Fullbrook,1579.3899999999999
1024,Rhodia,D'Onise,Female,17,1992-06-05,Social Worker,Health,High Net Worth,Yes,2.0,26.0,20-29,1128 Golden Leaf Center,3124.0,VIC,Australia,9.0,34,8,4560.5599999999995,3,4,4,344,Recent Customer,4,Rhodia D'Onise,9592.029999999999
1025,Ario,Jeromson,Male,69,1997-07-30,Quality Engineer,IT,Mass Customer,Yes,5.0,20.0,20-29,4885 Stone Corner Alley,3046.0,VIC,Australia,8.0,60,8,1800.12,2,4,1,241,Losing Customer,7,Ario Jeromson,8141.29
1026,Vernon,Hakking,Male,66,1994-07-29,Unknown,Financial Services,Affluent Customer,No,4.0,23.0,20-29,66 Hudson Crossing,2153.0,NSW,Australia,10.0,29,7,1313.78,3,3,1,331,Potential Customer,5,Vernon Hakking,5413.76
1027,Rolando,Sherewood,Male,33,1966-10-07,Statistician I,Financial Services,Affluent Customer,No,18.0,51.0,50-59,5287 Wayridge Alley,2069.0,NSW,Australia,12.0,24,6,1449.4399999999998,3,2,1,321,Late Bloomer,6,Rolando Sherewood,6580.15
1028,Thorn,Torfin,Male,10,1999-08-11,Project Manager,Unknown,High Net Worth,No,1.0,18.0,Under 20,15393 Cody Lane,2046.0,NSW,Australia,9.0,8,7,7562.68,4,3,4,434,Very Loyal,2,Thorn Torfin,12001.41
1029,Forbes,Londors,Male,71,1997-02-15,VP Sales,Unknown,Mass Customer,No,4.0,21.0,20-29,1 Mcbride Center,2484.0,NSW,Australia,6.0,30,6,3660.06,3,2,3,323,Potential Customer,5,Forbes Londors,6223.08
1030,Nariko,Dummigan,Female,9,1962-05-05,Food Chemist,Health,Mass Customer,No,5.0,56.0,50-59,4870 Shelley Alley,3225.0,VIC,Australia,7.0,39,8,4698.6,3,4,4,344,Recent Customer,4,Nariko Dummigan,10951.8
1031,Roi,Ogden,Male,75,1983-09-15,Junior Executive,Manufacturing,Mass Customer,No,6.0,34.0,30-39,65634 Del Mar Crossing,4053.0,QLD,Australia,7.0,46,2,1320.52,2,1,1,211,Almost Lost Customer,9,Roi Ogden,1994.54
1032,Maribelle,Werndly,Female,36,1978-07-18,Executive Secretary,Unknown,Mass Customer,Yes,18.0,39.0,30-39,8572 Melvin Drive,3145.0,VIC,Australia,11.0,30,8,3191.12,3,4,3,343,Potential Customer,5,Maribelle Werndly,6902.84
1033,Jacob,Claringbold,Male,70,1995-01-06,Unknown,Unknown,Affluent Customer,Yes,3.0,23.0,20-29,5549 Bay Point,4068.0,QLD,Australia,9.0,14,9,8220.05,4,4,4,444,Platinum Customer,1,Jacob Claringbold,12744.87
1034,Denney,Cretney,Male,16,1976-05-12,Unknown,Unknown,High Net Worth,Yes,3.0,42.0,40-49,9 Forest Circle,2324.0,NSW,Australia,3.0,104,2,1033.56,1,1,1,111,Lost Customer,11,Denney Cretney,1819.46
1035,Kara-lynn,Doddridge,Female,77,1976-11-02,Operator,Retail,Affluent Customer,Yes,5.0,41.0,40-49,6 Kedzie Hill,2214.0,NSW,Australia,9.0,13,3,485.4600000000001,4,1,1,411,Recent Customer,4,Kara-lynn Doddridge,1327.0600000000002
1036,Randene,Ingle,Female,6,1969-11-28,Paralegal,Financial Services,Mass Customer,Yes,12.0,48.0,40-49,60601 Hoffman Court,2041.0,NSW,Australia,12.0,162,5,3787.0,1,2,3,123,Evasive Customer,10,Randene Ingle,7125.26
1037,Sissie,Rielly,Female,95,1956-08-08,Human Resources Assistant II,Financial Services,Mass Customer,No,10.0,61.0,60-69,1715 Scoville Drive,2031.0,NSW,Australia,11.0,73,7,2257.88,2,3,2,232,Losing Customer,7,Sissie Rielly,6689.55
1038,Fraser,Acome,Unknown,57,,Engineer I,Manufacturing,Mass Customer,Yes,,,,85 Laurel Trail,3809.0,VIC,Australia,6.0,12,4,2079.2,4,1,2,412,Recent Customer,4,Fraser Acome,6144.11
1039,Nona,Diamant,Female,24,1975-03-14,Unknown,Unknown,High Net Worth,Yes,15.0,43.0,40-49,3082 Almo Center,2454.0,NSW,Australia,4.0,52,7,5258.999999999999,2,3,4,234,Losing Customer,7,Nona Diamant,9522.77
1040,Jacenta,Wedlock,Female,78,1975-03-04,Food Chemist,Health,High Net Worth,No,9.0,43.0,40-49,27135 Melvin Plaza,4556.0,QLD,Australia,8.0,161,4,1768.4300000000003,1,1,1,111,Lost Customer,11,Jacenta Wedlock,4072.65
1041,Free,Bonniface,Male,95,1959-05-25,Unknown,Property,Affluent Customer,No,15.0,59.0,50-59,40 Kinsman Pass,2065.0,NSW,Australia,10.0,20,4,2292.5099999999998,3,1,2,312,Late Bloomer,6,Free Bonniface,4271.03
1042,Isacco,Woodwind,Male,0,1976-01-14,Nuclear Power Engineer,Manufacturing,High Net Worth,Yes,11.0,42.0,40-49,094 Green Road,2216.0,NSW,Australia,11.0,35,3,2771.37,3,1,2,312,Late Bloomer,6,Isacco Woodwind,4585.77
1043,Giorgi,Hurford,Male,34,1986-10-20,Sales Associate,Financial Services,Mass Customer,Yes,16.0,31.0,30-39,91 Spohn Plaza,4573.0,QLD,Australia,7.0,130,9,5718.21,1,4,4,144,Almost Lost Customer,9,Giorgi Hurford,13023.58
1044,Frederico,Whilder,Unknown,4,,Food Chemist,Health,High Net Worth,No,,,,5 Jana Drive,4570.0,QLD,Australia,1.0,112,5,2205.2700000000004,1,2,2,122,Evasive Customer,10,Frederico Whilder,4616.29
1045,Aeriel,Everest,Female,88,1986-05-08,Unknown,Financial Services,Mass Customer,Yes,19.0,32.0,30-39,201 Pepper Wood Avenue,2154.0,NSW,Australia,11.0,113,3,2038.58,1,1,2,112,Evasive Customer,10,Aeriel Everest,4405.6
1046,Shir,Clevely,Female,0,1955-07-23,Budget/Accounting Analyst II,Unknown,Affluent Customer,No,11.0,62.0,60-69,4408 Haas Way,2171.0,NSW,Australia,9.0,52,5,1985.1000000000001,2,2,2,222,High Risk Customer,8,Shir Clevely,3846.1
1047,Standford,Tanswill,Male,39,1978-09-03,VP Accounting,Financial Services,Affluent Customer,No,11.0,39.0,30-39,6 Pawling Trail,2871.0,NSW,Australia,7.0,57,8,2213.9300000000003,2,4,2,242,Losing Customer,7,Standford Tanswill,6874.87
1048,Braden,Lamming,Male,99,1976-06-08,Internal Auditor,Unknown,Affluent Customer,No,15.0,42.0,40-49,31111 Hoepker Road,3034.0,VIC,Australia,9.0,133,6,1600.6699999999998,1,2,1,121,Evasive Customer,10,Braden Lamming,4864.99
1049,Fraser,Gaenor,Male,35,1996-03-02,Software Consultant,Property,Mass Customer,No,2.0,22.0,20-29,79 Lighthouse Bay Lane,3082.0,VIC,Australia,8.0,32,10,4486.320000000001,3,4,4,344,Recent Customer,4,Fraser Gaenor,11130.050000000001
1050,Marjie,Ghion,Female,7,1973-07-29,Software Consultant,Telecommunications,Mass Customer,Yes,15.0,44.0,40-49,2354 Forster Road,2131.0,NSW,Australia,11.0,26,6,2535.63,3,2,2,322,Late Bloomer,6,Marjie Ghion,4722.12
1051,Xylia,Lange,Female,34,1977-09-29,Help Desk Technician,Property,High Net Worth,Yes,14.0,40.0,40-49,5271 Vernon Court,3207.0,VIC,Australia,10.0,179,5,1294.6899999999998,1,2,1,121,Evasive Customer,10,Xylia Lange,4878.8099999999995
1052,Dela,Flannigan,Female,31,1986-02-02,Junior Executive,Financial Services,High Net Worth,No,3.0,32.0,30-39,06 Declaration Hill,3184.0,VIC,Australia,11.0,0,6,3260.3199999999997,4,2,3,423,Becoming Loyal,3,Dela Flannigan,8478.41
1053,Davon,Stanyland,Male,98,1962-05-20,Unknown,Manufacturing,Mass Customer,Yes,8.0,56.0,50-59,07716 5th Alley,2250.0,NSW,Australia,5.0,139,3,1566.26,1,1,1,111,Lost Customer,11,Davon Stanyland,3482.79
1054,Natal,Matiewe,Male,27,1983-08-09,Nuclear Power Engineer,Manufacturing,Mass Customer,Yes,13.0,34.0,30-39,10 Pennsylvania Hill,2118.0,NSW,Australia,11.0,5,8,3406.16,4,4,3,443,Very Loyal,2,Natal Matiewe,8433.75
1055,Danell,Rose,Female,30,1988-06-08,Data Coordiator,Manufacturing,Mass Customer,No,12.0,30.0,30-39,2330 Huxley Crossing,2570.0,NSW,Australia,10.0,206,2,343.24,1,1,1,111,Lost Customer,11,Danell Rose,924.06
1056,Kendricks,Markel,Male,96,1966-12-18,Software Test Engineer IV,Manufacturing,Affluent Customer,No,6.0,51.0,50-59,5811 Hanson Lane,2260.0,NSW,Australia,7.0,24,7,3954.42,3,3,3,333,Potential Customer,5,Kendricks Markel,7920.27
1057,Laryssa,Durdle,Female,73,1969-04-06,Registered Nurse,Health,Mass Customer,No,5.0,49.0,40-49,7 Main Crossing,2065.0,NSW,Australia,12.0,48,4,3130.44,2,1,3,213,High Risk Customer,8,Laryssa Durdle,5663.77
1058,Gretel,Gionettitti,Female,37,1987-10-24,Research Assistant IV,Retail,Affluent Customer,Yes,4.0,30.0,30-39,682 Spenser Plaza,3977.0,VIC,Australia,6.0,116,3,759.5700000000002,1,1,1,111,Lost Customer,11,Gretel Gionettitti,2308.7200000000003
1059,Chantal,Plante,Female,68,1968-02-16,Account Representative III,Entertainment,High Net Worth,Yes,6.0,50.0,50-59,1149 Riverside Parkway,2016.0,NSW,Australia,11.0,22,2,1618.8300000000002,3,1,1,311,Late Bloomer,6,Chantal Plante,2449.81
1060,Vanda,Boadby,Female,88,1961-11-23,Associate Professor,Argiculture,Affluent Customer,Yes,13.0,56.0,50-59,1176 Pine View Lane,2112.0,NSW,Australia,11.0,187,6,2475.2799999999997,1,2,2,122,Evasive Customer,10,Vanda Boadby,9606.77
1061,Anderson,,Male,34,1988-11-07,Speech Pathologist,Financial Services,Mass Customer,No,19.0,29.0,20-29,22 Sachtjen Avenue,2137.0,NSW,Australia,12.0,24,6,1137.94,3,2,1,321,Late Bloomer,6,Anderson,4056.76
1062,Tish,Mowett,Female,32,1975-09-28,Junior Executive,Unknown,Mass Customer,No,14.0,42.0,40-49,6 Pankratz Crossing,2228.0,NSW,Australia,11.0,2,6,4450.85,4,2,4,424,Becoming Loyal,3,Tish Mowett,7619.47
1063,Terrence,Geck,Male,22,1987-03-01,Actuary,Financial Services,Affluent Customer,Yes,13.0,31.0,30-39,6988 Acker Crossing,2217.0,NSW,Australia,10.0,46,6,3112.69,2,2,3,223,High Risk Customer,8,Terrence Geck,5833.22
1064,Thornie,Andrusov,Male,3,1977-06-13,Librarian,Entertainment,Affluent Customer,Yes,8.0,41.0,40-49,9993 Mccormick Street,2223.0,NSW,Australia,8.0,139,3,1398.3999999999999,1,1,1,111,Lost Customer,11,Thornie Andrusov,5404.67
1065,Chilton,Ghirigori,Male,8,1962-06-27,Quality Engineer,Financial Services,Mass Customer,Yes,8.0,56.0,50-59,7 Holmberg Circle,2018.0,NSW,Australia,9.0,79,6,2753.32,2,2,2,222,High Risk Customer,8,Chilton Ghirigori,4709.66
1066,Hailey,Ricciardi,Male,45,1995-10-06,Recruiter,Telecommunications,High Net Worth,No,12.0,22.0,20-29,7 Village Green Circle,3109.0,VIC,Australia,10.0,166,3,1396.98,1,1,1,111,Lost Customer,11,Hailey Ricciardi,2637.5299999999997
1067,Berri,Cotillard,Female,13,1965-05-17,Engineer IV,Financial Services,Mass Customer,Yes,13.0,53.0,50-59,4044 Tennessee Parkway,2315.0,NSW,Australia,9.0,232,2,741.97,1,1,1,111,Lost Customer,11,Berri Cotillard,1854.93
1068,Frazer,Searston,Male,5,1995-03-21,Unknown,Health,Mass Customer,Yes,3.0,23.0,20-29,4297 Emmet Lane,2170.0,NSW,Australia,8.0,4,14,4841.71,4,4,4,444,Platinum Customer,1,Frazer Searston,14254.55
1069,Reese,Titterington,Male,85,1976-04-15,Web Designer I,Telecommunications,Mass Customer,No,15.0,42.0,40-49,6 Sycamore Drive,4053.0,QLD,Australia,7.0,204,5,1982.69,1,2,2,122,Evasive Customer,10,Reese Titterington,6910.5
1070,Albert,Gomery,Male,5,1995-06-04,Account Representative IV,Unknown,Mass Customer,No,1.0,23.0,20-29,6 Barby Road,4300.0,QLD,Australia,4.0,0,4,3559.49,4,1,3,413,Recent Customer,4,Albert Gomery,5754.66
1071,Chrisy,Miranda,Male,68,1986-12-29,Unknown,Retail,High Net Worth,No,1.0,31.0,30-39,37495 Summerview Park,2619.0,NSW,Australia,7.0,39,6,3359.09,3,2,3,323,Potential Customer,5,Chrisy Miranda,7958.68
1072,Curt,Petrello,Male,60,1957-06-01,Senior Cost Accountant,Financial Services,High Net Worth,Yes,8.0,61.0,60-69,3 Center Crossing,2452.0,NSW,Australia,3.0,46,3,2102.32,2,1,2,212,High Risk Customer,8,Curt Petrello,3697.58
1073,Elbertina,Donne,Female,77,1980-02-25,Associate Professor,Unknown,Affluent Customer,Yes,7.0,38.0,30-39,19386 Burrows Way,2229.0,NSW,Australia,10.0,17,6,2723.99,4,2,2,422,Becoming Loyal,3,Elbertina Donne,6454.889999999999
1074,Griswold,Juett,Male,43,1974-07-14,Accounting Assistant IV,Unknown,High Net Worth,Yes,18.0,43.0,40-49,4 Quincy Trail,2800.0,NSW,Australia,3.0,16,8,4053.6800000000003,4,4,3,443,Very Loyal,2,Griswold Juett,9370.01
1075,Cullin,Elcoate,Male,26,1967-07-25,Administrative Officer,Manufacturing,High Net Worth,No,7.0,50.0,50-59,69881 Westport Parkway,2880.0,NSW,Australia,1.0,67,7,2242.12,2,3,2,232,Losing Customer,7,Cullin Elcoate,6623.97
1076,Siegfried,Trattles,Male,33,2000-06-06,Pharmacist,Health,Affluent Customer,No,2.0,18.0,Under 20,44 Ramsey Road,2515.0,NSW,Australia,9.0,9,12,8104.54,4,4,4,444,Platinum Customer,1,Siegfried Trattles,14390.1
1077,Sheba,Este,Female,8,1955-10-11,Unknown,Telecommunications,Mass Customer,Yes,18.0,62.0,60-69,12764 Raven Plaza,4020.0,QLD,Australia,7.0,5,6,1658.4500000000003,4,2,1,421,Becoming Loyal,3,Sheba Este,6570.4400000000005
1078,Abe,Pilley,Male,69,1976-06-05,Executive Secretary,Manufacturing,Mass Customer,No,20.0,42.0,40-49,356 Petterle Way,2193.0,NSW,Australia,9.0,18,6,899.97,3,2,1,321,Late Bloomer,6,Abe Pilley,5117.1
1079,Dennie,L' Anglois,Male,70,1978-01-03,Nurse Practicioner,Manufacturing,Mass Customer,No,18.0,40.0,40-49,2827 Fallview Lane,2064.0,NSW,Australia,9.0,17,4,2306.99,4,1,2,412,Recent Customer,4,Dennie L' Anglois,3829.1099999999997
1080,Monah,Talbot,Female,70,1999-12-26,Speech Pathologist,Property,Mass Customer,Yes,2.0,18.0,Under 20,7 Del Sol Road,4220.0,QLD,Australia,9.0,47,3,1857.6200000000001,2,1,2,212,High Risk Customer,8,Monah Talbot,3133.43
1081,Marga,Cradduck,Female,25,1985-10-21,Social Worker,Health,Mass Customer,No,16.0,32.0,30-39,05415 Basil Junction,2450.0,NSW,Australia,8.0,11,5,3227.89,4,2,3,423,Becoming Loyal,3,Marga Cradduck,6119.719999999999
1082,Guinevere,Kelby,Unknown,90,,Financial Analyst,Financial Services,Mass Customer,Yes,,,,09 Warbler Court,4152.0,QLD,Australia,9.0,47,5,2832.7000000000003,2,2,2,222,High Risk Customer,8,Guinevere Kelby,4492.05
1083,Chadd,Fowlds,Male,46,1996-08-07,VP Product Management,Unknown,Affluent Customer,No,1.0,21.0,20-29,847 David Hill,4035.0,QLD,Australia,8.0,266,2,880.99,1,1,1,111,Lost Customer,11,Chadd Fowlds,2418.19
1084,Serena,Jagson,Female,54,1994-05-18,Accounting Assistant I,Retail,Affluent Customer,No,8.0,24.0,20-29,24596 Hoepker Avenue,2322.0,NSW,Australia,4.0,4,10,6522.830000000001,4,4,4,444,Platinum Customer,1,Serena Jagson,11206.14
1085,Lucho,Strafen,Male,4,1975-09-12,Internal Auditor,Health,Mass Customer,No,8.0,42.0,40-49,75 Mesta Hill,4509.0,QLD,Australia,7.0,64,4,1081.65,2,1,1,211,Almost Lost Customer,9,Lucho Strafen,2487.7000000000003
1086,Ezechiel,Parnall,Male,84,1989-06-21,Statistician IV,Property,Mass Customer,Yes,4.0,29.0,20-29,7258 Mandrake Terrace,3138.0,VIC,Australia,9.0,13,9,4705.65,4,4,4,444,Platinum Customer,1,Ezechiel Parnall,8640.220000000001
1087,Lian,Madrell,Female,39,1979-09-18,Financial Analyst,Financial Services,Mass Customer,Yes,8.0,38.0,30-39,84741 Scoville Terrace,3029.0,VIC,Australia,5.0,14,3,1521.5700000000002,4,1,1,411,Recent Customer,4,Lian Madrell,3535.79
1088,Andy,Polgreen,Female,19,1989-07-21,Design Engineer,Unknown,High Net Worth,Yes,3.0,28.0,20-29,04328 Rowland Plaza,3441.0,VIC,Australia,9.0,13,6,3595.3199999999997,4,2,3,423,Becoming Loyal,3,Andy Polgreen,6230.39
1089,Korney,Hess,Female,90,1988-09-17,Product Engineer,Property,Affluent Customer,No,12.0,29.0,20-29,332 Maywood Crossing,3136.0,VIC,Australia,9.0,151,7,2349.29,1,3,2,132,Almost Lost Customer,9,Korney Hess,6202.85
1090,Lorettalorna,,Female,15,1975-07-15,Computer Systems Analyst II,Telecommunications,Affluent Customer,No,17.0,42.0,40-49,6026 Graceland Crossing,2121.0,NSW,Australia,11.0,71,7,1529.0100000000002,2,3,1,231,Losing Customer,7,Lorettalorna,5882.43
1091,Keith,Housden,Male,19,1980-04-15,Unknown,Health,Mass Customer,No,15.0,38.0,30-39,0 Fremont Court,3023.0,VIC,Australia,7.0,4,11,4183.81,4,4,4,444,Platinum Customer,1,Keith Housden,10303.810000000001
1092,Katlin,Creddon,Female,56,1935-08-22,VP Quality Control,Retail,Mass Customer,No,5.0,82.0,80+,5515 Artisan Center,3337.0,VIC,Australia,3.0,202,5,1245.27,1,2,1,121,Evasive Customer,10,Katlin Creddon,4893.719999999999
1093,Clarita,Penright,Female,63,1996-09-13,Business Systems Development Analyst,Unknown,Affluent Customer,No,5.0,21.0,20-29,0 Nevada Pass,2216.0,NSW,Australia,10.0,99,9,7159.69,1,4,4,144,Almost Lost Customer,9,Clarita Penright,12492.4
1094,Shaughn,Salters,Male,48,1975-12-27,Dental Hygienist,Health,High Net Worth,No,19.0,42.0,40-49,06 Heffernan Junction,4074.0,QLD,Australia,7.0,43,7,3632.3,3,3,3,333,Potential Customer,5,Shaughn Salters,7255.12
1095,Emelda,Gerler,Female,2,1958-08-29,Project Manager,Health,Mass Customer,No,6.0,59.0,50-59,04 Onsgard Center,2101.0,NSW,Australia,9.0,14,4,4498.339999999999,4,1,4,414,Recent Customer,4,Emelda Gerler,6916.039999999999
1096,Jakie,Mungham,Male,33,1969-11-29,Software Test Engineer I,Health,High Net Worth,No,14.0,48.0,40-49,37 Division Way,2153.0,NSW,Australia,9.0,55,5,2086.85,2,2,2,222,High Risk Customer,8,Jakie Mungham,3865.37
1097,Gwenora,Grabbam,Female,71,1968-01-31,Engineer II,Financial Services,Mass Customer,Yes,18.0,50.0,50-59,9623 Fisk Plaza,2164.0,NSW,Australia,8.0,76,4,666.7899999999998,2,1,1,211,Almost Lost Customer,9,Gwenora Grabbam,4367.8099999999995
1098,Maure,Crow,Female,99,1989-02-01,Administrative Assistant IV,Financial Services,Mass Customer,Yes,12.0,29.0,20-29,9419 Homewood Way,2160.0,NSW,Australia,9.0,8,8,3879.14,4,4,3,443,Very Loyal,2,Maure Crow,7594.29
1099,Jarrett,Maffia,Male,12,1975-01-13,Tax Accountant,Manufacturing,Affluent Customer,Yes,11.0,43.0,40-49,26349 Spaight Junction,2756.0,NSW,Australia,8.0,110,2,183.1999999999999,1,1,1,111,Lost Customer,11,Jarrett Maffia,1248.96
1100,Cord,Braundt,Male,59,1983-01-02,Engineer I,Manufacturing,Mass Customer,No,15.0,35.0,30-39,1063 Forest Avenue,4510.0,QLD,Australia,3.0,45,3,1051.23,2,1,1,211,Almost Lost Customer,9,Cord Braundt,2767.35
1101,Haily,McWilliams,Female,76,1968-12-22,Senior Editor,Unknown,Mass Customer,No,15.0,49.0,40-49,548 Dahle Lane,2075.0,NSW,Australia,11.0,113,5,4267.42,1,2,4,124,Almost Lost Customer,9,Haily McWilliams,6377.620000000001
1102,Stephana,Puzey,Female,16,1976-08-17,Recruiting Manager,Manufacturing,Affluent Customer,No,15.0,41.0,40-49,4 Barby Road,2647.0,NSW,Australia,3.0,21,8,5025.44,3,4,4,344,Recent Customer,4,Stephana Puzey,8832.98
1103,Glynnis,Sailor,Female,76,1978-01-30,Financial Advisor,Financial Services,High Net Worth,Yes,20.0,40.0,40-49,258 Luster Court,2154.0,NSW,Australia,10.0,32,12,7367.88,3,4,4,344,Recent Customer,4,Glynnis Sailor,15447.92
1104,Jewelle,Pincott,Female,82,1959-12-31,Programmer III,Retail,Mass Customer,No,8.0,58.0,50-59,22669 Lien Center,2565.0,NSW,Australia,6.0,11,7,2568.9700000000003,4,3,2,432,Becoming Loyal,3,Jewelle Pincott,6458.3
1105,Sherman,McCusker,Male,39,1990-02-10,General Manager,Unknown,Mass Customer,No,18.0,28.0,20-29,9 Autumn Leaf Court,2731.0,NSW,Australia,4.0,16,2,2712.5699999999997,4,1,2,412,Recent Customer,4,Sherman McCusker,3965.4399999999996
1106,Sibyl,Bigmore,Female,2,1962-12-17,Software Consultant,Retail,Mass Customer,No,15.0,55.0,50-59,9 Superior Plaza,3185.0,VIC,Australia,11.0,24,9,5691.610000000001,3,4,4,344,Recent Customer,4,Sibyl Bigmore,11078.470000000001
1107,Maridel,Whitby,Female,70,1974-07-17,Social Worker,Health,High Net Worth,No,18.0,43.0,40-49,86603 Dexter Road,2164.0,NSW,Australia,9.0,48,6,1972.03,2,2,2,222,High Risk Customer,8,Maridel Whitby,4394.39
1108,Ginnie,Farriar,Female,86,1962-03-06,Dental Hygienist,Health,Mass Customer,No,17.0,56.0,50-59,8 Ridgeview Park,2323.0,NSW,Australia,5.0,12,4,1338.61,4,1,1,411,Recent Customer,4,Ginnie Farriar,1790.0
1109,Nestor,Billingsley,Male,21,1989-09-01,Web Developer II,Entertainment,High Net Worth,No,6.0,28.0,20-29,4754 Ramsey Junction,3130.0,VIC,Australia,9.0,208,3,683.2,1,1,1,111,Lost Customer,11,Nestor Billingsley,2411.02
1110,Lazar,Cherryman,Male,73,1991-03-17,Information Systems Manager,Retail,High Net Worth,No,12.0,27.0,20-29,9 Dayton Alley,3757.0,VIC,Australia,7.0,17,6,4574.099999999999,4,2,4,424,Becoming Loyal,3,Lazar Cherryman,7310.36
1111,Zach,Maynard,Male,96,1960-03-04,Director of Sales,Unknown,High Net Worth,Yes,18.0,58.0,50-59,08 Carey Center,3284.0,VIC,Australia,6.0,20,7,2561.1499999999996,3,3,2,332,Potential Customer,5,Zach Maynard,6922.7
1112,Jarrett,Chiplin,Male,25,1981-05-22,Unknown,Unknown,Mass Customer,Yes,13.0,37.0,30-39,915 Thackeray Junction,2204.0,NSW,Australia,11.0,108,3,1217.23,1,1,1,111,Lost Customer,11,Jarrett Chiplin,3589.44
1113,Dorie,Willock,Male,45,1992-06-24,Recruiter,Property,Mass Customer,No,6.0,26.0,20-29,515 3rd Road,2037.0,NSW,Australia,12.0,26,9,6072.4800000000005,3,4,4,344,Recent Customer,4,Dorie Willock,10999.37
1114,Evonne,Southan,Female,96,1976-06-03,Structural Engineer,Retail,Mass Customer,No,14.0,42.0,40-49,184 Roth Pass,4211.0,QLD,Australia,7.0,64,4,1774.12,2,1,1,211,Almost Lost Customer,9,Evonne Southan,4156.4
1115,Merola,Stutard,Female,33,1970-01-18,Account Coordinator,Unknown,High Net Worth,Yes,17.0,48.0,40-49,84 Porter Alley,2153.0,NSW,Australia,10.0,2,9,4631.23,4,4,4,444,Platinum Customer,1,Merola Stutard,9270.03
1116,Tori,Coche,Female,59,1974-06-26,Assistant Manager,Health,Mass Customer,Yes,16.0,44.0,40-49,79494 Ruskin Circle,2527.0,NSW,Australia,9.0,7,3,4053.9199999999996,4,1,3,413,Recent Customer,4,Tori Coche,4932.34
1117,Georgena,Guilaem,Female,83,1975-12-01,Quality Engineer,Unknown,Affluent Customer,No,14.0,42.0,40-49,98 Schiller Junction,2747.0,NSW,Australia,9.0,136,9,2524.5299999999997,1,4,2,142,Almost Lost Customer,9,Georgena Guilaem,7547.219999999999
1118,Colline,Coulman,Female,95,1975-12-19,Sales Representative,Retail,Mass Customer,Yes,9.0,42.0,40-49,20519 Katie Circle,2152.0,NSW,Australia,8.0,38,4,1858.9699999999998,3,1,2,312,Late Bloomer,6,Colline Coulman,3365.19
1119,Lemmy,Bennit,Male,43,1976-10-09,Unknown,Entertainment,Mass Customer,Yes,19.0,41.0,40-49,2273 Oneill Place,2118.0,NSW,Australia,11.0,98,6,4825.85,1,2,4,124,Almost Lost Customer,9,Lemmy Bennit,10841.93
1120,Jacquelyn,Rowlinson,Female,87,1980-08-31,Web Developer IV,Retail,Affluent Customer,No,12.0,37.0,30-39,03 6th Alley,2168.0,NSW,Australia,9.0,1,6,1785.8300000000004,4,2,1,421,Becoming Loyal,3,Jacquelyn Rowlinson,5386.26
1121,Dione,Raithby,Female,30,1984-01-21,Registered Nurse,Health,Mass Customer,Yes,3.0,34.0,30-39,8548 Hanover Park,2067.0,NSW,Australia,11.0,7,2,327.07000000000016,4,1,1,411,Recent Customer,4,Dione Raithby,2973.36
1122,Gerladina,Carney,Female,59,1985-12-19,Unknown,Unknown,Mass Customer,No,11.0,32.0,30-39,4079 Lindbergh Center,3021.0,VIC,Australia,8.0,26,5,3026.3900000000003,3,2,3,323,Potential Customer,5,Gerladina Carney,4714.81
1123,Dominick,Downey,Male,50,1962-06-18,Unknown,Property,Mass Customer,No,13.0,56.0,50-59,338 Grasskamp Lane,2573.0,NSW,Australia,7.0,10,5,4235.799999999999,4,2,4,424,Becoming Loyal,3,Dominick Downey,6742.5
1124,Eben,Threader,Male,36,1965-02-03,Health Coach III,Health,Affluent Customer,Yes,9.0,53.0,50-59,0355 3rd Drive,2118.0,NSW,Australia,11.0,44,3,2742.04,3,1,2,312,Late Bloomer,6,Eben Threader,3731.08
1125,Raff,Everley,Male,25,1990-01-19,Software Test Engineer III,IT,Affluent Customer,No,9.0,28.0,20-29,0182 Esker Center,2759.0,NSW,Australia,9.0,29,5,2839.93,3,2,2,322,Late Bloomer,6,Raff Everley,3793.5699999999997
1126,Atlante,Sonley,Female,77,1973-09-27,Executive Secretary,Unknown,Mass Customer,No,14.0,44.0,40-49,48 Sheridan Road,3185.0,VIC,Australia,11.0,19,4,2135.37,3,1,2,312,Late Bloomer,6,Atlante Sonley,4725.4400000000005
1127,Elly,Ormshaw,Female,30,1991-02-27,Physical Therapy Assistant,Financial Services,Mass Customer,No,8.0,27.0,20-29,1879 Mitchell Center,2206.0,NSW,Australia,10.0,136,4,2285.05,1,1,2,112,Evasive Customer,10,Elly Ormshaw,5261.43
1128,Kirsten,Longman,Female,47,1992-04-12,Financial Advisor,Financial Services,Mass Customer,Yes,8.0,26.0,20-29,81114 7th Place,4869.0,QLD,Australia,4.0,26,5,3388.35,3,2,3,323,Potential Customer,5,Kirsten Longman,5855.4400000000005
1129,Hercule,,Male,2,1977-06-29,VP Marketing,Entertainment,Mass Customer,Yes,9.0,41.0,40-49,1 Nevada Park,4226.0,QLD,Australia,8.0,26,13,6790.69,3,4,4,344,Recent Customer,4,Hercule,18349.27
1130,Juli,Prine,Female,90,1964-12-06,Sales Associate,Unknown,Mass Customer,No,16.0,53.0,50-59,6 Buell Point,2062.0,NSW,Australia,12.0,117,5,3784.98,1,2,3,123,Evasive Customer,10,Juli Prine,6301.28
1131,Sigmund,Barkworth,Male,16,1956-08-07,VP Marketing,Unknown,Mass Customer,No,15.0,61.0,60-69,4284 Debra Drive,4814.0,QLD,Australia,3.0,53,8,6295.5199999999995,2,4,4,244,Losing Customer,7,Sigmund Barkworth,10787.84
1132,Coriss,Darkott,Female,99,1985-08-01,Actuary,Financial Services,Affluent Customer,Yes,9.0,32.0,30-39,8 Hansons Street,3076.0,VIC,Australia,7.0,44,9,3640.6199999999994,3,4,3,343,Potential Customer,5,Coriss Darkott,10548.14
1133,Forrester,McFetridge,Male,88,1968-01-26,Unknown,Manufacturing,Affluent Customer,No,6.0,50.0,50-59,7674 Roxbury Junction,4815.0,QLD,Australia,4.0,17,7,5295.09,4,3,4,434,Very Loyal,2,Forrester McFetridge,9050.01
1134,Sullivan,Scullion,Male,22,1994-09-30,Administrative Assistant IV,Financial Services,Affluent Customer,No,3.0,23.0,20-29,771 Sugar Way,2076.0,NSW,Australia,11.0,3,6,1622.98,4,2,1,421,Becoming Loyal,3,Sullivan Scullion,6297.860000000001
1135,Mireielle,Avrasin,Female,60,1980-05-03,Software Engineer IV,Financial Services,Mass Customer,Yes,11.0,38.0,30-39,1792 Judy Road,2539.0,NSW,Australia,6.0,164,3,1758.9800000000002,1,1,1,111,Lost Customer,11,Mireielle Avrasin,3530.65
1136,Ivan,Blackhall,Male,72,1977-08-31,Executive Secretary,Property,High Net Worth,No,7.0,40.0,40-49,92 Melvin Hill,2147.0,NSW,Australia,9.0,35,6,3451.8299999999995,3,2,3,323,Potential Customer,5,Ivan Blackhall,5600.86
1137,Jermayne,Hryniewicki,Male,46,1977-07-03,Business Systems Development Analyst,Unknown,Mass Customer,No,18.0,40.0,40-49,592 Merry Lane,3184.0,VIC,Australia,3.0,5,9,4837.1900000000005,4,4,4,444,Platinum Customer,1,Jermayne Hryniewicki,8092.31
1138,Elli,Loxdale,Female,77,1991-09-21,Statistician I,Retail,Mass Customer,Yes,5.0,26.0,20-29,6 Dapin Park,4503.0,QLD,Australia,6.0,124,6,5174.44,1,2,4,124,Almost Lost Customer,9,Elli Loxdale,7506.16
1139,Shellysheldon,Wickey,Male,52,1982-09-15,Editor,Manufacturing,Mass Customer,Yes,16.0,35.0,30-39,03 Holmberg Park,4127.0,QLD,Australia,2.0,69,4,1434.57,2,1,1,211,Almost Lost Customer,9,Shellysheldon Wickey,3684.36
1140,Deana,Rathbourne,Female,32,1986-02-25,Executive Secretary,Unknown,Mass Customer,Yes,13.0,32.0,30-39,8587 Graceland Way,2206.0,NSW,Australia,10.0,6,13,8533.23,4,4,4,444,Platinum Customer,1,Deana Rathbourne,16199.24
1141,Shannah,Gritsaev,Female,70,1981-09-19,Unknown,Financial Services,High Net Worth,Yes,4.0,36.0,30-39,91 Messerschmidt Trail,3162.0,VIC,Australia,11.0,133,5,772.0999999999999,1,2,1,121,Evasive Customer,10,Shannah Gritsaev,4507.79
1142,Michal,Paiton,Male,95,1998-05-07,Desktop Support Technician,Telecommunications,Mass Customer,No,2.0,20.0,20-29,5998 Bayside Terrace,2526.0,NSW,Australia,9.0,38,4,1841.73,3,1,2,312,Late Bloomer,6,Michal Paiton,4828.39
1143,Goraud,Boissieux,Male,64,1955-03-06,Office Assistant IV,Health,Mass Customer,Yes,6.0,63.0,60-69,107 Moland Court,2579.0,NSW,Australia,5.0,4,5,3277.77,4,2,3,423,Becoming Loyal,3,Goraud Boissieux,7112.88
1144,Damon,Phelip,Male,73,1996-12-12,Environmental Specialist,Health,High Net Worth,Yes,5.0,21.0,20-29,4439 7th Terrace,2177.0,NSW,Australia,9.0,17,7,5961.25,4,3,4,434,Very Loyal,2,Damon Phelip,9425.65
1145,Korella,Begin,Female,80,1965-09-26,Unknown,Property,Mass Customer,Yes,14.0,52.0,50-59,2272 Dennis Alley,3165.0,VIC,Australia,10.0,13,2,1172.58,4,1,1,411,Recent Customer,4,Korella Begin,2382.7200000000003
1146,Hadleigh,Birley,Male,88,1992-08-31,Assistant Professor,Financial Services,High Net Worth,No,8.0,25.0,20-29,0 Scofield Plaza,3201.0,VIC,Australia,4.0,73,2,1294.4,2,1,1,211,Almost Lost Customer,9,Hadleigh Birley,2213.67
1147,Tate,Studholme,Male,71,1968-07-09,Health Coach II,Entertainment,High Net Worth,Yes,9.0,49.0,40-49,51152 Brickson Park Crossing,2768.0,NSW,Australia,9.0,165,6,4173.67,1,2,4,124,Almost Lost Customer,9,Tate Studholme,8766.869999999999
1148,Inigo,Ojeda,Male,60,1987-09-28,Statistician IV,Financial Services,High Net Worth,No,5.0,30.0,30-39,4668 Coleman Street,2160.0,NSW,Australia,5.0,8,3,1689.75,4,1,1,411,Recent Customer,4,Inigo Ojeda,3426.09
1149,Ki,Odo,Female,29,1967-09-30,Developer III,Unknown,Affluent Customer,Yes,14.0,50.0,50-59,8 Moland Junction,2148.0,NSW,Australia,7.0,188,4,2393.31,1,1,2,112,Evasive Customer,10,Ki Odo,5793.360000000001
1150,Bernelle,Warwick,Female,64,1975-09-26,Information Systems Manager,Financial Services,Mass Customer,Yes,13.0,42.0,40-49,1 Raven Junction,4502.0,QLD,Australia,4.0,103,5,6308.28,1,2,4,124,Almost Lost Customer,9,Bernelle Warwick,8439.82
1151,Brena,Amburgy,Female,27,1965-04-06,VP Product Management,Argiculture,High Net Worth,Yes,19.0,53.0,50-59,40570 Acker Alley,2166.0,NSW,Australia,9.0,75,5,3449.31,2,2,3,223,High Risk Customer,8,Brena Amburgy,5819.58
1152,Humfrid,Ducket,Male,47,1998-06-23,Business Systems Development Analyst,Financial Services,Mass Customer,Yes,3.0,20.0,20-29,893 Petterle Trail,4551.0,QLD,Australia,10.0,24,8,4516.14,3,4,4,344,Recent Customer,4,Humfrid Ducket,9434.77
1153,Mirilla,Lothlorien,Female,53,1995-01-17,Desktop Support Technician,Health,Mass Customer,Yes,3.0,23.0,20-29,84 Monument Terrace,4127.0,QLD,Australia,4.0,17,5,2501.7799999999997,4,2,2,422,Becoming Loyal,3,Mirilla Lothlorien,3306.2400000000002
1154,Chase,Youd,Male,26,1974-11-24,Research Nurse,Health,Mass Customer,Yes,20.0,43.0,40-49,0103 Bay Junction,2222.0,NSW,Australia,11.0,131,6,958.31,1,2,1,121,Evasive Customer,10,Chase Youd,3442.7799999999997
1155,Janetta,Hartrick,Female,73,1994-01-15,VP Marketing,Property,Mass Customer,Yes,9.0,24.0,20-29,9618 Havey Place,2710.0,NSW,Australia,1.0,29,7,2332.45,3,3,2,332,Potential Customer,5,Janetta Hartrick,5342.13
1156,Breena,Risebrow,Female,22,1997-10-16,Marketing Assistant,Argiculture,Mass Customer,Yes,1.0,20.0,20-29,098 Veith Hill,4510.0,QLD,Australia,3.0,40,4,2559.66,3,1,2,312,Late Bloomer,6,Breena Risebrow,5965.4400000000005
1157,Saunder,Camerati,Male,69,1974-04-03,Research Nurse,Health,Affluent Customer,Yes,17.0,44.0,40-49,03058 Shoshone Lane,2090.0,NSW,Australia,12.0,85,7,5037.46,2,3,4,234,Losing Customer,7,Saunder Camerati,7726.53
1158,Butch,Geertje,Male,85,1985-02-17,Senior Quality Engineer,Unknown,Mass Customer,Yes,19.0,33.0,30-39,7975 Browning Plaza,3038.0,VIC,Australia,4.0,2,6,4437.32,4,2,4,424,Becoming Loyal,3,Butch Geertje,7962.85
1159,Elbert,Bridgement,Male,94,1993-01-28,Librarian,Entertainment,Mass Customer,No,1.0,25.0,20-29,154 Cambridge Point,3551.0,VIC,Australia,8.0,6,4,2352.28,4,1,2,412,Recent Customer,4,Elbert Bridgement,5803.34
1160,Trisha,Nisuis,Female,98,1965-04-08,Speech Pathologist,IT,Affluent Customer,No,10.0,53.0,50-59,3 Sachs Point,2250.0,NSW,Australia,7.0,163,3,684.5199999999999,1,1,1,111,Lost Customer,11,Trisha Nisuis,3192.0099999999998
1161,Sibylle,Cutsforth,Female,86,1977-01-14,Senior Quality Engineer,Retail,Mass Customer,No,15.0,41.0,40-49,0386 Mayfield Way,4122.0,QLD,Australia,7.0,12,4,2669.74,4,1,2,412,Recent Customer,4,Sibylle Cutsforth,4151.98
1162,Ambrose,Raiston,Male,29,1990-04-13,Marketing Assistant,Unknown,Mass Customer,Yes,7.0,28.0,20-29,24 Merchant Plaza,3031.0,VIC,Australia,10.0,136,4,1675.3100000000002,1,1,1,111,Lost Customer,11,Ambrose Raiston,5369.27
1163,Manolo,Dwire,Male,77,1981-11-13,Cost Accountant,Financial Services,High Net Worth,Yes,8.0,36.0,30-39,353 Oneill Park,3145.0,VIC,Australia,9.0,48,5,1775.0100000000002,2,2,1,221,High Risk Customer,8,Manolo Dwire,2853.67
1164,Gilligan,Mowat,Female,97,1977-01-09,Food Chemist,Health,Mass Customer,Yes,17.0,41.0,40-49,92867 Lukken Lane,3142.0,VIC,Australia,9.0,153,3,346.88999999999993,1,1,1,111,Lost Customer,11,Gilligan Mowat,2164.22
1165,Fanni,Wakelin,Female,58,1993-06-23,Administrative Assistant IV,Financial Services,High Net Worth,No,2.0,25.0,20-29,11 Corscot Plaza,2710.0,NSW,Australia,1.0,10,9,3286.3500000000004,4,4,3,443,Very Loyal,2,Fanni Wakelin,6796.88
1166,Fannie,Devil,Female,40,1972-12-05,Quality Control Specialist,Health,Affluent Customer,No,8.0,45.0,40-49,13 Buhler Plaza,2576.0,NSW,Australia,8.0,14,6,2539.71,4,2,2,422,Becoming Loyal,3,Fannie Devil,7638.8
1167,Elberta,Crickett,Female,20,1996-06-03,Software Test Engineer III,Health,Mass Customer,No,4.0,22.0,20-29,72673 Mayfield Trail,4209.0,QLD,Australia,6.0,10,4,2641.9300000000003,4,1,2,412,Recent Customer,4,Elberta Crickett,4106.64
1168,Iosep,Shaddick,Male,44,1965-02-16,Pharmacist,Health,Affluent Customer,No,18.0,53.0,50-59,42739 Moose Pass,3442.0,VIC,Australia,8.0,59,7,6128.860000000001,2,3,4,234,Losing Customer,7,Iosep Shaddick,10263.16
1169,Kessiah,Corden,Female,33,1967-08-09,Actuary,Financial Services,Mass Customer,Yes,13.0,50.0,50-59,3 Atwood Lane,2153.0,NSW,Australia,10.0,62,7,4318.2,2,3,4,234,Losing Customer,7,Kessiah Corden,7605.57
1170,Lari,Rotte,Female,62,1964-11-30,Assistant Professor,IT,Mass Customer,Yes,4.0,53.0,50-59,378 Prentice Point,4064.0,QLD,Australia,9.0,86,5,3351.7,2,2,3,223,High Risk Customer,8,Lari Rotte,6345.1
1171,Ilise,Solloway,Female,32,1971-08-15,Human Resources Manager,Unknown,Affluent Customer,Yes,8.0,46.0,40-49,95 Forest Run Drive,4152.0,QLD,Australia,8.0,34,9,3879.3199999999997,3,4,3,343,Potential Customer,5,Ilise Solloway,9811.45
1172,Smith,Babbs,Male,48,1974-04-12,Recruiter,Unknown,Mass Customer,Yes,17.0,44.0,40-49,20 Main Road,2230.0,NSW,Australia,9.0,44,6,3329.4700000000003,3,2,3,323,Potential Customer,5,Smith Babbs,7200.46
1173,Gertie,Chaim,Female,58,1978-03-02,Statistician IV,Retail,High Net Worth,No,16.0,40.0,40-49,71 Cherokee Hill,2127.0,NSW,Australia,7.0,108,3,348.6199999999999,1,1,1,111,Lost Customer,11,Gertie Chaim,2042.9699999999998
1174,Shellysheldon,Gooderridge,Unknown,9,,Executive Secretary,IT,Mass Customer,No,,,,698 Summer Ridge Way,2529.0,NSW,Australia,7.0,8,3,1854.13,4,1,2,412,Recent Customer,4,Shellysheldon Gooderridge,3466.9300000000003
1175,Paige,Hodgin,Male,8,1985-09-22,Human Resources Manager,Unknown,Mass Customer,No,8.0,32.0,30-39,79 Grasskamp Center,2170.0,NSW,Australia,9.0,218,2,1153.84,1,1,1,111,Lost Customer,11,Paige Hodgin,2449.24
1176,Celia,Dockerty,Female,7,1976-01-16,Software Engineer IV,Unknown,Affluent Customer,Yes,7.0,42.0,40-49,6541 Dahle Junction,2212.0,NSW,Australia,9.0,77,4,842.1499999999997,2,1,1,211,Almost Lost Customer,9,Celia Dockerty,3909.54
1177,Bobbette,Pozzi,Female,47,1953-08-31,Food Chemist,Health,Affluent Customer,Yes,6.0,64.0,60-69,858 Swallow Parkway,2150.0,NSW,Australia,8.0,87,8,2447.0499999999997,1,4,2,142,Almost Lost Customer,9,Bobbette Pozzi,8367.47
1178,Angelo,Byne,Male,1,1970-05-26,Pharmacist,Health,Mass Customer,No,13.0,48.0,40-49,0005 Independence Drive,2118.0,NSW,Australia,9.0,44,8,5167.23,3,4,4,344,Recent Customer,4,Angelo Byne,10226.15
1179,Kerry,Pashenkov,Male,56,1988-08-15,Media Manager IV,Financial Services,High Net Worth,Yes,13.0,29.0,20-29,525 Kedzie Street,4012.0,QLD,Australia,8.0,7,4,5068.44,4,1,4,414,Recent Customer,4,Kerry Pashenkov,6441.950000000001
1180,Gaye,Quickenden,Female,48,1975-08-17,Account Representative I,Financial Services,Affluent Customer,No,10.0,42.0,40-49,03890 Logan Court,2747.0,NSW,Australia,8.0,59,4,2305.11,2,1,2,212,High Risk Customer,8,Gaye Quickenden,3870.83
1181,Brita,Plant,Female,2,1978-06-06,Tax Accountant,Argiculture,Mass Customer,No,8.0,40.0,40-49,8 Clyde Gallagher Court,4217.0,QLD,Australia,8.0,44,10,4513.0599999999995,3,4,4,344,Recent Customer,4,Brita Plant,9928.33
1182,Carolann,Ottiwill,Female,84,1975-01-11,Data Coordiator,IT,Mass Customer,Yes,7.0,43.0,40-49,62 Elka Terrace,2430.0,NSW,Australia,3.0,5,8,4046.1299999999997,4,4,3,443,Very Loyal,2,Carolann Ottiwill,9588.19
1183,Joe,Shalliker,Male,50,1958-11-14,Media Manager II,Unknown,Affluent Customer,No,6.0,59.0,50-59,85931 Johnson Alley,3039.0,VIC,Australia,6.0,153,5,4140.91,1,2,3,123,Evasive Customer,10,Joe Shalliker,7060.07
1184,Auberta,Teodori,Female,89,1968-10-07,Social Worker,Health,Mass Customer,No,13.0,49.0,40-49,63588 Clove Court,2017.0,NSW,Australia,9.0,5,6,4314.89,4,2,4,424,Becoming Loyal,3,Auberta Teodori,7155.030000000001
1185,Xena,Rossbrooke,Female,17,2000-07-23,VP Product Management,Unknown,Mass Customer,Yes,2.0,17.0,Under 20,86 Stang Way,2213.0,NSW,Australia,10.0,9,3,773.8100000000002,4,1,1,411,Recent Customer,4,Xena Rossbrooke,1957.15
1186,Brantley,Cecchi,Male,70,1977-05-28,Help Desk Operator,Manufacturing,Affluent Customer,Yes,20.0,41.0,40-49,84 Westridge Hill,2061.0,NSW,Australia,10.0,37,4,1369.65,3,1,1,311,Late Bloomer,6,Brantley Cecchi,3285.92
1187,Antonino,Hogben,Male,65,1998-10-21,Unknown,Financial Services,Mass Customer,No,1.0,19.0,Under 20,53740 Vera Parkway,3644.0,VIC,Australia,1.0,58,4,1130.52,2,1,1,211,Almost Lost Customer,9,Antonino Hogben,2382.42
1188,Sally,Cominoli,Female,14,1984-02-23,Statistician IV,Unknown,Affluent Customer,Yes,4.0,34.0,30-39,2 Ramsey Parkway,2104.0,NSW,Australia,11.0,18,2,2299.82,3,1,2,312,Late Bloomer,6,Sally Cominoli,3043.9
1189,Mart,Bazoche,Male,22,1988-08-29,Geologist I,Health,High Net Worth,Yes,8.0,29.0,20-29,651 Mesta Drive,3173.0,VIC,Australia,9.0,47,4,1472.66,2,1,1,211,Almost Lost Customer,9,Mart Bazoche,2894.1
1190,Sib,Gilby,Female,67,1968-09-07,Assistant Professor,Financial Services,Affluent Customer,Yes,10.0,49.0,40-49,1 Merrick Parkway,2830.0,NSW,Australia,2.0,6,6,2008.23,4,2,2,422,Becoming Loyal,3,Sib Gilby,4050.13
1191,Merrielle,Vegas,Female,20,1996-05-22,Director of Sales,Unknown,Mass Customer,Yes,1.0,22.0,20-29,135 Crest Line Drive,2044.0,NSW,Australia,10.0,43,8,1339.27,3,4,1,341,Potential Customer,5,Merrielle Vegas,6925.33
1192,Hollyanne,McCarter,Female,31,1969-12-12,VP Quality Control,Manufacturing,Mass Customer,No,16.0,48.0,40-49,63576 Anzinger Trail,2168.0,NSW,Australia,9.0,79,5,1397.3799999999999,2,2,1,221,High Risk Customer,8,Hollyanne McCarter,4306.09
1193,Quintus,Whear,Male,58,1986-01-21,Safety Technician I,Retail,High Net Worth,No,5.0,32.0,30-39,05 Charing Cross Plaza,2320.0,NSW,Australia,5.0,36,4,962.2199999999998,3,1,1,311,Late Bloomer,6,Quintus Whear,4694.62
1194,Audry,Scurrey,Female,69,1992-03-25,Junior Executive,Telecommunications,Affluent Customer,No,3.0,26.0,20-29,261 Farmco Drive,4118.0,QLD,Australia,4.0,28,8,4148.57,3,4,4,344,Recent Customer,4,Audry Scurrey,7829.33
1195,Ally,Folliott,Female,0,1978-03-22,VP Marketing,Telecommunications,Mass Customer,No,18.0,40.0,40-49,0 Northport Hill,3043.0,VIC,Australia,8.0,19,5,3463.8100000000004,3,2,3,323,Potential Customer,5,Ally Folliott,5178.38
1196,Phillie,Bradforth,Female,23,1998-03-19,Research Nurse,Health,Mass Customer,No,2.0,20.0,20-29,894 Maple Wood Drive,2251.0,NSW,Australia,10.0,18,6,1455.3799999999999,3,2,1,321,Late Bloomer,6,Phillie Bradforth,5307.82
1197,Isobel,Lampett,Female,44,1997-10-16,Professor,Financial Services,High Net Worth,Yes,5.0,20.0,20-29,05 Daystar Lane,2560.0,NSW,Australia,8.0,7,4,1559.1300000000006,4,1,1,411,Recent Customer,4,Isobel Lampett,4455.89
1198,Alina,Rickson,Female,73,1973-09-30,Sales Representative,Retail,High Net Worth,No,7.0,44.0,40-49,81167 Division Hill,2873.0,NSW,Australia,1.0,68,6,2323.92,2,2,2,222,High Risk Customer,8,Alina Rickson,6397.58
1199,Ludovico,Bertot,Male,7,1958-06-14,VP Accounting,Financial Services,Affluent Customer,Yes,5.0,60.0,60-69,761 Bellgrove Lane,2541.0,NSW,Australia,7.0,43,8,2037.3199999999997,3,4,2,342,Potential Customer,5,Ludovico Bertot,6090.45
1200,Hedda,Lathom,Female,38,1974-04-30,Librarian,Entertainment,High Net Worth,No,18.0,44.0,40-49,614 Shopko Trail,4350.0,QLD,Australia,3.0,79,9,4075.17,2,4,3,243,Losing Customer,7,Hedda Lathom,7735.860000000001
1201,Stephani,Mellhuish,Female,42,1955-11-28,Unknown,Manufacturing,Mass Customer,No,10.0,62.0,60-69,1911 Waxwing Point,2761.0,NSW,Australia,9.0,82,3,807.37,2,1,1,211,Almost Lost Customer,9,Stephani Mellhuish,2329.42
1202,Rollie,,Male,90,1992-02-26,Sales Representative,Retail,Mass Customer,Yes,8.0,26.0,20-29,0 Kedzie Junction,2155.0,NSW,Australia,10.0,85,3,592.29,2,1,1,211,Almost Lost Customer,9,Rollie,4231.33
1203,Claresta,Carnier,Female,38,1988-05-06,Technical Writer,Health,Affluent Customer,No,22.0,30.0,30-39,0108 Forster Parkway,4017.0,QLD,Australia,6.0,7,1,830.2399999999999,4,1,1,411,Recent Customer,4,Claresta Carnier,1036.59
1204,Trudy,Huffy,Female,12,1971-03-24,Senior Developer,Manufacturing,Affluent Customer,Yes,16.0,47.0,40-49,466 Briar Crest Junction,2222.0,NSW,Australia,10.0,24,3,183.15999999999997,3,1,1,311,Late Bloomer,6,Trudy Huffy,2461.46
1205,Barton,Baudts,Male,38,1978-06-05,Business Systems Development Analyst,Manufacturing,Affluent Customer,No,13.0,40.0,40-49,6072 Ridge Oak Junction,2222.0,NSW,Australia,10.0,67,8,4598.22,2,4,4,244,Losing Customer,7,Barton Baudts,9243.01
1206,Lucina,Metcalf,Female,13,1978-05-07,Paralegal,Financial Services,Mass Customer,No,13.0,40.0,40-49,31445 Morningstar Drive,3429.0,VIC,Australia,5.0,83,2,889.72,2,1,1,211,Almost Lost Customer,9,Lucina Metcalf,3229.76
1207,Mabel,Marousek,Female,30,1997-09-25,Engineer IV,Health,Mass Customer,No,1.0,20.0,20-29,22619 Schurz Street,2321.0,NSW,Australia,4.0,13,7,1126.07,4,3,1,431,Becoming Loyal,3,Mabel Marousek,4099.09
1208,Lira,Durn,Female,23,1983-12-26,Budget/Accounting Analyst IV,Financial Services,Mass Customer,No,15.0,34.0,30-39,61 Kim Avenue,2079.0,NSW,Australia,10.0,77,5,3238.37,2,2,3,223,High Risk Customer,8,Lira Durn,6789.07
1209,Jacky,Jerosch,Male,40,1977-09-06,Senior Developer,Property,High Net Worth,Yes,11.0,40.0,40-49,12103 Merchant Circle,3072.0,VIC,Australia,9.0,131,2,1809.69,1,1,1,111,Lost Customer,11,Jacky Jerosch,2368.55
1210,Shandie,Sprigg,Unknown,81,,Programmer II,IT,Mass Customer,No,,,,3 Porter Center,2230.0,NSW,Australia,9.0,17,9,4716.72,4,4,4,444,Platinum Customer,1,Shandie Sprigg,10302.32
1211,Gunar,Petasch,Male,45,1978-07-23,VP Sales,Financial Services,Affluent Customer,Yes,14.0,39.0,30-39,7 Luster Trail,2007.0,NSW,Australia,8.0,234,4,1495.94,1,1,1,111,Lost Customer,11,Gunar Petasch,2677.25
1212,Cindy,Freeborn,Female,28,1968-10-24,Legal Assistant,Property,Affluent Customer,No,13.0,49.0,40-49,7 Dahle Avenue,2620.0,NSW,Australia,9.0,71,3,2331.63,2,1,2,212,High Risk Customer,8,Cindy Freeborn,3843.34
1213,Matthieu,Schruur,Male,80,1973-10-21,Accounting Assistant II,Unknown,High Net Worth,No,15.0,44.0,40-49,7 Magdeline Trail,3034.0,VIC,Australia,10.0,69,7,5490.29,2,3,4,234,Losing Customer,7,Matthieu Schruur,8448.45
1214,Martino,Shalcros,Male,0,1989-05-01,Internal Auditor,Property,High Net Worth,No,15.0,29.0,20-29,275 Lindbergh Parkway,2086.0,NSW,Australia,11.0,23,4,3652.09,3,1,3,313,Late Bloomer,6,Martino Shalcros,4251.7
1215,Dyann,Turbard,Female,79,1967-02-26,VP Quality Control,Manufacturing,Mass Customer,No,11.0,51.0,50-59,592 Tennessee Alley,2231.0,NSW,Australia,10.0,77,8,3118.98,2,4,3,243,Losing Customer,7,Dyann Turbard,7611.6
1216,Frank,Vallerine,Female,15,1959-06-25,Software Test Engineer I,Telecommunications,Affluent Customer,Yes,10.0,59.0,50-59,0 American Ash Parkway,3175.0,VIC,Australia,7.0,7,3,2141.64,4,1,2,412,Recent Customer,4,Frank Vallerine,3294.19
1217,Dulcinea,Janssen,Female,67,1968-08-19,Structural Engineer,Manufacturing,High Net Worth,No,16.0,49.0,40-49,387 Pawling Drive,2580.0,NSW,Australia,4.0,10,7,3270.61,4,3,3,433,Very Loyal,2,Dulcinea Janssen,8001.530000000001
1218,Marlie,Lister,Female,12,1982-01-09,Unknown,Unknown,Mass Customer,Yes,7.0,36.0,30-39,0 Evergreen Road,3037.0,VIC,Australia,7.0,50,6,4540.57,2,2,4,224,Losing Customer,7,Marlie Lister,8266.59
1219,Kaine,Parkeson,Male,93,1971-11-04,Unknown,Financial Services,Mass Customer,No,14.0,46.0,40-49,51529 Cascade Place,3550.0,VIC,Australia,4.0,4,3,2015.72,4,1,2,412,Recent Customer,4,Kaine Parkeson,3070.27
1220,Paulie,Akerman,Male,12,1987-06-08,Editor,Unknown,High Net Worth,No,14.0,31.0,30-39,457 Ryan Road,3218.0,VIC,Australia,7.0,66,5,2476.2700000000004,2,2,2,222,High Risk Customer,8,Paulie Akerman,5406.34
1221,Byrom,Draisey,Male,75,1995-09-25,VP Product Management,Health,High Net Worth,Yes,14.0,22.0,20-29,94219 Buell Circle,2020.0,NSW,Australia,9.0,9,7,1500.4900000000002,4,3,1,431,Becoming Loyal,3,Byrom Draisey,5309.76
1222,Barbey,Ville,Female,83,1970-11-01,Account Executive,Property,Mass Customer,No,19.0,47.0,40-49,267 Lukken Park,3930.0,VIC,Australia,9.0,51,3,667.99,2,1,1,211,Almost Lost Customer,9,Barbey Ville,2947.03
1223,Kristyn,,Female,19,1965-01-05,Senior Sales Associate,Manufacturing,Mass Customer,Yes,16.0,53.0,50-59,54 Harbort Road,2480.0,NSW,Australia,7.0,34,8,2235.3,3,4,2,342,Potential Customer,5,Kristyn,4991.75
1224,Aundrea,Reisenberg,Female,9,1977-04-04,Junior Executive,Manufacturing,Mass Customer,No,16.0,41.0,40-49,81 American Place,2259.0,NSW,Australia,6.0,47,7,4250.74,2,3,4,234,Losing Customer,7,Aundrea Reisenberg,8166.93
1225,Arte,Witchell,Male,5,1988-01-22,Clinical Specialist,Health,Mass Customer,Yes,10.0,30.0,30-39,2388 Thackeray Place,3130.0,VIC,Australia,10.0,58,4,2078.59,2,1,2,212,High Risk Customer,8,Arte Witchell,5271.6
1226,Constantia,Sirr,Female,32,1981-03-16,Director of Sales,Health,Mass Customer,Yes,13.0,37.0,30-39,85957 Basil Way,3029.0,VIC,Australia,7.0,24,5,937.4400000000005,3,2,1,321,Late Bloomer,6,Constantia Sirr,5188.65
1227,Carlina,Pencot,Female,63,1989-09-30,Software Engineer I,IT,Affluent Customer,Yes,12.0,28.0,20-29,01 Cottonwood Junction,2285.0,NSW,Australia,7.0,61,12,4101.860000000001,2,4,3,243,Losing Customer,7,Carlina Pencot,9340.67
1228,Marti,Bisterfeld,Female,43,1962-04-27,Senior Cost Accountant,Financial Services,Affluent Customer,No,6.0,56.0,50-59,37 Sutherland Terrace,2830.0,NSW,Australia,4.0,132,4,922.34,1,1,1,111,Lost Customer,11,Marti Bisterfeld,3561.17
1229,Sebastian,Trass,Male,38,2000-01-08,GIS Technical Architect,Manufacturing,Affluent Customer,Yes,1.0,18.0,Under 20,7929 Grasskamp Trail,2119.0,NSW,Australia,11.0,19,9,3005.63,3,4,3,343,Potential Customer,5,Sebastian Trass,6854.87
1230,Eben,Powley,Male,61,1985-07-24,Unknown,Financial Services,Mass Customer,Yes,10.0,32.0,30-39,4 Hoard Pass,2153.0,NSW,Australia,9.0,76,2,617.98,2,1,1,211,Almost Lost Customer,9,Eben Powley,1824.33
1231,Aloisia,Shawel,Female,94,1973-07-28,Social Worker,Health,Affluent Customer,No,18.0,44.0,40-49,2 Dunning Alley,2120.0,NSW,Australia,10.0,175,2,1718.6100000000001,1,1,1,111,Lost Customer,11,Aloisia Shawel,2000.5500000000002
1232,Stillmann,Wilfling,Male,83,1959-09-12,Help Desk Operator,Property,Affluent Customer,No,20.0,58.0,50-59,61949 7th Road,4573.0,QLD,Australia,8.0,4,9,5011.9,4,4,4,444,Platinum Customer,1,Stillmann Wilfling,10746.19
1233,Keeley,Hawsby,Female,17,1978-07-07,Unknown,Retail,Affluent Customer,Yes,16.0,39.0,30-39,26 Lotheville Court,2085.0,NSW,Australia,11.0,14,9,6634.14,4,4,4,444,Platinum Customer,1,Keeley Hawsby,11281.31
1234,Rancell,Yven,Male,87,1965-04-19,Geologist I,Unknown,Mass Customer,No,17.0,53.0,50-59,3765 Mandrake Alley,2763.0,NSW,Australia,9.0,85,8,2231.46,2,4,2,242,Losing Customer,7,Rancell Yven,8027.4800000000005
1235,Sharon,Cranage,Female,24,1969-02-28,Dental Hygienist,Health,Mass Customer,No,9.0,49.0,40-49,67348 Lakewood Gardens Road,2852.0,NSW,Australia,2.0,81,2,3332.7999999999993,2,1,3,213,High Risk Customer,8,Sharon Cranage,3981.8599999999997
1236,Bryanty,Megarrell,Male,75,1974-05-21,Web Designer IV,Financial Services,High Net Worth,Yes,18.0,44.0,40-49,014 Birchwood Parkway,3030.0,VIC,Australia,7.0,41,4,3078.59,3,1,3,313,Late Bloomer,6,Bryanty Megarrell,4306.97
1237,Junia,Humerstone,Female,6,1969-12-31,Research Nurse,Health,High Net Worth,No,16.0,48.0,40-49,17357 Katie Center,3677.0,VIC,Australia,4.0,23,11,6961.5199999999995,3,4,4,344,Recent Customer,4,Junia Humerstone,14112.4
1238,Steward,Beedham,Male,24,1978-06-01,Graphic Designer,Unknown,Affluent Customer,Yes,6.0,40.0,40-49,5772 Kennedy Junction,3030.0,VIC,Australia,5.0,101,6,1110.02,1,2,1,121,Evasive Customer,10,Steward Beedham,3831.42
1239,Carroll,Cobbin,Male,9,1978-02-28,Unknown,Unknown,Mass Customer,Yes,17.0,40.0,40-49,560 Melody Alley,4122.0,QLD,Australia,7.0,38,7,1795.3000000000002,3,3,1,331,Potential Customer,5,Carroll Cobbin,4496.44
1240,Pen,Earey,Female,64,1965-05-13,Sales Associate,Manufacturing,Mass Customer,Yes,19.0,53.0,50-59,92 Waubesa Center,2760.0,NSW,Australia,8.0,5,4,3015.0499999999993,4,1,3,413,Recent Customer,4,Pen Earey,4634.82
1241,Lolly,Junkison,Female,23,1986-03-22,Pharmacist,Health,Affluent Customer,Yes,11.0,32.0,30-39,359 Kropf Point,2750.0,NSW,Australia,9.0,75,7,1844.56,2,3,2,232,Losing Customer,7,Lolly Junkison,7065.74
1242,Bartholomeo,Meeke,Male,36,1973-02-04,Human Resources Assistant III,Property,High Net Worth,Yes,18.0,45.0,40-49,75 Scott Place,3806.0,VIC,Australia,7.0,17,3,1100.8200000000002,4,1,1,411,Recent Customer,4,Bartholomeo Meeke,2670.4700000000003
1243,Robbert,Blakey,Male,73,1953-08-09,Research Assistant II,Retail,Mass Customer,No,8.0,64.0,60-69,2 Eliot Lane,2155.0,NSW,Australia,11.0,199,9,4544.16,1,4,4,144,Almost Lost Customer,9,Robbert Blakey,10166.91
1244,Glenn,Tinham,Unknown,80,,Financial Analyst,Financial Services,Mass Customer,Yes,,,,3466 Truax Terrace,2127.0,NSW,Australia,8.0,19,5,1968.68,3,2,2,322,Late Bloomer,6,Glenn Tinham,4737.43
1245,Erin,Shawell,Male,34,1994-05-31,Product Engineer,Manufacturing,Affluent Customer,No,1.0,24.0,20-29,9 7th Terrace,2155.0,NSW,Australia,10.0,71,7,2596.23,2,3,2,232,Losing Customer,7,Erin Shawell,5886.29
1246,Ibrahim,Wibrew,Male,94,1993-08-10,Unknown,Unknown,High Net Worth,No,6.0,24.0,20-29,65209 Merrick Avenue,4873.0,QLD,Australia,2.0,114,2,1769.48,1,1,1,111,Lost Customer,11,Ibrahim Wibrew,2963.46
1247,Hildagarde,Eyrl,Female,15,1960-10-05,Geologist I,Entertainment,Affluent Customer,No,11.0,57.0,50-59,90351 Duke Junction,4820.0,QLD,Australia,1.0,90,4,2848.9400000000005,1,1,3,113,Evasive Customer,10,Hildagarde Eyrl,5835.85
1248,Genia,Bartel,Female,31,1963-12-18,General Manager,Unknown,Affluent Customer,Yes,7.0,54.0,50-59,47 Glacier Hill Junction,4873.0,QLD,Australia,2.0,67,1,182.81000000000017,2,1,1,211,Almost Lost Customer,9,Genia Bartel,1661.92
1249,Tabb,McKeowon,Male,11,1967-10-31,Unknown,Telecommunications,Mass Customer,No,16.0,50.0,50-59,7978 Carberry Way,4817.0,QLD,Australia,2.0,106,5,4269.85,1,2,4,124,Almost Lost Customer,9,Tabb McKeowon,6448.09
1250,Jacklyn,Kewley,Female,42,2001-11-02,Help Desk Technician,Manufacturing,Mass Customer,No,1.0,16.0,Under 20,795 Arapahoe Hill,4818.0,QLD,Australia,7.0,35,10,6093.26,3,4,4,344,Recent Customer,4,Jacklyn Kewley,9534.19
1251,Codie,Arnecke,Male,63,1997-10-01,Desktop Support Technician,Property,Mass Customer,No,2.0,20.0,20-29,6 Lerdahl Plaza,4519.0,QLD,Australia,6.0,61,4,1481.07,2,1,1,211,Almost Lost Customer,9,Codie Arnecke,2360.34
1252,Les,Ellwood,Male,46,1965-01-16,Recruiting Manager,Manufacturing,Mass Customer,Yes,14.0,53.0,50-59,60320 Emmet Road,4806.0,QLD,Australia,4.0,9,7,4548.3099999999995,4,3,4,434,Very Loyal,2,Les Ellwood,9665.09
1253,Mahalia,,Female,81,1996-08-19,Research Assistant I,Manufacturing,Mass Customer,No,5.0,21.0,20-29,11 Golf Pass,4805.0,QLD,Australia,2.0,4,4,1948.45,4,1,2,412,Recent Customer,4,Mahalia,3836.34
1254,Quillan,McDuffie,Male,60,1958-12-18,Graphic Designer,Retail,Mass Customer,Yes,5.0,59.0,50-59,563 Northport Drive,4701.0,QLD,Australia,1.0,37,7,3436.5000000000005,3,3,3,333,Potential Customer,5,Quillan McDuffie,6791.62
1255,Erhart,Glazebrook,Male,5,1982-05-20,Unknown,Health,Affluent Customer,No,11.0,36.0,30-39,8 Eggendart Court,2478.0,NSW,Australia,9.0,78,3,287.3099999999999,2,1,1,211,Almost Lost Customer,9,Erhart Glazebrook,1726.6999999999998
1256,Granny,Lukes,Male,8,1986-05-11,Food Chemist,Health,High Net Worth,No,9.0,32.0,30-39,91336 Spenser Street,4560.0,QLD,Australia,6.0,81,6,2068.6099999999997,2,2,2,222,High Risk Customer,8,Granny Lukes,6083.15
1257,Prentiss,MacVicar,Male,40,1972-06-19,Assistant Professor,Property,Affluent Customer,Yes,9.0,46.0,40-49,33 Rockefeller Avenue,4740.0,QLD,Australia,2.0,256,3,1791.15,1,1,1,111,Lost Customer,11,Prentiss MacVicar,2708.91
1258,Nefen,Ferriere,Male,89,1978-04-21,Geological Engineer,Manufacturing,Mass Customer,No,6.0,40.0,40-49,71 Sundown Circle,4720.0,QLD,Australia,1.0,52,8,5441.219999999999,2,4,4,244,Losing Customer,7,Nefen Ferriere,8945.56
1259,Emmi,Dymock,Female,23,1973-11-24,Assistant Professor,Financial Services,Mass Customer,No,9.0,44.0,40-49,33 Bayside Way,4702.0,QLD,Australia,1.0,41,7,3342.13,3,3,3,333,Potential Customer,5,Emmi Dymock,8470.17
1260,Fremont,Spawton,Male,92,1989-10-01,Tax Accountant,Property,Mass Customer,No,9.0,28.0,20-29,23 Hollow Ridge Avenue,4702.0,QLD,Australia,2.0,66,5,2195.24,2,2,2,222,High Risk Customer,8,Fremont Spawton,3845.9700000000003
1261,Candice,Lohde,Female,61,1971-02-16,Legal Assistant,Manufacturing,Mass Customer,No,4.0,47.0,40-49,16623 Mariners Cove Plaza,4127.0,QLD,Australia,2.0,48,6,1584.5,2,2,1,221,High Risk Customer,8,Candice Lohde,4878.62
1262,Aindrea,MacConchie,Female,90,1967-12-07,Technical Writer,Unknown,High Net Worth,Yes,19.0,50.0,50-59,884 Shoshone Lane,4670.0,QLD,Australia,3.0,43,3,1355.3799999999997,3,1,1,311,Late Bloomer,6,Aindrea MacConchie,4584.04
1263,Elliot,Posselow,Male,41,1973-06-16,Nurse,Manufacturing,Affluent Customer,No,8.0,45.0,40-49,12 Prentice Point,4670.0,QLD,Australia,1.0,42,6,2951.0199999999995,3,2,3,323,Potential Customer,5,Elliot Posselow,5354.29
1264,Michail,Heart,Male,48,1994-02-28,Unknown,Health,Mass Customer,Yes,7.0,24.0,20-29,7008 Warner Park,4670.0,QLD,Australia,2.0,2,4,2699.7099999999996,4,1,2,412,Recent Customer,4,Michail Heart,6000.92
1265,Kipper,Monck,Male,72,1987-07-22,Biostatistician I,Property,Mass Customer,Yes,2.0,30.0,30-39,51673 Heffernan Park,4655.0,QLD,Australia,3.0,7,4,1195.6099999999997,4,1,1,411,Recent Customer,4,Kipper Monck,4449.86
1266,Harry,,Male,68,1978-05-02,Human Resources Manager,Health,Mass Customer,Yes,10.0,40.0,40-49,32 Meadow Ridge Alley,4610.0,QLD,Australia,1.0,257,2,3405.099999999999,1,1,3,113,Evasive Customer,10,Harry,4182.94
1267,Leopold,Dainton,Male,39,1979-06-03,Safety Technician IV,Entertainment,Affluent Customer,Yes,19.0,39.0,30-39,37 Clarendon Lane,4655.0,QLD,Australia,3.0,141,4,2557.49,1,1,2,112,Evasive Customer,10,Leopold Dainton,6352.41
1268,Baudoin,McCartney,Male,20,1989-12-06,Unknown,Financial Services,High Net Worth,Yes,2.0,28.0,20-29,7 Onsgard Court,4551.0,QLD,Australia,9.0,67,3,1318.2600000000004,2,1,1,211,Almost Lost Customer,9,Baudoin McCartney,3021.9300000000003
1269,Ravid,Kilgallon,Male,56,1990-08-25,Account Coordinator,Property,High Net Worth,Yes,7.0,27.0,20-29,543 Victoria Park,4702.0,QLD,Australia,6.0,211,3,935.0600000000001,1,1,1,111,Lost Customer,11,Ravid Kilgallon,2962.88
1270,Cullen,Langshaw,Male,72,1983-02-27,Paralegal,Financial Services,Affluent Customer,No,10.0,35.0,30-39,640 Toban Hill,4702.0,QLD,Australia,6.0,205,4,2113.08,1,1,2,112,Evasive Customer,10,Cullen Langshaw,3962.16
1271,Jo-anne,Pringer,Female,71,1994-07-11,Accounting Assistant II,Telecommunications,Mass Customer,Yes,6.0,23.0,20-29,93 Corben Crossing,4506.0,QLD,Australia,4.0,187,2,950.1199999999999,1,1,1,111,Lost Customer,11,Jo-anne Pringer,3387.5299999999997
1272,Nettie,Bulfit,Female,2,1985-04-04,Unknown,Manufacturing,Affluent Customer,No,17.0,33.0,30-39,26 Portage Junction,4503.0,QLD,Australia,5.0,24,10,5029.13,3,4,4,344,Recent Customer,4,Nettie Bulfit,12199.83
1273,Hieronymus,Whinray,Male,48,1974-07-31,General Manager,Financial Services,Affluent Customer,Yes,14.0,43.0,40-49,7928 Mendota Circle,4503.0,QLD,Australia,2.0,23,3,1551.7500000000002,3,1,1,311,Late Bloomer,6,Hieronymus Whinray,3050.3100000000004
1274,Emmerich,Tinkler,Male,12,1977-11-16,Mechanical Systems Engineer,Manufacturing,Mass Customer,No,20.0,40.0,40-49,1075 Raven Place,4512.0,QLD,Australia,7.0,14,10,3573.5,4,4,3,443,Very Loyal,2,Emmerich Tinkler,7482.33
1275,Francisca,Whittek,Female,70,1966-01-10,General Manager,Health,Mass Customer,Yes,8.0,52.0,50-59,0 Summerview Pass,4511.0,QLD,Australia,2.0,149,6,1540.0799999999997,1,2,1,121,Evasive Customer,10,Francisca Whittek,5698.139999999999
1276,Farrel,Waiting,Male,24,1964-06-07,Dental Hygienist,Health,Affluent Customer,No,4.0,54.0,50-59,7310 Shopko Trail,4500.0,QLD,Australia,8.0,100,2,969.91,1,1,1,111,Lost Customer,11,Farrel Waiting,2585.3
1277,Elias,Gerrie,Male,26,1972-12-26,Help Desk Technician,Unknown,Mass Customer,Yes,9.0,45.0,40-49,6659 Kenwood Plaza,4380.0,QLD,Australia,1.0,55,3,1197.91,2,1,1,211,Almost Lost Customer,9,Elias Gerrie,2701.3900000000003
1278,Betsy,Schruurs,Female,14,1998-11-15,Pharmacist,Health,Affluent Customer,No,2.0,19.0,Under 20,41 Knutson Alley,4370.0,QLD,Australia,4.0,64,4,721.51,2,1,1,211,Almost Lost Customer,9,Betsy Schruurs,6559.17
1279,Burr,Lygoe,Male,30,1962-08-12,Staff Accountant I,Financial Services,Mass Customer,No,20.0,55.0,50-59,67396 Roxbury Court,4817.0,QLD,Australia,3.0,52,6,2422.29,2,2,2,222,High Risk Customer,8,Burr Lygoe,6106.63
1280,Horacio,Peyntue,Male,71,1978-01-24,Marketing Assistant,Manufacturing,High Net Worth,Yes,15.0,40.0,40-49,55 Hauk Court,4350.0,QLD,Australia,7.0,106,4,2799.419999999999,1,1,2,112,Evasive Customer,10,Horacio Peyntue,4802.049999999999
1281,Leighton,Zisneros,Male,29,1968-07-07,Administrative Assistant III,Manufacturing,Affluent Customer,Yes,16.0,49.0,40-49,131 Tony Road,4213.0,QLD,Australia,8.0,87,3,1186.6099999999997,1,1,1,111,Lost Customer,11,Leighton Zisneros,3403.18
1282,Garald,Pidler,Male,99,1980-11-15,Programmer Analyst III,Entertainment,Affluent Customer,Yes,14.0,37.0,30-39,791 Elgar Trail,4340.0,QLD,Australia,5.0,38,8,5521.41,3,4,4,344,Recent Customer,4,Garald Pidler,10069.949999999999
1283,Tory,Minnette,Female,43,1994-08-23,Clinical Specialist,Health,Mass Customer,No,1.0,23.0,20-29,617 Welch Street,4122.0,QLD,Australia,7.0,93,2,1012.1,1,1,1,111,Lost Customer,11,Tory Minnette,2964.4
1284,Alexis,Aronov,Male,30,1976-01-28,Junior Executive,Entertainment,Affluent Customer,No,11.0,42.0,40-49,1 Namekagon Plaza,4306.0,QLD,Australia,8.0,78,3,106.49999999999999,2,1,1,211,Almost Lost Customer,9,Alexis Aronov,418.80999999999995
1285,Tomkin,Fudge,Male,44,1973-05-23,Office Assistant III,Manufacturing,Mass Customer,Yes,12.0,45.0,40-49,3 Blaine Road,4306.0,QLD,Australia,6.0,117,8,6456.509999999998,1,4,4,144,Almost Lost Customer,9,Tomkin Fudge,11638.83
1286,Mina,Clawley,Female,83,1975-06-28,Senior Quality Engineer,Manufacturing,High Net Worth,Yes,16.0,43.0,40-49,77 Pankratz Plaza,4306.0,QLD,Australia,8.0,51,7,2415.24,2,3,2,232,Losing Customer,7,Mina Clawley,6400.92
1287,Nicko,Saddleton,Male,72,1960-10-23,Systems Administrator I,Financial Services,Mass Customer,Yes,20.0,57.0,50-59,4081 Veith Lane,4306.0,QLD,Australia,4.0,67,7,5456.97,2,3,4,234,Losing Customer,7,Nicko Saddleton,9575.2
1288,Abra,Cuardall,Female,51,1979-10-07,Desktop Support Technician,Financial Services,Affluent Customer,Yes,18.0,38.0,30-39,55 Elgar Park,4306.0,QLD,Australia,7.0,22,5,3227.1299999999997,3,2,3,323,Potential Customer,5,Abra Cuardall,7824.94
1289,Shelley,Stroyan,Male,35,1973-07-16,Unknown,Unknown,Mass Customer,Yes,8.0,44.0,40-49,9821 Fair Oaks Trail,4306.0,QLD,Australia,1.0,11,6,3940.48,4,2,3,423,Becoming Loyal,3,Shelley Stroyan,5578.72
1290,Vassily,Ramalho,Male,49,1967-08-08,VP Marketing,Financial Services,High Net Worth,Yes,6.0,50.0,50-59,19679 Buell Pass,4305.0,QLD,Australia,5.0,44,9,7616.04,3,4,4,344,Recent Customer,4,Vassily Ramalho,11890.97
1291,Warner,Zuker,Male,0,1980-08-16,Quality Engineer,Health,Mass Customer,No,12.0,37.0,30-39,8 Kinsman Alley,4304.0,QLD,Australia,2.0,16,7,5147.26,4,3,4,434,Very Loyal,2,Warner Zuker,8651.92
1292,Alice,Backson,Female,56,1961-06-02,Unknown,Unknown,Affluent Customer,No,20.0,57.0,50-59,9989 Toban Way,4301.0,QLD,Australia,3.0,31,5,3607.6600000000003,3,2,3,323,Potential Customer,5,Alice Backson,6404.32
1293,Vidovic,Fretson,Male,89,1980-10-07,Quality Engineer,IT,Mass Customer,No,8.0,37.0,30-39,378 Butterfield Pass,4300.0,QLD,Australia,6.0,239,5,4736.69,1,2,4,124,Almost Lost Customer,9,Vidovic Fretson,5896.44
1294,Cari,Worling,Female,31,1974-09-28,Unknown,Manufacturing,Mass Customer,Yes,15.0,43.0,40-49,7 Schurz Parkway,4212.0,QLD,Australia,7.0,176,3,917.3199999999999,1,1,1,111,Lost Customer,11,Cari Worling,1722.97
1295,Irving,Murton,Male,66,1997-01-25,Nurse,Argiculture,Mass Customer,Yes,5.0,21.0,20-29,07780 Autumn Leaf Drive,4209.0,QLD,Australia,7.0,29,7,1882.9,3,3,2,332,Potential Customer,5,Irving Murton,7146.77
1296,Essy,Vondrak,Female,61,1989-03-11,Paralegal,Financial Services,Affluent Customer,Yes,9.0,29.0,20-29,87 Reinke Drive,4211.0,QLD,Australia,6.0,130,4,2793.27,1,1,2,112,Evasive Customer,10,Essy Vondrak,5977.84
1297,Shay,Gimbart,Male,91,1981-02-12,Social Worker,Health,Mass Customer,No,3.0,37.0,30-39,3 Gina Center,4210.0,QLD,Australia,7.0,2,6,2424.5299999999997,4,2,2,422,Becoming Loyal,3,Shay Gimbart,6037.48
1298,Guglielmo,Yele,Male,35,1974-04-06,Research Nurse,Health,Mass Customer,No,16.0,44.0,40-49,029 Scott Center,4205.0,QLD,Australia,5.0,141,5,4113.36,1,2,3,123,Evasive Customer,10,Guglielmo Yele,7471.98
1299,Maddy,Aiskovitch,Female,72,1977-01-17,Media Manager IV,Unknown,Affluent Customer,No,12.0,41.0,40-49,36072 Lakewood Gardens Court,4051.0,QLD,Australia,8.0,6,7,5957.779999999999,4,3,4,434,Very Loyal,2,Maddy Aiskovitch,9845.31
1300,Sisely,Strelitzer,Female,0,1991-03-10,Physical Therapy Assistant,Financial Services,Affluent Customer,Yes,9.0,27.0,20-29,408 Grover Place,4165.0,QLD,Australia,9.0,20,6,6148.619999999999,3,2,4,324,Potential Customer,5,Sisely Strelitzer,9217.35
1301,Trix,,Female,17,1991-11-25,Structural Analysis Engineer,Health,Mass Customer,No,9.0,26.0,20-29,392 Ridge Oak Road,4165.0,QLD,Australia,7.0,12,8,2178.71,4,4,2,442,Very Loyal,2,Trix,5396.44
1302,Ericka,Eggers,Female,29,1998-05-03,Biostatistician I,Financial Services,Affluent Customer,Yes,2.0,20.0,20-29,9 Sugar Junction,4053.0,QLD,Australia,7.0,29,13,5336.7300000000005,3,4,4,344,Recent Customer,4,Ericka Eggers,17035.83
1303,Nollie,Guilliatt,Male,64,1972-04-27,Unknown,Argiculture,Mass Customer,No,15.0,46.0,40-49,0917 Golf View Parkway,4217.0,QLD,Australia,1.0,10,6,4352.37,4,2,4,424,Becoming Loyal,3,Nollie Guilliatt,7278.72
1304,Emmy,Lumbly,Male,23,1977-11-16,Administrative Assistant III,Unknown,High Net Worth,No,11.0,40.0,40-49,16039 Warrior Parkway,4130.0,QLD,Australia,7.0,3,6,2321.06,4,2,2,422,Becoming Loyal,3,Emmy Lumbly,4316.4400000000005
1305,Averil,Gentiry,Male,97,1970-03-01,Executive Secretary,Financial Services,High Net Worth,Yes,6.0,48.0,40-49,3 School Place,4124.0,QLD,Australia,4.0,142,5,2825.0,1,2,2,122,Evasive Customer,10,Averil Gentiry,4862.79
1306,Doyle,Oleksinski,Male,13,1956-04-12,Occupational Therapist,Health,Affluent Customer,Yes,13.0,62.0,60-69,9120 Corry Avenue,4208.0,QLD,Australia,7.0,12,6,5486.1,4,2,4,424,Becoming Loyal,3,Doyle Oleksinski,7121.24
1307,Emlyn,Musgrave,Female,73,1970-09-06,Dental Hygienist,Health,High Net Worth,Yes,10.0,47.0,40-49,2 Shoshone Way,4123.0,QLD,Australia,6.0,90,9,4526.73,1,4,4,144,Almost Lost Customer,9,Emlyn Musgrave,9888.54
1308,Andrey,Conre,Male,34,1976-08-27,Analog Circuit Design manager,Unknown,Affluent Customer,Yes,18.0,41.0,40-49,32 Vidon Point,4118.0,QLD,Australia,7.0,15,5,4757.959999999999,4,2,4,424,Becoming Loyal,3,Andrey Conre,7509.25
1309,Adlai,Fabry,Male,95,1977-03-22,VP Marketing,Unknown,Mass Customer,No,13.0,41.0,40-49,515 Bunting Point,4115.0,QLD,Australia,8.0,82,4,1400.32,2,1,1,211,Almost Lost Customer,9,Adlai Fabry,3547.44
1310,Keane,Leebeter,Male,38,1986-12-20,Geological Engineer,Manufacturing,High Net Worth,Yes,13.0,31.0,30-39,67727 Westerfield Hill,4164.0,QLD,Australia,9.0,20,5,2289.27,3,2,2,322,Late Bloomer,6,Keane Leebeter,4177.02
1311,Sharona,Cunah,Female,89,1984-10-06,VP Accounting,Financial Services,Mass Customer,Yes,13.0,33.0,30-39,0 Moland Parkway,4127.0,QLD,Australia,7.0,37,4,3572.0599999999995,3,1,3,313,Late Bloomer,6,Sharona Cunah,6207.49
1312,Magda,Baugh,Female,96,1994-07-16,Food Chemist,Health,Affluent Customer,No,8.0,23.0,20-29,764 Dahle Alley,4115.0,QLD,Australia,8.0,26,4,1292.6000000000001,3,1,1,311,Late Bloomer,6,Magda Baugh,3066.41
1313,Hughie,Laboune,Male,59,1986-02-09,Analyst Programmer,Property,Mass Customer,No,22.0,32.0,30-39,72 Shasta Plaza,4152.0,QLD,Australia,4.0,7,8,4753.51,4,4,4,444,Platinum Customer,1,Hughie Laboune,10174.59
1314,De,Eilhart,Female,25,1970-02-23,Clinical Specialist,Health,Mass Customer,Yes,6.0,48.0,40-49,210 Esch Park,2452.0,NSW,Australia,8.0,27,5,2894.17,3,2,3,323,Potential Customer,5,De Eilhart,5627.01
1315,Ebba,Comport,Female,46,1973-06-24,Unknown,IT,Mass Customer,Yes,12.0,45.0,40-49,55326 Fulton Hill,3931.0,VIC,Australia,10.0,5,8,2216.97,4,4,2,442,Very Loyal,2,Ebba Comport,5675.12
1316,Steven,Castellaccio,Male,79,1990-03-06,Recruiter,Retail,High Net Worth,Yes,18.0,28.0,20-29,482 Bartelt Junction,4280.0,QLD,Australia,7.0,32,5,2152.8799999999997,3,2,2,322,Late Bloomer,6,Steven Castellaccio,5704.709999999999
1317,Barrett,Lindley,Male,2,1973-01-18,General Manager,Retail,Mass Customer,Yes,5.0,45.0,40-49,58563 Monterey Hill,4300.0,QLD,Australia,2.0,10,9,7024.709999999999,4,4,4,444,Platinum Customer,1,Barrett Lindley,15370.81
1318,Barbe,Assender,Female,10,1966-08-17,Senior Developer,Financial Services,Mass Customer,Yes,4.0,51.0,50-59,889 Straubel Way,4055.0,QLD,Australia,6.0,7,7,3500.74,4,3,3,433,Very Loyal,2,Barbe Assender,7834.26
1319,Trevor,St. Paul,Male,20,1955-07-18,Unknown,Entertainment,Mass Customer,Yes,12.0,62.0,60-69,9 Dawn Court,4128.0,QLD,Australia,2.0,16,5,1579.83,4,2,1,421,Becoming Loyal,3,Trevor St. Paul,6649.37
1320,Fae,,Female,4,1983-10-29,Unknown,Manufacturing,High Net Worth,Yes,7.0,34.0,30-39,1988 Bartillon Terrace,4500.0,QLD,Australia,3.0,94,6,1835.1799999999998,1,2,2,122,Evasive Customer,10,Fae,4696.18
1321,Bree,Domenge,Female,29,1994-07-05,Editor,Argiculture,Affluent Customer,No,8.0,23.0,20-29,57384 Sycamore Park,4370.0,QLD,Australia,6.0,103,7,2398.25,1,3,2,132,Almost Lost Customer,9,Bree Domenge,5511.14
1322,Kathye,Christie,Female,37,2001-10-16,Data Coordiator,Financial Services,Mass Customer,Yes,1.0,16.0,Under 20,276 Hoffman Road,4017.0,QLD,Australia,8.0,63,4,4008.84,2,1,3,213,High Risk Customer,8,Kathye Christie,6024.35
1323,Kristofor,Mockes,Male,27,1988-04-04,Account Executive,Unknown,High Net Worth,Yes,9.0,30.0,30-39,98791 Johnson Way,4053.0,QLD,Australia,7.0,53,7,1695.38,2,3,1,231,Losing Customer,7,Kristofor Mockes,3352.15
1324,Randie,Arnowitz,Female,88,1978-02-22,Web Designer III,Manufacturing,Mass Customer,No,11.0,40.0,40-49,7 John Wall Parkway,4020.0,QLD,Australia,5.0,74,6,2011.9299999999998,2,2,2,222,High Risk Customer,8,Randie Arnowitz,6148.34
1325,Ty,Belliard,Male,67,1968-08-25,Account Executive,Argiculture,High Net Worth,Yes,14.0,49.0,40-49,0693 Eagan Court,4019.0,QLD,Australia,4.0,82,1,104.24,2,1,1,211,Almost Lost Customer,9,Ty Belliard,416.98
1326,Goddard,Tinn,Male,15,1966-02-23,Biostatistician III,Health,Affluent Customer,Yes,5.0,52.0,50-59,38 Main Park,3188.0,VIC,Australia,8.0,10,6,3581.0,4,2,3,423,Becoming Loyal,3,Goddard Tinn,6384.110000000001
1327,Sarita,Khosa,Female,57,1995-11-25,Director of Sales,Property,Affluent Customer,No,6.0,22.0,20-29,2 Shasta Street,3977.0,VIC,Australia,8.0,6,5,2848.5,4,2,3,423,Becoming Loyal,3,Sarita Khosa,5206.27
1328,Stavro,Gargett,Male,19,1981-09-02,Budget/Accounting Analyst IV,IT,Mass Customer,Yes,6.0,36.0,30-39,27 Farmco Pass,3806.0,VIC,Australia,8.0,0,7,5351.58,4,3,4,434,Very Loyal,2,Stavro Gargett,10301.23
1329,Wendy,Randlesome,Female,65,1989-07-15,Database Administrator IV,Unknown,Mass Customer,No,11.0,28.0,20-29,9985 Barnett Circle,3940.0,VIC,Australia,7.0,4,10,6968.549999999999,4,4,4,444,Platinum Customer,1,Wendy Randlesome,13334.92
1330,Gery,Headrick,Male,20,1985-08-02,Technical Writer,Unknown,Affluent Customer,No,19.0,32.0,30-39,60855 Fieldstone Avenue,3939.0,VIC,Australia,6.0,75,6,5101.120000000001,2,2,4,224,Losing Customer,7,Gery Headrick,8329.24
1331,Edward,Hawkwood,Male,12,1987-03-24,Tax Accountant,Telecommunications,High Net Worth,No,17.0,31.0,30-39,2 Dixon Crossing,3910.0,VIC,Australia,7.0,5,10,6252.429999999999,4,4,4,444,Platinum Customer,1,Edward Hawkwood,11641.26
1332,Garek,De la Barre,Male,87,1978-05-01,Technical Writer,Unknown,Mass Customer,Yes,12.0,40.0,40-49,7 Canary Trail,3977.0,VIC,Australia,10.0,31,8,5075.61,3,4,4,344,Recent Customer,4,Garek De la Barre,9213.53
1333,Phillipp,McMonnies,Male,4,1973-08-23,Compensation Analyst,Financial Services,High Net Worth,No,9.0,44.0,40-49,09653 Golf View Way,3840.0,VIC,Australia,2.0,7,3,1924.18,4,1,2,412,Recent Customer,4,Phillipp McMonnies,3501.9
1334,Cicily,Jenks,Female,72,1998-10-23,Senior Financial Analyst,Financial Services,Mass Customer,No,4.0,19.0,Under 20,433 Mockingbird Center,3840.0,VIC,Australia,2.0,240,2,719.98,1,1,1,111,Lost Customer,11,Cicily Jenks,3129.3199999999997
1335,Sibylla,Marlon,Female,57,1997-08-14,Unknown,Entertainment,Mass Customer,Yes,3.0,20.0,20-29,4 Sycamore Pass,3977.0,VIC,Australia,5.0,52,7,3332.65,2,3,3,233,Losing Customer,7,Sibylla Marlon,7295.27
1336,Moise,Inde,Male,83,1989-03-13,Physical Therapy Assistant,Unknown,Mass Customer,Yes,15.0,29.0,20-29,833 Sherman Court,3810.0,VIC,Australia,6.0,78,6,3595.9100000000003,2,2,3,223,High Risk Customer,8,Moise Inde,6095.66
1337,Damara,Wheatland,Female,15,1988-03-08,Structural Engineer,Health,Mass Customer,No,10.0,30.0,30-39,0 Fulton Drive,3806.0,VIC,Australia,8.0,83,6,3417.42,2,2,3,223,High Risk Customer,8,Damara Wheatland,6160.39
1338,Giuseppe,Tezure,Male,53,1980-11-24,Product Engineer,Unknown,High Net Worth,No,14.0,37.0,30-39,02885 Buhler Court,3804.0,VIC,Australia,9.0,231,2,234.35999999999996,1,1,1,111,Lost Customer,11,Giuseppe Tezure,1671.8400000000001
1339,Mariam,Guiel,Female,82,1978-12-09,Editor,IT,High Net Worth,No,14.0,39.0,30-39,8766 Onsgard Plaza,3805.0,VIC,Australia,8.0,102,5,4713.219999999999,1,2,4,124,Almost Lost Customer,9,Mariam Guiel,6447.48
1340,Crawford,Dreini,Male,16,1977-11-05,Statistician I,Unknown,High Net Worth,No,18.0,40.0,40-49,5061 Cottonwood Trail,3765.0,VIC,Australia,7.0,28,8,2120.42,3,4,2,342,Potential Customer,5,Crawford Dreini,7371.42
1341,Parry,Rigolle,Male,65,1986-05-18,Computer Systems Analyst I,Financial Services,Affluent Customer,No,15.0,32.0,30-39,05 Dahle Drive,3757.0,VIC,Australia,7.0,10,4,1213.75,4,1,1,411,Recent Customer,4,Parry Rigolle,2841.1
1342,Barnett,Morville,Male,14,1962-04-11,Unknown,Retail,Affluent Customer,Yes,11.0,56.0,50-59,5063 Shopko Pass,2582.0,NSW,Australia,8.0,3,5,3822.2,4,2,3,423,Becoming Loyal,3,Barnett Morville,5550.01
1343,Creight,Deery,Male,67,1979-12-10,Dental Hygienist,Health,High Net Worth,No,5.0,38.0,30-39,09 Hagan Pass,3196.0,VIC,Australia,8.0,20,4,1317.1599999999999,3,1,1,311,Late Bloomer,6,Creight Deery,4627.96
1344,Renelle,Tutin,Female,20,1995-11-02,Tax Accountant,Manufacturing,Mass Customer,No,4.0,22.0,20-29,87897 Lighthouse Bay Pass,3747.0,VIC,Australia,4.0,21,3,628.5699999999999,3,1,1,311,Late Bloomer,6,Renelle Tutin,1709.46
1345,Jeth,Marien,Male,94,1960-09-11,Senior Sales Associate,Manufacturing,Mass Customer,No,12.0,57.0,50-59,294 Lawn Junction,3677.0,VIC,Australia,1.0,43,6,5170.950000000001,3,2,4,324,Potential Customer,5,Jeth Marien,8121.72
1346,Woody,Dowthwaite,Male,9,1970-06-19,Administrative Assistant IV,Telecommunications,Mass Customer,No,19.0,48.0,40-49,5 Springview Terrace,3620.0,VIC,Australia,4.0,15,9,6736.53,4,4,4,444,Platinum Customer,1,Woody Dowthwaite,10530.7
1347,Leisha,Signoret,Female,14,1977-12-16,Help Desk Operator,Manufacturing,Mass Customer,Yes,14.0,40.0,40-49,9 Logan Drive,3620.0,VIC,Australia,2.0,91,6,3745.36,1,2,3,123,Evasive Customer,10,Leisha Signoret,6106.51
1348,Lowe,Hinckes,Male,88,1984-04-10,VP Sales,Unknown,High Net Worth,No,13.0,34.0,30-39,6002 Del Sol Trail,3630.0,VIC,Australia,2.0,114,5,5915.860000000001,1,2,4,124,Almost Lost Customer,9,Lowe Hinckes,7592.16
1349,Curran,Gush,Male,83,1997-05-07,Electrical Engineer,Manufacturing,Affluent Customer,No,1.0,21.0,20-29,77 Acker Alley,3151.0,VIC,Australia,10.0,43,6,1905.1599999999999,3,2,2,322,Late Bloomer,6,Curran Gush,4387.99
1350,Bing,Vicar,Male,10,1957-09-30,Staff Scientist,Retail,Mass Customer,Yes,8.0,60.0,60-69,38 Hansons Place,3023.0,VIC,Australia,7.0,116,2,1235.26,1,1,1,111,Lost Customer,11,Bing Vicar,2243.46
1351,Lorettalorna,,Unknown,32,,Office Assistant IV,IT,High Net Worth,No,,,,30 Crescent Oaks Point,3564.0,VIC,Australia,2.0,17,6,4638.66,4,2,4,424,Becoming Loyal,3,Lorettalorna,8020.08
1352,Jerald,Lesly,Male,53,1954-12-28,Electrical Engineer,Manufacturing,High Net Worth,No,18.0,63.0,60-69,0784 Utah Plaza,3199.0,VIC,Australia,7.0,88,3,1151.6,1,1,1,111,Lost Customer,11,Jerald Lesly,2496.04
1353,Phebe,Dockwra,Female,1,1980-03-31,Clinical Specialist,Health,Mass Customer,Yes,11.0,38.0,30-39,5298 Nevada Circle,3500.0,VIC,Australia,1.0,14,9,3363.8700000000003,4,4,3,443,Very Loyal,2,Phebe Dockwra,7872.24
1354,Karee,Hyman,Female,0,2000-10-15,Analyst Programmer,Financial Services,Affluent Customer,No,2.0,17.0,Under 20,0 Ramsey Place,3444.0,VIC,Australia,4.0,74,3,2464.54,2,1,2,212,High Risk Customer,8,Karee Hyman,3170.25
1355,Isador,Hallitt,Male,37,2001-04-04,VP Quality Control,Property,Mass Customer,No,1.0,17.0,Under 20,7006 Miller Avenue,3444.0,VIC,Australia,4.0,8,5,2713.7200000000003,4,2,2,422,Becoming Loyal,3,Isador Hallitt,5458.110000000001
1356,Ofella,Walbrook,Female,12,1981-02-24,Account Representative I,Unknown,High Net Worth,No,13.0,37.0,30-39,1 Bayside Pass,3076.0,VIC,Australia,8.0,22,6,3853.4199999999996,3,2,3,323,Potential Customer,5,Ofella Walbrook,6474.389999999999
1357,Waylin,Eassom,Male,69,1993-05-14,Research Nurse,Health,High Net Worth,No,6.0,25.0,20-29,43811 Golf View Road,3380.0,VIC,Australia,1.0,12,10,5689.859999999999,4,4,4,444,Platinum Customer,1,Waylin Eassom,14010.38
1358,Gerome,Whittock,Male,8,1994-04-11,Dental Hygienist,Health,High Net Worth,No,6.0,24.0,20-29,19 Green Ridge Avenue,3340.0,VIC,Australia,3.0,3,8,4113.04,4,4,3,443,Very Loyal,2,Gerome Whittock,8559.16
1359,Estrella,Carwithen,Female,54,1993-02-24,Help Desk Technician,Retail,Mass Customer,No,6.0,25.0,20-29,91079 Lukken Way,3338.0,VIC,Australia,5.0,12,2,1550.82,4,1,1,411,Recent Customer,4,Estrella Carwithen,2027.25
1360,Maurice,Blas,Male,41,1970-07-04,Design Engineer,Manufacturing,Mass Customer,Yes,15.0,47.0,40-49,1450 Gulseth Park,3337.0,VIC,Australia,5.0,181,3,1906.1499999999992,1,1,2,112,Evasive Customer,10,Maurice Blas,3476.3199999999997
1361,Gradeigh,Saltmarshe,Male,56,1964-12-12,Professor,Manufacturing,Affluent Customer,No,19.0,53.0,50-59,1 Boyd Terrace,3280.0,VIC,Australia,4.0,28,7,2731.9199999999996,3,3,2,332,Potential Customer,5,Gradeigh Saltmarshe,8979.07
1362,Giuditta,Dearlove,Female,20,1973-02-20,Account Executive,Manufacturing,Affluent Customer,Yes,15.0,45.0,40-49,9 Almo Alley,3224.0,VIC,Australia,5.0,118,2,1736.45,1,1,1,111,Lost Customer,11,Giuditta Dearlove,2948.34
1363,Boniface,Kivelhan,Male,7,1961-10-16,Associate Professor,Financial Services,Mass Customer,No,18.0,56.0,50-59,016 Tony Street,3222.0,VIC,Australia,5.0,24,7,2744.34,3,3,2,332,Potential Customer,5,Boniface Kivelhan,7017.55
1364,Selby,Cabbell,Male,99,1978-04-20,Junior Executive,Manufacturing,Mass Customer,No,21.0,40.0,40-49,02505 Mariners Cove Street,3222.0,VIC,Australia,6.0,64,5,2329.3199999999997,2,2,2,222,High Risk Customer,8,Selby Cabbell,5699.07
1365,Shurlocke,Pirie,Male,97,1992-04-19,Research Associate,Health,Mass Customer,No,3.0,26.0,20-29,970 Sundown Place,3222.0,VIC,Australia,5.0,217,4,818.7200000000001,1,1,1,111,Lost Customer,11,Shurlocke Pirie,2346.0800000000004
1366,Zacharia,Rigler,Male,10,1974-06-30,Computer Systems Analyst IV,Retail,Affluent Customer,No,22.0,44.0,40-49,0261 Roxbury Crossing,4164.0,QLD,Australia,9.0,54,5,1614.09,2,2,1,221,High Risk Customer,8,Zacharia Rigler,4035.11
1367,Fredrika,Danielkiewicz,Female,63,1973-06-29,Internal Auditor,Retail,Mass Customer,No,18.0,45.0,40-49,5413 Harbort Terrace,3226.0,VIC,Australia,7.0,11,7,2760.28,4,3,2,432,Becoming Loyal,3,Fredrika Danielkiewicz,4991.900000000001
1368,Aarika,Magog,Female,54,1973-04-14,Unknown,Property,Mass Customer,No,4.0,45.0,40-49,03444 Scott Lane,3204.0,VIC,Australia,10.0,48,6,3581.34,2,2,3,223,High Risk Customer,8,Aarika Magog,6882.69
1369,Ilka,Allabush,Female,51,1994-05-08,Civil Engineer,Manufacturing,Mass Customer,Yes,6.0,24.0,20-29,3 Schlimgen Alley,3201.0,VIC,Australia,6.0,178,4,2503.4700000000003,1,1,2,112,Evasive Customer,10,Ilka Allabush,4920.55
1370,Chastity,Martinat,Female,44,1986-10-23,Computer Systems Analyst IV,Property,Mass Customer,No,18.0,31.0,30-39,0162 Darwin Alley,3201.0,VIC,Australia,6.0,26,4,839.2700000000002,3,1,1,311,Late Bloomer,6,Chastity Martinat,3173.01
1371,Aretha,Joscelyn,Female,39,1959-08-02,Design Engineer,Retail,Mass Customer,Yes,13.0,58.0,50-59,66 Division Pass,3840.0,VIC,Australia,1.0,26,4,1270.9399999999998,3,1,1,311,Late Bloomer,6,Aretha Joscelyn,4146.6
1372,Rockie,Wheldon,Male,44,1980-07-02,Computer Systems Analyst III,Manufacturing,Affluent Customer,No,17.0,37.0,30-39,6 Forster Crossing,3198.0,VIC,Australia,8.0,66,6,2935.68,2,2,3,223,High Risk Customer,8,Rockie Wheldon,6444.01
1374,Cleveland,Spilling,Male,76,1976-01-13,Unknown,Manufacturing,Mass Customer,No,8.0,42.0,40-49,393 Warrior Crossing,3190.0,VIC,Australia,10.0,39,8,5196.33,3,4,4,344,Recent Customer,4,Cleveland Spilling,11213.68
1375,Archie,Van den Hof,Male,36,1978-12-07,Analog Circuit Design manager,Financial Services,Affluent Customer,No,18.0,39.0,30-39,3962 Rigney Center,3156.0,VIC,Australia,8.0,82,5,1849.91,2,2,2,222,High Risk Customer,8,Archie Van den Hof,6008.95
1376,Pail,,Male,89,1966-03-12,Environmental Tech,Health,Mass Customer,Yes,18.0,52.0,50-59,64201 Bonner Point,3169.0,VIC,Australia,5.0,89,6,4576.53,1,2,4,124,Almost Lost Customer,9,Pail,6902.15
1377,Giacomo,Roseburgh,Male,86,1989-05-11,Mechanical Systems Engineer,Retail,Mass Customer,Yes,2.0,29.0,20-29,0 Grasskamp Pass,3170.0,VIC,Australia,10.0,75,5,2814.08,2,2,2,222,High Risk Customer,8,Giacomo Roseburgh,5783.17
1378,Ellie,Prester,Female,36,1978-06-18,Unknown,Property,Affluent Customer,Yes,7.0,40.0,40-49,3831 Paget Road,3163.0,VIC,Australia,6.0,12,6,4881.549999999999,4,2,4,424,Becoming Loyal,3,Ellie Prester,8072.719999999999
1379,Lou,Drews,Female,63,1989-06-16,Legal Assistant,Financial Services,Mass Customer,Yes,7.0,29.0,20-29,46523 Mcbride Circle,3161.0,VIC,Australia,9.0,28,5,4337.3099999999995,3,2,4,324,Potential Customer,5,Lou Drews,6509.42
1380,Lavina,Clavey,Female,99,1998-09-30,Financial Analyst,Financial Services,Mass Customer,No,3.0,19.0,Under 20,29 Mallory Circle,3791.0,VIC,Australia,9.0,198,3,2550.9400000000005,1,1,2,112,Evasive Customer,10,Lavina Clavey,4100.01
1381,Ellary,Ramsey,Male,79,1985-03-11,Engineer IV,Manufacturing,Affluent Customer,Yes,15.0,33.0,30-39,6229 Amoth Place,3156.0,VIC,Australia,8.0,113,5,4177.61,1,2,4,124,Almost Lost Customer,9,Ellary Ramsey,7293.99
1382,Lucio,Reame,Male,27,1989-10-23,Data Coordiator,Manufacturing,High Net Worth,Yes,20.0,28.0,20-29,952 Fairview Hill,3155.0,VIC,Australia,8.0,122,2,1946.8899999999999,1,1,2,112,Evasive Customer,10,Lucio Reame,2998.29
1383,Coriss,Casarino,Female,81,1957-10-29,Software Consultant,IT,Affluent Customer,No,8.0,60.0,60-69,6 La Follette Lane,3977.0,VIC,Australia,6.0,57,4,3372.9699999999993,2,1,3,213,High Risk Customer,8,Coriss Casarino,4142.55
1384,Marcile,Carren,Female,48,1998-09-09,Quality Control Specialist,Manufacturing,Mass Customer,No,2.0,19.0,Under 20,6837 West Pass,4119.0,QLD,Australia,7.0,36,6,3307.4800000000005,3,2,3,323,Potential Customer,5,Marcile Carren,6268.25
1385,Melesa,Priddy,Female,39,1957-08-17,Cost Accountant,Financial Services,Mass Customer,No,16.0,60.0,60-69,28 Menomonie Street,3140.0,VIC,Australia,10.0,142,5,2624.5699999999997,1,2,2,122,Evasive Customer,10,Melesa Priddy,7432.72
1386,Mufinella,Kalvin,Female,71,1967-06-12,Help Desk Technician,Retail,Mass Customer,Yes,12.0,51.0,50-59,94 Sheridan Parkway,3136.0,VIC,Australia,9.0,106,3,2724.7200000000003,1,1,2,112,Evasive Customer,10,Mufinella Kalvin,3260.21
1387,Natalee,Comport,Female,33,1977-07-11,Chemical Engineer,Manufacturing,Mass Customer,Yes,4.0,40.0,40-49,50 Claremont Junction,3818.0,VIC,Australia,6.0,215,1,641.64,1,1,1,111,Lost Customer,11,Natalee Comport,1635.3
1388,Carny,Shilstone,Male,86,1972-08-14,Internal Auditor,Financial Services,Mass Customer,No,7.0,45.0,40-49,70676 Eggendart Trail,3028.0,VIC,Australia,8.0,19,6,3792.12,3,2,3,323,Potential Customer,5,Carny Shilstone,6237.99
1389,Reina,Drever,Female,27,1962-05-14,Unknown,Health,Affluent Customer,No,15.0,56.0,50-59,5586 Buena Vista Avenue,3106.0,VIC,Australia,10.0,49,9,6263.12,2,4,4,244,Losing Customer,7,Reina Drever,10567.12
1390,Christyna,Feldberg,Female,74,2000-01-25,Accounting Assistant I,Retail,High Net Worth,Yes,1.0,18.0,Under 20,02701 Talmadge Junction,3082.0,VIC,Australia,7.0,1,9,3474.54,4,4,3,443,Very Loyal,2,Christyna Feldberg,9070.85
1391,Winni,Cana,Female,62,1976-08-05,Marketing Assistant,Retail,High Net Worth,No,12.0,41.0,40-49,220 Mitchell Place,3099.0,VIC,Australia,9.0,63,3,2283.8299999999995,2,1,2,212,High Risk Customer,8,Winni Cana,3611.7799999999997
1392,Marris,Waison,Female,28,2000-01-15,Human Resources Manager,Financial Services,Mass Customer,No,1.0,18.0,Under 20,02570 Tony Way,3752.0,VIC,Australia,6.0,107,3,3196.2699999999995,1,1,3,113,Evasive Customer,10,Marris Waison,4481.38
1393,Adria,MacRorie,Female,96,1976-03-10,Unknown,Manufacturing,Mass Customer,No,20.0,42.0,40-49,12 Alpine Lane,3754.0,VIC,Australia,8.0,1,3,798.9,4,1,1,411,Recent Customer,4,Adria MacRorie,2847.5
1394,Freemon,Perago,Male,50,1978-01-27,Unknown,Health,Mass Customer,Yes,8.0,40.0,40-49,6 Northfield Point,3140.0,VIC,Australia,9.0,171,4,1796.62,1,1,1,111,Lost Customer,11,Freemon Perago,4565.360000000001
1395,Jandy,Pennazzi,Female,83,1957-12-23,VP Product Management,Unknown,High Net Worth,Yes,16.0,60.0,60-69,7709 Bluestem Place,3068.0,VIC,Australia,5.0,87,3,1471.7700000000002,1,1,1,111,Lost Customer,11,Jandy Pennazzi,4039.38
1396,Sinclair,Melonby,Male,20,1987-10-07,Cost Accountant,Financial Services,Mass Customer,No,18.0,30.0,30-39,8108 Clyde Gallagher Crossing,3756.0,VIC,Australia,4.0,9,10,7075.58,4,4,4,444,Platinum Customer,1,Sinclair Melonby,11434.630000000001
1397,Dimitri,Durie,Male,29,1979-01-21,Legal Assistant,Manufacturing,Mass Customer,Yes,14.0,39.0,30-39,79206 Independence Drive,3061.0,VIC,Australia,5.0,137,6,4563.95,1,2,4,124,Almost Lost Customer,9,Dimitri Durie,7257.49
1398,Anderea,Pulteneye,Female,11,1966-11-29,Project Manager,Manufacturing,Mass Customer,No,17.0,51.0,50-59,60447 Ridgeway Plaza,3048.0,VIC,Australia,6.0,36,7,5649.83,3,3,4,334,Potential Customer,5,Anderea Pulteneye,8073.77
1399,Kaye,Clulow,Female,84,1967-09-08,Staff Scientist,Manufacturing,Mass Customer,No,15.0,50.0,50-59,4 Milwaukee Park,3046.0,VIC,Australia,9.0,16,4,2234.62,4,1,2,412,Recent Customer,4,Kaye Clulow,6034.2
1400,Rikki,Eytel,Female,51,1982-05-23,Senior Developer,Manufacturing,Affluent Customer,Yes,7.0,36.0,30-39,73506 Cordelia Lane,4217.0,QLD,Australia,4.0,56,6,4751.72,2,2,4,224,Losing Customer,7,Rikki Eytel,7408.41
1401,Ashien,Winspare,Female,68,1978-09-30,Unknown,Financial Services,High Net Worth,No,10.0,39.0,30-39,0 Rowland Road,3036.0,VIC,Australia,9.0,81,4,2405.42,2,1,2,212,High Risk Customer,8,Ashien Winspare,3740.62
1402,Hillier,Andraud,Male,58,2001-12-08,Assistant Professor,Telecommunications,Mass Customer,No,1.0,16.0,Under 20,42829 Charing Cross Road,3107.0,VIC,Australia,8.0,40,8,3067.579999999999,3,4,3,343,Potential Customer,5,Hillier Andraud,7968.53
1403,Germana,McFadin,Female,18,1980-12-01,Geologist II,Retail,Mass Customer,No,16.0,37.0,30-39,7530 Sutteridge Hill,3030.0,VIC,Australia,7.0,164,2,685.4300000000001,1,1,1,111,Lost Customer,11,Germana McFadin,1663.42
1404,Emmott,Mercik,Male,78,1957-07-30,Chemical Engineer,Manufacturing,Mass Customer,Yes,14.0,60.0,60-69,88545 Milwaukee Center,3022.0,VIC,Australia,8.0,7,10,5426.7,4,4,4,444,Platinum Customer,1,Emmott Mercik,9401.710000000001
1405,Kylie,Spriggin,Female,52,1958-04-05,VP Product Management,Manufacturing,High Net Worth,Yes,11.0,60.0,60-69,070 Shelley Terrace,3020.0,VIC,Australia,4.0,33,11,2281.99,3,4,2,342,Potential Customer,5,Kylie Spriggin,7668.83
1406,Georges,Tilne,Male,3,1970-05-05,Cost Accountant,Financial Services,High Net Worth,Yes,17.0,48.0,40-49,12439 Kropf Way,3049.0,VIC,Australia,6.0,28,6,2396.6999999999994,3,2,2,322,Late Bloomer,6,Georges Tilne,4605.35
1407,Tamarah,Sobtka,Female,43,1980-10-04,Structural Analysis Engineer,Manufacturing,Mass Customer,Yes,9.0,37.0,30-39,931 Rigney Terrace,3015.0,VIC,Australia,10.0,0,9,3796.53,4,4,3,443,Very Loyal,2,Tamarah Sobtka,9199.51
1408,Kendricks,Plastow,Male,14,1997-06-22,Dental Hygienist,Health,High Net Worth,No,4.0,21.0,20-29,6 Anderson Court,2880.0,NSW,Australia,1.0,10,3,2731.0899999999997,4,1,2,412,Recent Customer,4,Kendricks Plastow,4975.92
1409,Tiffi,Hartless,Female,69,1996-05-07,Help Desk Technician,Unknown,Mass Customer,No,4.0,22.0,20-29,11207 Lukken Center,3500.0,VIC,Australia,2.0,22,5,2637.41,3,2,2,322,Late Bloomer,6,Tiffi Hartless,6232.56
1410,Althea,Macvey,Female,10,1997-01-22,Marketing Manager,Retail,High Net Worth,Yes,6.0,21.0,20-29,4370 Haas Trail,2870.0,NSW,Australia,5.0,60,7,5597.109999999999,2,3,4,234,Losing Customer,7,Althea Macvey,10217.49
1411,Katrina,Coltart,Female,24,1994-05-04,Registered Nurse,Health,Mass Customer,Yes,5.0,24.0,20-29,45 Tony Trail,2259.0,NSW,Australia,7.0,35,6,4268.32,3,2,4,324,Potential Customer,5,Katrina Coltart,8273.8
1412,Antonetta,Dumbrall,Female,20,1991-09-04,Tax Accountant,Unknown,Mass Customer,Yes,4.0,26.0,20-29,46 Dovetail Avenue,2830.0,NSW,Australia,4.0,121,4,2223.44,1,1,2,112,Evasive Customer,10,Antonetta Dumbrall,3403.46
1413,Vi,Lauga,Female,47,1998-04-24,Administrative Assistant II,Financial Services,Mass Customer,No,3.0,20.0,20-29,967 Farmco Road,2880.0,NSW,Australia,1.0,3,6,3277.86,4,2,3,423,Becoming Loyal,3,Vi Lauga,5581.84
1414,Allison,Clowton,Female,57,1980-02-29,Help Desk Technician,Retail,Mass Customer,Yes,10.0,38.0,30-39,623 Talisman Way,2763.0,NSW,Australia,8.0,18,2,630.21,3,1,1,311,Late Bloomer,6,Allison Clowton,1758.44
1415,Merilyn,Dikle,Female,68,1998-12-14,Executive Secretary,Property,High Net Worth,Yes,3.0,19.0,Under 20,837 Evergreen Junction,2774.0,NSW,Australia,8.0,57,4,3062.52,2,1,3,213,High Risk Customer,8,Merilyn Dikle,4962.58
1416,Fraze,Face,Male,90,1967-04-30,Assistant Manager,Unknown,High Net Worth,Yes,5.0,51.0,50-59,21 West Avenue,2155.0,NSW,Australia,10.0,67,5,1266.06,2,2,1,221,High Risk Customer,8,Fraze Face,4467.3
1417,Micki,Russel,Female,12,1959-11-14,Unknown,Manufacturing,High Net Worth,Yes,20.0,58.0,50-59,83758 Kings Hill,2770.0,NSW,Australia,7.0,56,7,3873.42,2,3,3,233,Losing Customer,7,Micki Russel,9187.68
1418,Valaria,Hugh,Female,80,1976-11-29,Senior Sales Associate,IT,Affluent Customer,Yes,21.0,41.0,40-49,8 Veith Alley,2750.0,NSW,Australia,5.0,86,7,2721.1400000000003,2,3,2,232,Losing Customer,7,Valaria Hugh,7705.58
1419,Roddy,Ollerton,Male,5,1967-01-11,Physical Therapy Assistant,Financial Services,Mass Customer,Yes,4.0,51.0,50-59,9 Pond Avenue,2767.0,NSW,Australia,9.0,22,5,972.7900000000002,3,2,1,321,Late Bloomer,6,Roddy Ollerton,3385.2400000000002
1420,Minni,Hanner,Female,14,1959-10-12,Dental Hygienist,Health,Mass Customer,No,11.0,58.0,50-59,255 Doe Crossing Terrace,2767.0,NSW,Australia,8.0,38,5,2121.64,3,2,2,322,Late Bloomer,6,Minni Hanner,4965.84
1421,Mallorie,Gouth,Female,74,1956-04-14,Senior Editor,Property,Mass Customer,No,20.0,62.0,60-69,2 Alpine Circle,2765.0,NSW,Australia,10.0,57,6,2529.62,2,2,2,222,High Risk Customer,8,Mallorie Gouth,5452.030000000001
1422,Georgy,Rickwood,Male,31,1972-03-13,Nuclear Power Engineer,Manufacturing,Affluent Customer,Yes,16.0,46.0,40-49,0 Talisman Trail,2769.0,NSW,Australia,10.0,38,7,1652.3899999999999,3,3,1,331,Potential Customer,5,Georgy Rickwood,5995.74
1423,Tiphanie,Klossek,Female,51,1959-06-17,Project Manager,Manufacturing,Mass Customer,No,19.0,59.0,50-59,5700 Banding Lane,2762.0,NSW,Australia,9.0,24,6,3233.0899999999997,3,2,3,323,Potential Customer,5,Tiphanie Klossek,7143.39
1424,Allin,Arbuckel,Male,56,1974-08-03,Occupational Therapist,Health,High Net Worth,Yes,14.0,43.0,40-49,94079 Eggendart Point,2745.0,NSW,Australia,9.0,76,3,1475.8799999999999,2,1,1,211,Almost Lost Customer,9,Allin Arbuckel,3560.7
1425,Chrisy,Sivess,Male,20,1986-07-06,General Manager,Retail,High Net Worth,Yes,11.0,31.0,30-39,87038 Sauthoff Road,2761.0,NSW,Australia,7.0,0,4,3144.999999999999,4,1,3,413,Recent Customer,4,Chrisy Sivess,4470.96
1426,Allyn,Carswell,Female,72,1956-08-23,Financial Advisor,Financial Services,Mass Customer,No,17.0,61.0,60-69,4817 Fulton Junction,2761.0,NSW,Australia,8.0,48,7,3867.34,2,3,3,233,Losing Customer,7,Allyn Carswell,5955.06
1427,Jodie,Juett,Male,14,1993-12-09,Environmental Specialist,Financial Services,High Net Worth,No,8.0,24.0,20-29,22 Transport Alley,2761.0,NSW,Australia,9.0,59,6,3684.7,2,2,3,223,High Risk Customer,8,Jodie Juett,6354.3
1428,Morissa,Ozintsev,Female,93,1998-11-15,Sales Representative,Retail,High Net Worth,No,1.0,19.0,Under 20,1231 Grim Road,2760.0,NSW,Australia,8.0,15,10,5508.8,4,4,4,444,Platinum Customer,1,Morissa Ozintsev,11559.73
1429,Dante,Jikylls,Male,94,1980-12-03,Legal Assistant,Health,Mass Customer,Yes,12.0,37.0,30-39,3 Rigney Center,2794.0,NSW,Australia,2.0,31,7,861.6199999999999,3,3,1,331,Potential Customer,5,Dante Jikylls,5046.72
1430,Kalli,Pigeram,Female,86,1999-07-24,Biostatistician I,Manufacturing,Mass Customer,Yes,3.0,18.0,Under 20,7847 Buell Trail,2759.0,NSW,Australia,8.0,108,6,1917.0099999999998,1,2,2,122,Evasive Customer,10,Kalli Pigeram,5159.71
1431,Derek,Malafe,Male,29,1975-05-13,Sales Associate,Financial Services,Affluent Customer,Yes,17.0,43.0,40-49,42946 Fieldstone Pass,2750.0,NSW,Australia,9.0,19,4,955.44,3,1,1,311,Late Bloomer,6,Derek Malafe,3180.44
1432,Hiram,Kittiman,Male,70,1998-11-26,Tax Accountant,Argiculture,High Net Worth,Yes,2.0,19.0,Under 20,1617 Beilfuss Street,2759.0,NSW,Australia,8.0,33,6,3727.0600000000004,3,2,3,323,Potential Customer,5,Hiram Kittiman,5329.7300000000005
1433,Marya,Szwandt,Female,15,1958-09-25,Account Coordinator,IT,Mass Customer,No,20.0,59.0,50-59,64 Everett Circle,2756.0,NSW,Australia,8.0,131,3,1908.57,1,1,2,112,Evasive Customer,10,Marya Szwandt,4030.1099999999997
1434,Craig,Guswell,Male,42,1973-08-14,Statistician I,Property,High Net Worth,No,9.0,44.0,40-49,184 Melrose Pass,2756.0,NSW,Australia,11.0,124,2,1127.95,1,1,1,111,Lost Customer,11,Craig Guswell,2016.27
1435,Derek,Podmore,Male,96,1968-04-27,Software Engineer II,Telecommunications,Affluent Customer,Yes,19.0,50.0,50-59,8934 Park Meadow Street,2756.0,NSW,Australia,8.0,33,7,5393.83,3,3,4,334,Potential Customer,5,Derek Podmore,8853.71
1436,Tonnie,Andryunin,Male,40,1999-10-29,General Manager,Unknown,Affluent Customer,No,3.0,18.0,Under 20,14155 Evergreen Way,2756.0,NSW,Australia,8.0,72,5,3404.3699999999994,2,2,3,223,High Risk Customer,8,Tonnie Andryunin,5911.139999999999
1437,Gearalt,Challis,Male,35,1974-09-12,Electrical Engineer,Manufacturing,Affluent Customer,No,20.0,43.0,40-49,26607 West Hill,2777.0,NSW,Australia,9.0,143,3,2636.2000000000003,1,1,2,112,Evasive Customer,10,Gearalt Challis,3495.9300000000003
1438,Winifred,MacRonald,Female,27,1975-11-01,Social Worker,Health,Mass Customer,Yes,14.0,42.0,40-49,53649 Mandrake Place,2749.0,NSW,Australia,8.0,6,11,6559.709999999999,4,4,4,444,Platinum Customer,1,Winifred MacRonald,12392.71
1439,Leupold,Detoc,Male,97,1965-07-28,GIS Technical Architect,Retail,Mass Customer,No,19.0,52.0,50-59,223 Trailsway Parkway,2154.0,NSW,Australia,10.0,65,4,2597.4300000000003,2,1,2,212,High Risk Customer,8,Leupold Detoc,4947.7300000000005
1440,Consuela,O'Logan,Female,19,1965-11-22,Human Resources Manager,Financial Services,High Net Worth,Yes,12.0,52.0,50-59,8999 Elmside Pass,2749.0,NSW,Australia,9.0,19,6,6362.469999999999,3,2,4,324,Potential Customer,5,Consuela O'Logan,8415.02
1441,Renae,Burns,Female,23,1977-03-07,Unknown,Manufacturing,Affluent Customer,No,5.0,41.0,40-49,53 Steensland Parkway,2773.0,NSW,Australia,10.0,158,2,562.46,1,1,1,111,Lost Customer,11,Renae Burns,1628.66
1442,Mylo,Norrie,Male,1,1963-03-07,Unknown,Manufacturing,Affluent Customer,No,17.0,55.0,50-59,8 Prairie Rose Circle,2745.0,NSW,Australia,9.0,53,3,911.28,2,1,1,211,Almost Lost Customer,9,Mylo Norrie,2305.03
1443,Angela,Mowles,Female,47,1986-07-25,Unknown,Financial Services,Affluent Customer,Yes,22.0,31.0,30-39,3416 Texas Pass,2747.0,NSW,Australia,7.0,44,10,5004.26,3,4,4,344,Recent Customer,4,Angela Mowles,10803.14
1444,Claudian,Ruos,Male,97,1975-04-14,Payment Adjustment Coordinator,Health,Mass Customer,No,8.0,43.0,40-49,8088 Macpherson Hill,2323.0,NSW,Australia,5.0,38,5,1281.31,3,2,1,321,Late Bloomer,6,Claudian Ruos,2497.0699999999997
1445,Bettine,Yoselevitch,Female,57,1973-03-29,Web Designer II,IT,Affluent Customer,No,18.0,45.0,40-49,6418 Jenna Trail,2640.0,NSW,Australia,4.0,6,6,3423.12,4,2,3,423,Becoming Loyal,3,Bettine Yoselevitch,8482.71
1446,Gabriello,Nell,Male,51,1987-04-15,Engineer I,Manufacturing,Mass Customer,No,17.0,31.0,30-39,70262 Hermina Court,3690.0,VIC,Australia,2.0,10,7,4495.52,4,3,4,434,Very Loyal,2,Gabriello Nell,9653.68
1447,Renaldo,Maudsley,Male,29,1996-06-16,Civil Engineer,Manufacturing,Mass Customer,No,4.0,22.0,20-29,89684 Coolidge Hill,2630.0,NSW,Australia,1.0,97,7,4553.860000000001,1,3,4,134,Almost Lost Customer,9,Renaldo Maudsley,8905.630000000001
1448,Hinze,Bullent,Male,40,1988-08-09,VP Product Management,Property,Mass Customer,No,20.0,29.0,20-29,00 International Junction,2260.0,NSW,Australia,8.0,237,1,128.45999999999992,1,1,1,111,Lost Customer,11,Hinze Bullent,642.31
1449,Ashly,Abramamovh,Female,38,1967-08-26,Staff Accountant IV,Unknown,High Net Worth,No,4.0,50.0,50-59,5 Carioca Pass,2594.0,NSW,Australia,3.0,14,6,4565.33,4,2,4,424,Becoming Loyal,3,Ashly Abramamovh,8326.130000000001
1450,Floris,Dunkerley,Female,23,1964-01-24,Statistician I,Manufacturing,Affluent Customer,No,6.0,54.0,50-59,6386 Raven Road,2579.0,NSW,Australia,2.0,42,7,2959.59,3,3,3,333,Potential Customer,5,Floris Dunkerley,8942.8
1451,Courtney,Meas,Female,32,1977-02-01,Junior Executive,Argiculture,Mass Customer,Yes,16.0,41.0,40-49,8 Mendota Plaza,2567.0,NSW,Australia,9.0,31,7,5017.33,3,3,4,334,Potential Customer,5,Courtney Meas,7294.32
1452,Zachery,Hamber,Male,99,1955-12-31,Safety Technician III,Retail,Mass Customer,No,20.0,62.0,60-69,913 Londonderry Trail,2567.0,NSW,Australia,8.0,2,5,3431.62,4,2,3,423,Becoming Loyal,3,Zachery Hamber,5937.9800000000005
1453,Ahmed,,Male,54,1977-07-30,Computer Systems Analyst I,Health,High Net Worth,No,13.0,40.0,40-49,58516 Tony Plaza,2567.0,NSW,Australia,8.0,0,5,3265.7500000000005,4,2,3,423,Becoming Loyal,3,Ahmed,6332.4
1454,Caesar,Wattam,Male,4,1979-04-07,Physical Therapy Assistant,Argiculture,Mass Customer,Yes,3.0,39.0,30-39,583 Jenna Pass,2567.0,NSW,Australia,9.0,5,4,1428.06,4,1,1,411,Recent Customer,4,Caesar Wattam,3856.7
1455,Cleo,,Female,2,1992-07-26,Software Engineer I,Property,Affluent Customer,No,8.0,25.0,20-29,77729 Kim Plaza,2560.0,NSW,Australia,7.0,32,5,2349.98,3,2,2,322,Late Bloomer,6,Cleo,5089.9
1456,Berkie,Croall,Male,97,1964-12-11,Health Coach II,Property,Mass Customer,Yes,6.0,53.0,50-59,1253 Ridge Oak Center,2560.0,NSW,Australia,4.0,8,4,874.93,4,1,1,411,Recent Customer,4,Berkie Croall,1713.83
1457,Leonore,Slixby,Female,99,1978-08-20,Speech Pathologist,Unknown,Affluent Customer,Yes,12.0,39.0,30-39,975 Melby Street,2564.0,NSW,Australia,8.0,65,7,2330.29,2,3,2,232,Losing Customer,7,Leonore Slixby,7169.26
1458,Ashley,Behneke,Male,40,1956-10-22,Account Representative IV,Telecommunications,Affluent Customer,No,11.0,61.0,60-69,6279 Lien Junction,2560.0,NSW,Australia,6.0,198,3,3273.3300000000004,1,1,3,113,Evasive Customer,10,Ashley Behneke,4366.14
1459,Haydon,Berkery,Male,89,1998-06-16,Senior Sales Associate,Manufacturing,Mass Customer,No,4.0,20.0,20-29,1435 Lukken Trail,2570.0,NSW,Australia,8.0,98,4,4557.6,1,1,4,114,Evasive Customer,10,Haydon Berkery,5707.43
1460,Morley,Shutt,Male,92,1973-07-03,Information Systems Manager,Financial Services,High Net Worth,Yes,13.0,44.0,40-49,25 Darwin Terrace,2207.0,NSW,Australia,9.0,12,8,10787.599999999999,4,4,4,444,Platinum Customer,1,Morley Shutt,14633.24
1461,Earl,Skeels,Male,71,1957-01-04,Unknown,Retail,Mass Customer,Yes,9.0,61.0,60-69,3 Independence Hill,2560.0,NSW,Australia,9.0,18,7,5805.92,3,3,4,334,Potential Customer,5,Earl Skeels,8475.94
1462,Omero,Hauxley,Male,16,1995-11-07,VP Accounting,Financial Services,Mass Customer,Yes,1.0,22.0,20-29,4 Stone Corner Avenue,4503.0,QLD,Australia,6.0,81,6,2331.519999999999,2,2,2,222,High Risk Customer,8,Omero Hauxley,5402.17
1463,Willie,Landsberg,Male,53,1965-04-18,Chief Design Engineer,Property,High Net Worth,Yes,18.0,53.0,50-59,14179 Springs Drive,2557.0,NSW,Australia,9.0,110,5,2171.7299999999996,1,2,2,122,Evasive Customer,10,Willie Landsberg,5593.08
1464,Mac,Leguay,Male,20,1984-10-03,Office Assistant II,Unknown,Affluent Customer,Yes,10.0,33.0,30-39,8 Green Ridge Place,2565.0,NSW,Australia,9.0,106,7,2169.36,1,3,2,132,Almost Lost Customer,9,Mac Leguay,6447.85
1465,Wilona,Osgood,Female,53,1971-02-18,Mechanical Systems Engineer,Financial Services,Mass Customer,Yes,5.0,47.0,40-49,55 Red Cloud Pass,2536.0,NSW,Australia,5.0,107,4,1429.5,1,1,1,111,Lost Customer,11,Wilona Osgood,3709.83
1466,Cyndia,Gull,Female,62,1998-01-05,Cost Accountant,Financial Services,High Net Worth,Yes,2.0,20.0,20-29,21 Spohn Drive,2530.0,NSW,Australia,8.0,33,3,978.4200000000001,3,1,1,311,Late Bloomer,6,Cyndia Gull,3383.13
1467,Alysia,Cantrill,Female,1,1975-12-16,Unknown,Manufacturing,Mass Customer,Yes,6.0,42.0,40-49,11606 Myrtle Street,2207.0,NSW,Australia,8.0,13,7,1825.83,4,3,1,431,Becoming Loyal,3,Alysia Cantrill,5883.48
1468,Adaline,Hayles,Female,37,1978-01-10,Financial Advisor,Financial Services,Mass Customer,No,22.0,40.0,40-49,45725 Hagan Pass,2519.0,NSW,Australia,9.0,24,7,3564.9900000000002,3,3,3,333,Potential Customer,5,Adaline Hayles,7792.76
1469,Shermy,,Male,77,1957-06-29,Financial Advisor,Financial Services,Affluent Customer,Yes,14.0,61.0,60-69,93482 Jenifer Alley,2439.0,NSW,Australia,10.0,74,6,2251.3599999999997,2,2,2,222,High Risk Customer,8,Shermy,5088.71
1470,Albie,Pach,Male,62,1995-12-04,Senior Cost Accountant,Financial Services,High Net Worth,Yes,8.0,22.0,20-29,04 Gulseth Plaza,2528.0,NSW,Australia,8.0,1,8,3961.3999999999996,4,4,3,443,Very Loyal,2,Albie Pach,8783.3
1471,Berri,Farr,Female,88,1978-02-24,Unknown,Financial Services,Mass Customer,No,15.0,40.0,40-49,0 Canary Parkway,2506.0,NSW,Australia,9.0,5,5,4685.84,4,2,4,424,Becoming Loyal,3,Berri Farr,5435.15
1472,Demeter,Robbeke,Female,3,1964-03-03,Environmental Specialist,Financial Services,Mass Customer,No,17.0,54.0,50-59,2 Dayton Center,2487.0,NSW,Australia,9.0,69,7,5011.4,2,3,4,234,Losing Customer,7,Demeter Robbeke,8646.38
1473,Darrick,Feake,Male,49,1960-04-21,VP Product Management,Unknown,Mass Customer,Yes,20.0,58.0,50-59,25607 Summer Ridge Way,2448.0,NSW,Australia,5.0,32,11,6176.3,3,4,4,344,Recent Customer,4,Darrick Feake,11098.84
1474,Farley,Rosen,Male,54,1986-05-27,Structural Analysis Engineer,Health,Mass Customer,Yes,21.0,32.0,30-39,828 Schlimgen Circle,2450.0,NSW,Australia,5.0,66,5,1676.15,2,2,1,221,High Risk Customer,8,Farley Rosen,5061.36
1475,Aristotle,Jess,Male,41,1985-07-21,Recruiting Manager,Retail,Affluent Customer,Yes,7.0,32.0,30-39,558 Thompson Junction,2440.0,NSW,Australia,6.0,46,8,7812.17,2,4,4,244,Losing Customer,7,Aristotle Jess,11874.85
1476,Vaughn,Browse,Male,25,1986-11-21,Structural Analysis Engineer,Unknown,Affluent Customer,Yes,20.0,31.0,30-39,589 Main Plaza,2290.0,NSW,Australia,4.0,24,2,930.46,3,1,1,311,Late Bloomer,6,Vaughn Browse,2055.69
1477,Leo,Balharry,Unknown,42,,Actuary,Financial Services,Mass Customer,Yes,,,,472 Blaine Junction,2440.0,NSW,Australia,3.0,19,9,5007.94,3,4,4,344,Recent Customer,4,Leo Balharry,9549.97
1478,Fulton,Blayney,Male,40,1992-12-05,VP Quality Control,Financial Services,High Net Worth,No,9.0,25.0,20-29,12 Express Pass,2340.0,NSW,Australia,2.0,1,8,3669.8999999999996,4,4,3,443,Very Loyal,2,Fulton Blayney,7494.3
1479,Avrom,Clougher,Male,25,1977-10-20,Help Desk Technician,Argiculture,Mass Customer,No,21.0,40.0,40-49,76 Norway Maple Drive,4509.0,QLD,Australia,6.0,15,5,1695.66,4,2,1,421,Becoming Loyal,3,Avrom Clougher,4306.26
1480,Bird,Diess,Female,83,1995-05-21,Legal Assistant,Unknown,High Net Worth,Yes,5.0,23.0,20-29,4 Oriole Hill,2340.0,NSW,Australia,7.0,2,9,2258.7,4,4,2,442,Very Loyal,2,Bird Diess,7182.38
1481,Ellissa,Stanney,Female,93,1976-06-26,Senior Financial Analyst,Financial Services,Affluent Customer,No,14.0,42.0,40-49,038 North Court,2333.0,NSW,Australia,3.0,20,9,2551.0499999999997,3,4,2,342,Potential Customer,5,Ellissa Stanney,9626.68
1482,Georas,Niesel,Male,29,1979-04-30,Electrical Engineer,Manufacturing,Mass Customer,No,12.0,39.0,30-39,7231 Pepper Wood Point,2428.0,NSW,Australia,8.0,68,12,9269.16,2,4,4,244,Losing Customer,7,Georas Niesel,14366.26
1483,Beth,Daile,Female,55,1971-12-11,Senior Quality Engineer,Telecommunications,Mass Customer,Yes,14.0,46.0,40-49,941 La Follette Hill,2263.0,NSW,Australia,10.0,29,8,4273.54,3,4,4,344,Recent Customer,4,Beth Daile,7979.17
1484,Willette,Boodell,Female,26,1986-03-05,Administrative Assistant IV,Unknown,Mass Customer,No,18.0,32.0,30-39,2 Barby Trail,2769.0,NSW,Australia,10.0,14,5,1455.39,4,2,1,421,Becoming Loyal,3,Willette Boodell,3812.0
1485,Meredeth,Luck,Male,50,1969-08-02,Food Chemist,Health,Mass Customer,Yes,6.0,48.0,40-49,29133 Canary Circle,2282.0,NSW,Australia,8.0,4,2,526.7900000000001,4,1,1,411,Recent Customer,4,Meredeth Luck,1871.67
1486,Dag,Landell,Male,14,1978-08-07,Geological Engineer,Manufacturing,Mass Customer,No,10.0,39.0,30-39,12 Redwing Street,2325.0,NSW,Australia,4.0,32,5,3681.51,3,2,3,323,Potential Customer,5,Dag Landell,4895.26
1487,Kaela,Soppett,Female,58,1979-05-23,Web Designer IV,Unknown,Affluent Customer,Yes,5.0,39.0,30-39,57835 Ruskin Lane,2325.0,NSW,Australia,5.0,17,2,400.47,4,1,1,411,Recent Customer,4,Kaela Soppett,617.38
1488,Donnamarie,Andrieu,Female,82,1986-09-30,Assistant Manager,Unknown,Mass Customer,Yes,17.0,31.0,30-39,7 Mifflin Terrace,2323.0,NSW,Australia,3.0,40,2,133.38,3,1,1,311,Late Bloomer,6,Donnamarie Andrieu,2561.77
1489,Mead,Wollard,Male,17,1993-05-13,Teacher,Health,Mass Customer,No,4.0,25.0,20-29,7509 Prairieview Center,2289.0,NSW,Australia,9.0,82,5,566.5499999999998,2,2,1,221,High Risk Customer,8,Mead Wollard,4051.77
1490,Lusa,Hargerie,Female,36,1970-01-03,Cost Accountant,Financial Services,Mass Customer,Yes,6.0,48.0,40-49,7 Delaware Hill,2320.0,NSW,Australia,6.0,68,4,2182.9800000000005,2,1,2,212,High Risk Customer,8,Lusa Hargerie,4593.42
1491,Agneta,Swiggs,Female,96,1997-08-03,Senior Sales Associate,Health,Mass Customer,Yes,4.0,20.0,20-29,15012 Oneill Plaza,2285.0,NSW,Australia,5.0,160,3,1591.3300000000002,1,1,1,111,Lost Customer,11,Agneta Swiggs,3208.6000000000004
1492,Cordey,Tomik,Female,51,1980-01-11,Media Manager I,Unknown,Mass Customer,No,7.0,38.0,30-39,4861 School Park,2290.0,NSW,Australia,3.0,5,8,4645.839999999999,4,4,4,444,Platinum Customer,1,Cordey Tomik,11326.9
1493,Lisabeth,Fundell,Female,51,1987-08-12,Engineer II,Argiculture,High Net Worth,No,22.0,30.0,30-39,9 Sycamore Pass,2287.0,NSW,Australia,5.0,20,10,6117.049999999999,3,4,4,344,Recent Customer,4,Lisabeth Fundell,11653.87
1494,Levon,Parlor,Male,46,1986-11-03,Geologist I,Unknown,Mass Customer,Yes,7.0,31.0,30-39,005 Prentice Circle,2307.0,NSW,Australia,5.0,18,10,5221.26,3,4,4,344,Recent Customer,4,Levon Parlor,11747.52
1495,Charmion,Dobsons,Female,4,1989-08-14,Physical Therapy Assistant,Health,High Net Worth,Yes,8.0,28.0,20-29,81 Artisan Park,2259.0,NSW,Australia,5.0,3,2,575.15,4,1,1,411,Recent Customer,4,Charmion Dobsons,1217.97
1496,Cordie,Disbrow,Female,22,1998-05-02,Human Resources Manager,IT,Affluent Customer,No,3.0,20.0,20-29,7764 Declaration Hill,2261.0,NSW,Australia,9.0,53,5,3181.1600000000003,2,2,3,223,High Risk Customer,8,Cordie Disbrow,7189.5
1497,Karole,Grinin,Female,70,1973-11-08,Marketing Assistant,Retail,High Net Worth,No,14.0,44.0,40-49,7049 Sutteridge Lane,2251.0,NSW,Australia,8.0,182,6,3022.9899999999993,1,2,3,123,Evasive Customer,10,Karole Grinin,6257.94
1498,Janot,McGougan,Female,84,1989-09-27,Nurse,Unknown,Affluent Customer,Yes,13.0,28.0,20-29,40 Dexter Crossing,2250.0,NSW,Australia,9.0,40,4,1583.19,3,1,1,311,Late Bloomer,6,Janot McGougan,4031.87
1499,Patton,Wrey,Male,88,1973-08-18,Design Engineer,Manufacturing,Mass Customer,Yes,11.0,44.0,40-49,543 Morrow Terrace,2261.0,NSW,Australia,8.0,125,5,2193.8599999999997,1,2,2,122,Evasive Customer,10,Patton Wrey,5880.2699999999995
1500,Bellina,Bradberry,Female,82,1960-01-24,Unknown,Unknown,Mass Customer,No,9.0,58.0,50-59,36 Marquette Center,2250.0,NSW,Australia,7.0,5,5,3488.45,4,2,3,423,Becoming Loyal,3,Bellina Bradberry,7075.5599999999995
1501,Shelby,Trayhorn,Female,74,1973-07-31,Account Executive,Property,Mass Customer,Yes,14.0,44.0,40-49,8 Arizona Way,2233.0,NSW,Australia,9.0,53,5,1636.3700000000001,2,2,1,221,High Risk Customer,8,Shelby Trayhorn,4317.1
1502,Margalit,Handrick,Female,52,1990-03-26,Design Engineer,Financial Services,Affluent Customer,Yes,11.0,28.0,20-29,78960 Schiller Lane,2450.0,NSW,Australia,4.0,26,9,6209.679999999999,3,4,4,344,Recent Customer,4,Margalit Handrick,11571.9
1503,Del,Scullin,Female,1,1968-02-25,Media Manager III,Unknown,Affluent Customer,No,6.0,50.0,50-59,75 Hoepker Street,2232.0,NSW,Australia,10.0,34,10,7693.779999999998,3,4,4,344,Recent Customer,4,Del Scullin,13725.13
1504,Coop,Corneck,Male,98,1975-01-03,Data Coordiator,Property,Affluent Customer,Yes,13.0,43.0,40-49,39677 Emmet Terrace,2211.0,NSW,Australia,10.0,5,5,713.22,4,2,1,421,Becoming Loyal,3,Coop Corneck,5266.7
1505,Cristian,Trounce,Male,90,1993-10-21,Recruiting Manager,Financial Services,Mass Customer,No,3.0,24.0,20-29,30 Bay Hill,2229.0,NSW,Australia,12.0,18,5,4263.17,3,2,4,324,Potential Customer,5,Cristian Trounce,6155.87
1506,Andonis,Cochrane,Male,21,1958-02-21,Unknown,Property,Mass Customer,No,17.0,60.0,60-69,6 Canary Plaza,2223.0,NSW,Australia,8.0,0,10,6435.1,4,4,4,444,Platinum Customer,1,Andonis Cochrane,11058.14
1507,Holmes,Benkin,Male,97,1977-11-10,Unknown,Manufacturing,High Net Worth,Yes,22.0,40.0,40-49,4 Maywood Court,2228.0,NSW,Australia,10.0,16,4,3468.4700000000003,4,1,3,413,Recent Customer,4,Holmes Benkin,6661.28
1508,Orv,Milland,Male,80,1986-08-28,Clinical Specialist,Health,Affluent Customer,Yes,11.0,31.0,30-39,04489 Corscot Hill,2232.0,NSW,Australia,10.0,61,5,3479.0099999999998,2,2,3,223,High Risk Customer,8,Orv Milland,5437.08
1509,Sibley,Janek,Unknown,10,,Computer Systems Analyst I,IT,High Net Worth,Yes,,,,00941 7th Place,2227.0,NSW,Australia,10.0,44,3,1862.9499999999998,3,1,2,312,Late Bloomer,6,Sibley Janek,2949.6800000000003
1510,Timmie,Chitty,Male,94,1959-02-05,Actuary,Financial Services,Mass Customer,No,18.0,59.0,50-59,09 Bayside Place,2223.0,NSW,Australia,10.0,56,2,2238.37,2,1,2,212,High Risk Customer,8,Timmie Chitty,2588.77
1511,Yves,Trehearne,Male,97,1990-07-08,Internal Auditor,Financial Services,Mass Customer,No,4.0,27.0,20-29,8802 Fisk Street,2234.0,NSW,Australia,10.0,16,8,3037.58,4,4,3,443,Very Loyal,2,Yves Trehearne,7012.24
1512,Chandler,,Male,89,1979-04-10,Teacher,Unknown,High Net Worth,No,4.0,39.0,30-39,81 Darwin Court,2210.0,NSW,Australia,10.0,56,4,2817.57,2,1,2,212,High Risk Customer,8,Chandler,6281.98
1513,Wendel,Cator,Male,13,1970-06-05,Quality Engineer,Unknown,Affluent Customer,Yes,16.0,48.0,40-49,54295 Dorton Hill,2219.0,NSW,Australia,10.0,120,6,2071.14,1,2,2,122,Evasive Customer,10,Wendel Cator,5632.32
1514,Pren,Brangan,Male,15,1962-01-16,Professor,Unknown,Mass Customer,No,14.0,56.0,50-59,29 Spohn Drive,2212.0,NSW,Australia,10.0,67,7,3553.83,2,3,3,233,Losing Customer,7,Pren Brangan,7863.42
1515,Dietrich,Escott,Male,80,1990-08-19,Geological Engineer,Manufacturing,Mass Customer,Yes,2.0,27.0,20-29,87746 Bellgrove Park,2211.0,NSW,Australia,10.0,8,7,2314.6000000000004,4,3,2,432,Becoming Loyal,3,Dietrich Escott,5844.51
1516,Ham,Pietrusiak,Male,6,1967-07-12,VP Sales,IT,Affluent Customer,No,19.0,50.0,50-59,4517 Colorado Place,2210.0,NSW,Australia,10.0,37,5,4256.32,3,2,4,324,Potential Customer,5,Ham Pietrusiak,5692.96
1517,Murdoch,Twort,Male,90,1987-09-15,Operator,IT,Affluent Customer,No,12.0,30.0,30-39,91433 Hollow Ridge Crossing,2210.0,NSW,Australia,10.0,28,11,5878.15,3,4,4,344,Recent Customer,4,Murdoch Twort,13750.08
1518,Dallon,Greatreax,Male,66,1971-01-02,Safety Technician IV,Property,Affluent Customer,No,18.0,47.0,40-49,237 Garrison Way,2207.0,NSW,Australia,8.0,31,5,2749.3999999999996,3,2,2,322,Late Bloomer,6,Dallon Greatreax,6263.77
1519,Marwin,Jeyness,Male,35,2001-11-30,Administrative Assistant IV,Telecommunications,High Net Worth,Yes,1.0,16.0,Under 20,7 Bartillon Circle,2260.0,NSW,Australia,8.0,8,11,3819.53,4,4,3,443,Very Loyal,2,Marwin Jeyness,9090.05
1520,Dillie,Wilstead,Male,95,1965-11-18,Unknown,Retail,Mass Customer,No,19.0,52.0,50-59,22 Nelson Terrace,2190.0,NSW,Australia,10.0,167,4,1542.0,1,1,1,111,Lost Customer,11,Dillie Wilstead,4369.87
1521,Pernell,Duffett,Male,49,1995-11-13,Business Systems Development Analyst,Financial Services,Affluent Customer,Yes,22.0,22.0,20-29,96 Pepper Wood Drive,2567.0,NSW,Australia,10.0,95,2,824.2700000000002,1,1,1,111,Lost Customer,11,Pernell Duffett,2287.37
1522,Hubie,Thunnerclef,Male,57,1994-06-13,Paralegal,Financial Services,Mass Customer,No,7.0,24.0,20-29,79055 Moose Terrace,2176.0,NSW,Australia,9.0,9,6,2962.7599999999998,4,2,3,423,Becoming Loyal,3,Hubie Thunnerclef,6500.01
1523,Brnaba,Dighton,Male,78,1959-09-06,Product Engineer,Financial Services,Mass Customer,Yes,17.0,58.0,50-59,520 Mesta Alley,2200.0,NSW,Australia,8.0,41,3,2105.0899999999997,3,1,2,312,Late Bloomer,6,Brnaba Dighton,3736.42
1524,Bonni,Drakers,Female,7,1975-04-29,Administrative Officer,Financial Services,Mass Customer,Yes,16.0,43.0,40-49,0534 Bartelt Trail,2760.0,NSW,Australia,8.0,37,8,2724.5199999999995,3,4,2,342,Potential Customer,5,Bonni Drakers,5784.92
1525,Philis,Whittam,Female,43,1966-07-15,Database Administrator III,Financial Services,High Net Worth,No,5.0,51.0,50-59,3009 Duke Crossing,2200.0,NSW,Australia,8.0,24,3,1909.17,3,1,2,312,Late Bloomer,6,Philis Whittam,2983.65
1526,Charlie,MacKibbon,Male,50,1964-11-07,Editor,Manufacturing,Mass Customer,Yes,19.0,53.0,50-59,484 Lindbergh Street,2161.0,NSW,Australia,6.0,80,6,3446.83,2,2,3,223,High Risk Customer,8,Charlie MacKibbon,8545.73
1527,Gerek,Chape,Male,23,1997-10-15,Chemical Engineer,Manufacturing,Mass Customer,No,2.0,20.0,20-29,83 Luster Drive,2848.0,NSW,Australia,1.0,41,8,3855.9300000000003,3,4,3,343,Potential Customer,5,Gerek Chape,8695.82
1528,Ranee,Henriksson,Female,78,1984-01-01,Unknown,Manufacturing,High Net Worth,No,3.0,34.0,30-39,28 Mcguire Junction,2171.0,NSW,Australia,10.0,75,7,5083.41,2,3,4,234,Losing Customer,7,Ranee Henriksson,7880.17
1529,Tansy,Beltzner,Female,0,1986-10-21,Media Manager III,Financial Services,High Net Worth,Yes,5.0,31.0,30-39,6750 Truax Trail,2145.0,NSW,Australia,8.0,104,1,199.0999999999999,1,1,1,111,Lost Customer,11,Tansy Beltzner,1810.0
1530,Alexandr,Maylard,Male,89,1976-01-12,Pharmacist,Health,Mass Customer,Yes,9.0,42.0,40-49,84749 Holy Cross Terrace,2767.0,NSW,Australia,8.0,1,10,7390.75,4,4,4,444,Platinum Customer,1,Alexandr Maylard,13634.73
1531,Evaleen,Pusey,Female,20,1966-03-17,Administrative Assistant III,Financial Services,Mass Customer,Yes,13.0,52.0,50-59,486 Clyde Gallagher Road,2170.0,NSW,Australia,9.0,42,7,3839.18,3,3,3,333,Potential Customer,5,Evaleen Pusey,7667.54
1532,Marty,Wiggall,Female,27,1972-10-26,VP Accounting,Financial Services,Mass Customer,Yes,10.0,45.0,40-49,305 Vera Lane,2165.0,NSW,Australia,8.0,3,6,2827.66,4,2,2,422,Becoming Loyal,3,Marty Wiggall,6446.1900000000005
1533,Sonia,Rous,Female,59,1977-07-02,Social Worker,Health,Affluent Customer,Yes,8.0,40.0,40-49,2 Moulton Drive,2567.0,NSW,Australia,10.0,104,8,3968.52,1,4,3,143,Almost Lost Customer,9,Sonia Rous,7532.76
1534,Rosabelle,Hollington,Female,74,1998-11-30,Human Resources Assistant I,Manufacturing,Mass Customer,No,4.0,19.0,Under 20,213 Alpine Avenue,2168.0,NSW,Australia,9.0,46,7,3244.32,2,3,3,233,Losing Customer,7,Rosabelle Hollington,7048.71
1535,Emanuel,Baukham,Male,80,1997-04-08,Cost Accountant,Financial Services,Affluent Customer,Yes,3.0,21.0,20-29,2 Saint Paul Parkway,2040.0,NSW,Australia,12.0,104,5,2811.97,1,2,2,122,Evasive Customer,10,Emanuel Baukham,7008.0599999999995
1536,Tiffany,Fanshaw,Female,28,1979-10-04,Software Consultant,Financial Services,Affluent Customer,Yes,15.0,38.0,30-39,7921 Trailsway Center,2759.0,NSW,Australia,9.0,33,4,2018.04,3,1,2,312,Late Bloomer,6,Tiffany Fanshaw,4914.46
1537,Andres,Beranek,Male,23,1969-11-17,Librarian,Entertainment,Mass Customer,No,10.0,48.0,40-49,90323 Pine View Hill,2148.0,NSW,Australia,8.0,26,9,5101.549999999999,3,4,4,344,Recent Customer,4,Andres Beranek,9589.18
1538,Ahmed,Edmondson,Male,74,1989-04-22,Pharmacist,Health,High Net Worth,Yes,12.0,29.0,20-29,27 Hooker Plaza,2177.0,NSW,Australia,8.0,1,4,222.77999999999994,4,1,1,411,Recent Customer,4,Ahmed Edmondson,891.12
1539,Filberte,Godmer,Male,3,1977-11-17,Account Executive,Unknown,Mass Customer,Yes,16.0,40.0,40-49,193 Bluejay Hill,2160.0,NSW,Australia,9.0,65,8,3479.18,2,4,3,243,Losing Customer,7,Filberte Godmer,6655.98
1540,Ilene,Agett,Female,53,1962-03-17,Mechanical Systems Engineer,Property,Mass Customer,Yes,19.0,56.0,50-59,8 Monument Junction,2154.0,NSW,Australia,11.0,5,6,3641.91,4,2,3,423,Becoming Loyal,3,Ilene Agett,7965.92
1541,Dynah,Grimes,Female,7,1954-12-28,Structural Engineer,Argiculture,Mass Customer,Yes,13.0,63.0,60-69,22 Portage Road,2155.0,NSW,Australia,9.0,70,5,3324.89,2,2,3,223,High Risk Customer,8,Dynah Grimes,6311.2
1542,Sanders,Fernyhough,Male,56,1978-07-27,Food Chemist,Health,Mass Customer,Yes,12.0,39.0,30-39,243 Mosinee Place,2155.0,NSW,Australia,10.0,133,5,1825.3200000000006,1,2,1,121,Evasive Customer,10,Sanders Fernyhough,5625.49
1543,Michaela,Andrasch,Female,25,1993-10-13,Database Administrator III,Unknown,High Net Worth,No,9.0,24.0,20-29,65 Southridge Alley,2745.0,NSW,Australia,10.0,74,3,1359.4600000000003,2,1,1,211,Almost Lost Customer,9,Michaela Andrasch,2638.73
1544,Keane,Moneypenny,Male,75,1963-08-22,Dental Hygienist,Health,Affluent Customer,Yes,11.0,54.0,50-59,16 Maple Wood Center,2155.0,NSW,Australia,10.0,329,1,903.11,1,1,1,111,Lost Customer,11,Keane Moneypenny,1057.51
1545,Carver,Saturley,Male,34,1977-09-06,Associate Professor,Health,Mass Customer,Yes,15.0,40.0,40-49,8595 Ruskin Plaza,3196.0,VIC,Australia,10.0,2,7,2637.47,4,3,2,432,Becoming Loyal,3,Carver Saturley,6179.73
1546,Natalya,Moscone,Female,22,1956-10-28,Compensation Analyst,Financial Services,Mass Customer,Yes,8.0,61.0,60-69,2 Eastwood Street,2153.0,NSW,Australia,10.0,69,7,2501.87,2,3,2,232,Losing Customer,7,Natalya Moscone,6956.75
1547,Chiquita,Billyard,Female,82,1990-02-26,Account Coordinator,Unknown,Mass Customer,Yes,12.0,28.0,20-29,68 Delaware Avenue,2768.0,NSW,Australia,10.0,27,9,6523.19,3,4,4,344,Recent Customer,4,Chiquita Billyard,12870.9
1548,Perla,Cortnay,Female,70,1995-02-03,Unknown,Manufacturing,Mass Customer,Yes,2.0,23.0,20-29,08167 Buhler Avenue,2153.0,NSW,Australia,10.0,37,3,1434.01,3,1,1,311,Late Bloomer,6,Perla Cortnay,2239.69
1549,Vikki,Tett,Female,87,1997-08-06,Unknown,Financial Services,Affluent Customer,Yes,4.0,20.0,20-29,0046 Grim Pass,2148.0,NSW,Australia,7.0,3,7,2924.48,4,3,3,433,Very Loyal,2,Vikki Tett,5720.9800000000005
1550,Nell,MacCafferky,Female,3,1986-09-12,Programmer Analyst II,IT,Mass Customer,Yes,12.0,31.0,30-39,4 Sutteridge Trail,2153.0,NSW,Australia,10.0,42,6,3172.63,3,2,3,323,Potential Customer,5,Nell MacCafferky,5181.85
1551,Joell,Balfe,Female,37,1975-05-30,Computer Systems Analyst I,Entertainment,Affluent Customer,No,17.0,43.0,40-49,8 Boyd Road,2075.0,NSW,Australia,12.0,22,7,5171.89,3,3,4,334,Potential Customer,5,Joell Balfe,7800.78
1552,Cully,Mangeon,Male,80,1988-06-06,Research Associate,Entertainment,Mass Customer,Yes,8.0,30.0,30-39,8 Bobwhite Park,2768.0,NSW,Australia,10.0,99,5,5400.320000000001,1,2,4,124,Almost Lost Customer,9,Cully Mangeon,6945.16
1553,Vanna,Matts,Female,68,1956-05-31,Administrative Assistant IV,Retail,High Net Worth,No,7.0,62.0,60-69,62047 Ludington Terrace,2148.0,NSW,Australia,8.0,84,4,2002.85,2,1,2,212,High Risk Customer,8,Vanna Matts,4422.05
1554,Land,Aarons,Male,83,1994-08-12,Assistant Manager,Retail,Affluent Customer,No,3.0,23.0,20-29,277 Maple Circle,2768.0,NSW,Australia,8.0,20,7,5636.08,3,3,4,334,Potential Customer,5,Land Aarons,9898.23
1555,Marcello,Spenclay,Male,60,1962-08-19,Tax Accountant,Health,High Net Worth,No,15.0,55.0,50-59,845 Mendota Center,2148.0,NSW,Australia,8.0,133,7,3107.36,1,3,3,133,Almost Lost Customer,9,Marcello Spenclay,7885.78
1556,Bartram,Brownstein,Male,30,1986-03-25,Web Developer III,Manufacturing,Mass Customer,Yes,6.0,32.0,30-39,13795 Corscot Drive,2147.0,NSW,Australia,9.0,84,5,3519.2200000000003,2,2,3,223,High Risk Customer,8,Bartram Brownstein,6248.45
1557,Efren,Castanos,Male,64,1975-08-14,Speech Pathologist,Financial Services,Mass Customer,No,6.0,42.0,40-49,08 Twin Pines Place,2768.0,NSW,Australia,9.0,75,7,4795.51,2,3,4,234,Losing Customer,7,Efren Castanos,9899.14
1558,Oberon,Scading,Male,14,1991-05-12,Information Systems Manager,Financial Services,Affluent Customer,No,2.0,27.0,20-29,07236 Jenifer Point,2763.0,NSW,Australia,10.0,8,9,10640.3,4,4,4,444,Platinum Customer,1,Oberon Scading,13587.269999999999
1559,Hilton,Gladwell,Male,63,1975-10-14,Unknown,Health,High Net Worth,Yes,12.0,42.0,40-49,2 Darwin Parkway,2118.0,NSW,Australia,9.0,56,7,8050.099999999999,2,3,4,234,Losing Customer,7,Hilton Gladwell,10631.65
1560,Tymon,Blackstone,Male,14,1973-01-12,Unknown,Retail,Mass Customer,No,5.0,45.0,40-49,57878 Northfield Crossing,2144.0,NSW,Australia,10.0,202,3,486.60999999999996,1,1,1,111,Lost Customer,11,Tymon Blackstone,1348.02
1561,Clemens,Rawll,Male,47,1975-03-14,Graphic Designer,Manufacturing,Mass Customer,Yes,14.0,43.0,40-49,61 Donald Crossing,2142.0,NSW,Australia,9.0,43,8,6918.889999999999,3,4,4,344,Recent Customer,4,Clemens Rawll,10601.55
1562,Elset,Biasio,Female,29,1984-07-11,Staff Scientist,Unknown,Affluent Customer,Yes,3.0,33.0,30-39,842 Rutledge Parkway,2145.0,NSW,Australia,9.0,100,3,2606.7000000000003,1,1,2,112,Evasive Customer,10,Elset Biasio,4066.11
1563,Crosby,Claeskens,Male,39,1992-03-10,Account Representative IV,Property,Mass Customer,No,9.0,26.0,20-29,8462 Emmet Trail,4878.0,QLD,Australia,4.0,129,4,2877.89,1,1,3,113,Evasive Customer,10,Crosby Claeskens,4845.110000000001
1564,Sascha,Tander,Female,42,1964-02-27,Geologist III,Retail,Mass Customer,No,16.0,54.0,50-59,6265 Moland Terrace,2076.0,NSW,Australia,10.0,13,3,493.16999999999996,4,1,1,411,Recent Customer,4,Sascha Tander,2983.8
1565,Jay,Janiszewski,Male,71,1953-08-17,Sales Representative,Retail,High Net Worth,Yes,11.0,64.0,60-69,4 Rowland Way,2126.0,NSW,Australia,10.0,9,2,1182.38,4,1,1,411,Recent Customer,4,Jay Janiszewski,3083.23
1566,Stavros,Goodinson,Male,95,1962-01-03,Executive Secretary,Argiculture,Mass Customer,No,17.0,56.0,50-59,04488 Jenna Alley,2289.0,NSW,Australia,9.0,86,4,1597.26,2,1,1,211,Almost Lost Customer,9,Stavros Goodinson,2886.44
1567,Florri,Ramsdell,Female,18,1971-12-16,Teacher,Unknown,Mass Customer,No,16.0,46.0,40-49,4 Toban Junction,2154.0,NSW,Australia,8.0,24,7,4071.8199999999997,3,3,3,333,Potential Customer,5,Florri Ramsdell,10643.93
1568,Bellanca,Strutz,Female,78,1980-05-23,Chemical Engineer,Manufacturing,Mass Customer,Yes,9.0,38.0,30-39,5 Manley Avenue,2122.0,NSW,Australia,11.0,139,5,3870.4799999999996,1,2,3,123,Evasive Customer,10,Bellanca Strutz,7722.0599999999995
1569,Dave,Mews,Male,87,1987-06-03,Structural Analysis Engineer,Unknown,Mass Customer,No,8.0,31.0,30-39,9 Eastlawn Court,2155.0,NSW,Australia,10.0,53,1,1103.43,2,1,1,211,Almost Lost Customer,9,Dave Mews,1466.68
1570,Phil,Dodle,Female,70,1995-11-20,Staff Accountant III,Entertainment,Mass Customer,No,17.0,22.0,20-29,97910 Leroy Junction,2073.0,NSW,Australia,12.0,33,9,5321.3,3,4,4,344,Recent Customer,4,Phil Dodle,9958.95
1571,Tadeas,McUre,Male,19,1980-09-08,Clinical Specialist,Health,Mass Customer,Yes,22.0,37.0,30-39,608 Rutledge Drive,2121.0,NSW,Australia,11.0,3,4,4968.78,4,1,4,414,Recent Customer,4,Tadeas McUre,6221.7300000000005
1572,Tam,Jahner,Male,51,1957-07-26,Recruiting Manager,Financial Services,High Net Worth,Yes,16.0,60.0,60-69,8 Heffernan Crossing,2126.0,NSW,Australia,12.0,82,6,7651.019999999999,2,2,4,224,Losing Customer,7,Tam Jahner,10119.88
1573,Aurea,Reubens,Female,48,1994-07-05,Web Designer I,Property,Mass Customer,Yes,4.0,23.0,20-29,9 Northfield Circle,2121.0,NSW,Australia,12.0,64,4,2236.76,2,1,2,212,High Risk Customer,8,Aurea Reubens,5400.4400000000005
1574,Werner,Wall,Male,16,1995-11-15,Database Administrator I,Unknown,Affluent Customer,Yes,2.0,22.0,20-29,996 Morning Parkway,2119.0,NSW,Australia,11.0,73,10,3220.9000000000005,2,4,3,243,Losing Customer,7,Werner Wall,9813.75
1575,Phaidra,Jindacek,Female,82,1989-03-13,Design Engineer,Retail,Mass Customer,No,17.0,29.0,20-29,7015 Hintze Parkway,2153.0,NSW,Australia,11.0,86,4,1050.28,2,1,1,211,Almost Lost Customer,9,Phaidra Jindacek,4088.84
1576,Reube,Roscrigg,Male,77,1985-11-10,VP Marketing,Financial Services,Mass Customer,No,20.0,32.0,30-39,3525 Buena Vista Plaza,2120.0,NSW,Australia,9.0,37,8,4521.35,3,4,4,344,Recent Customer,4,Reube Roscrigg,7956.31
1577,Diannne,Teager,Female,87,1976-09-08,Automation Specialist I,Manufacturing,High Net Worth,No,10.0,41.0,40-49,6 Hallows Pass,2118.0,NSW,Australia,11.0,12,7,3677.0,4,3,3,433,Very Loyal,2,Diannne Teager,7980.92
1578,Andreas,Bazely,Male,60,1978-04-14,Unknown,Health,High Net Worth,Yes,11.0,40.0,40-49,7317 Huxley Alley,2112.0,NSW,Australia,8.0,16,7,6165.099999999999,4,3,4,434,Very Loyal,2,Andreas Bazely,9064.42
1579,Madelaine,Siegertsz,Female,40,1978-01-27,Desktop Support Technician,Financial Services,Affluent Customer,Yes,17.0,40.0,40-49,82 Hanover Avenue,2101.0,NSW,Australia,10.0,40,10,8102.62,3,4,4,344,Recent Customer,4,Madelaine Siegertsz,12087.02
1580,Laird,Prover,Male,23,1981-06-21,Associate Professor,Retail,High Net Worth,No,5.0,37.0,30-39,3384 Nelson Circle,4227.0,QLD,Australia,3.0,55,8,3225.0,2,4,3,243,Losing Customer,7,Laird Prover,7454.8099999999995
1581,Melessa,Delyth,Female,26,1974-04-13,Recruiter,Argiculture,Mass Customer,No,13.0,44.0,40-49,45314 Pepper Wood Junction,2251.0,NSW,Australia,6.0,36,8,2944.09,3,4,3,343,Potential Customer,5,Melessa Delyth,7922.66
1582,Francesco,Wasson,Male,32,1978-01-14,Office Assistant III,Property,Mass Customer,No,4.0,40.0,40-49,85301 John Wall Road,2101.0,NSW,Australia,11.0,55,5,1914.1999999999998,2,2,2,222,High Risk Customer,8,Francesco Wasson,5202.889999999999
1583,Krysta,O' Reagan,Unknown,18,,Geologist IV,IT,Mass Customer,Yes,,,,277 Lindbergh Alley,2100.0,NSW,Australia,11.0,112,4,3221.08,1,1,3,113,Evasive Customer,10,Krysta O' Reagan,4888.05
1584,Susanetta,,Female,93,1992-04-27,Legal Assistant,Manufacturing,Mass Customer,No,9.0,26.0,20-29,6 Logan Junction,2148.0,NSW,Australia,9.0,2,2,1323.66,4,1,1,411,Recent Customer,4,Susanetta,2749.7200000000003
1585,Stillman,Sackur,Male,87,1961-04-07,Pharmacist,Health,Mass Customer,Yes,5.0,57.0,50-59,70416 Becker Court,2099.0,NSW,Australia,10.0,37,8,3461.65,3,4,3,343,Potential Customer,5,Stillman Sackur,8002.97
1586,Madelena,Risson,Female,47,1985-12-27,Physical Therapy Assistant,Manufacturing,High Net Worth,No,15.0,32.0,30-39,256 Fordem Street,2119.0,NSW,Australia,11.0,16,6,4154.0199999999995,4,2,4,424,Becoming Loyal,3,Madelena Risson,6104.44
1587,Kevan,Laminman,Male,17,1986-08-16,Software Test Engineer III,Entertainment,Affluent Customer,Yes,12.0,31.0,30-39,7 Laurel Junction,2079.0,NSW,Australia,10.0,77,5,635.72,2,2,1,221,High Risk Customer,8,Kevan Laminman,4992.59
1588,Dukey,McCrie,Male,24,1983-01-28,Administrative Officer,IT,High Net Worth,Yes,7.0,35.0,30-39,7032 Hallows Drive,2126.0,NSW,Australia,11.0,32,7,3628.2599999999998,3,3,3,333,Potential Customer,5,Dukey McCrie,9131.54
1589,Walker,Bartalot,Male,83,1989-07-08,Human Resources Manager,Health,Mass Customer,Yes,4.0,28.0,20-29,78000 Arrowood Center,2775.0,NSW,Australia,9.0,11,6,6738.659999999999,4,2,4,424,Becoming Loyal,3,Walker Bartalot,8549.57
1590,Crystie,Fontanet,Female,8,1965-12-09,Assistant Manager,Retail,Mass Customer,No,14.0,52.0,50-59,5 Elgar Place,4132.0,QLD,Australia,5.0,86,3,2248.0399999999995,2,1,2,212,High Risk Customer,8,Crystie Fontanet,5130.389999999999
1591,Fonz,Jankin,Male,4,1976-09-14,Operator,Manufacturing,Mass Customer,Yes,14.0,41.0,40-49,54 Veith Drive,2073.0,NSW,Australia,12.0,29,12,5968.91,3,4,4,344,Recent Customer,4,Fonz Jankin,13908.32
1592,Thorin,Klagges,Male,21,1986-08-04,Software Test Engineer III,Unknown,Mass Customer,Yes,14.0,31.0,30-39,0 Michigan Plaza,2077.0,NSW,Australia,10.0,100,4,3348.2499999999995,1,1,3,113,Evasive Customer,10,Thorin Klagges,5703.379999999999
1593,Tommy,Kupisz,Female,69,1979-10-11,Tax Accountant,IT,Mass Customer,No,17.0,38.0,30-39,2272 Buena Vista Center,2065.0,NSW,Australia,12.0,53,6,3818.36,2,2,3,223,High Risk Customer,8,Tommy Kupisz,7569.45
1594,Rolando,Amyes,Male,62,1981-11-26,Human Resources Manager,Property,Mass Customer,No,7.0,36.0,30-39,0 Thackeray Avenue,2100.0,NSW,Australia,10.0,0,5,2617.75,4,2,2,422,Becoming Loyal,3,Rolando Amyes,6384.16
1595,Kora,Paoli,Female,15,1976-02-21,Senior Financial Analyst,Financial Services,High Net Worth,Yes,11.0,42.0,40-49,8 Warrior Avenue,3197.0,VIC,Australia,9.0,77,7,4891.75,2,3,4,234,Losing Customer,7,Kora Paoli,9792.89
1596,Vinnie,Sails,Male,2,1969-07-01,Cost Accountant,Financial Services,High Net Worth,Yes,8.0,49.0,40-49,5447 Weeping Birch Place,2086.0,NSW,Australia,12.0,135,5,2953.23,1,2,3,123,Evasive Customer,10,Vinnie Sails,5697.98
1597,Jeffry,Slowly,Male,93,1977-02-01,Nurse Practicioner,Retail,Affluent Customer,No,14.0,41.0,40-49,019 Derek Hill,2224.0,NSW,Australia,10.0,25,12,9739.46,3,4,4,344,Recent Customer,4,Jeffry Slowly,18052.68
1598,Guendolen,Betterton,Female,87,1973-12-02,Safety Technician III,Unknown,Mass Customer,No,11.0,44.0,40-49,4 Florence Street,2032.0,NSW,Australia,11.0,170,5,2317.99,1,2,2,122,Evasive Customer,10,Guendolen Betterton,6297.23
1599,Ozzy,Silver,Male,65,1999-11-24,Unknown,Unknown,Affluent Customer,No,1.0,18.0,Under 20,2390 Blackbird Point,2035.0,NSW,Australia,11.0,19,11,4855.5,3,4,4,344,Recent Customer,4,Ozzy Silver,8164.88
1600,Priscella,Stathers,Female,20,1985-05-21,Senior Financial Analyst,Financial Services,High Net Worth,No,2.0,33.0,30-39,96 Sundown Point,4220.0,QLD,Australia,9.0,13,9,2924.4300000000003,4,4,3,443,Very Loyal,2,Priscella Stathers,5904.32
1601,Nita,McCarthy,Female,45,1993-02-11,Desktop Support Technician,Manufacturing,Affluent Customer,No,1.0,25.0,20-29,5447 Buell Hill,2567.0,NSW,Australia,9.0,19,4,2317.27,3,1,2,312,Late Bloomer,6,Nita McCarthy,3901.84
1602,Shamus,Dennerly,Male,68,1979-01-09,Professor,Retail,Mass Customer,No,15.0,39.0,30-39,978 Valley Edge Park,2777.0,NSW,Australia,9.0,7,4,2997.36,4,1,3,413,Recent Customer,4,Shamus Dennerly,4971.84
1603,Osgood,Emerine,Male,89,1988-11-20,Quality Engineer,Manufacturing,Affluent Customer,Yes,20.0,29.0,20-29,46 Dunning Junction,4220.0,QLD,Australia,9.0,23,4,1488.1699999999998,3,1,1,311,Late Bloomer,6,Osgood Emerine,5471.889999999999
1604,Natale,Duinbleton,Male,51,1960-04-11,Unknown,Financial Services,High Net Worth,No,20.0,58.0,50-59,848 Dawn Drive,4818.0,QLD,Australia,5.0,99,3,1225.77,1,1,1,111,Lost Customer,11,Natale Duinbleton,3311.7200000000003
1605,Latrena,Ker,Female,72,1988-03-01,Unknown,Unknown,Affluent Customer,No,9.0,30.0,30-39,2517 Glacier Hill Point,3219.0,VIC,Australia,3.0,181,3,1721.0499999999997,1,1,1,111,Lost Customer,11,Latrena Ker,3871.88
1606,Shayne,Ellesworthe,Female,93,1980-11-25,Environmental Specialist,Unknown,Affluent Customer,Yes,9.0,37.0,30-39,658 Northfield Junction,3023.0,VIC,Australia,7.0,42,5,2602.85,3,2,2,322,Late Bloomer,6,Shayne Ellesworthe,6270.96
1607,Tiffani,Van Castele,Female,39,1988-01-22,Marketing Assistant,Retail,Mass Customer,Yes,15.0,30.0,30-39,5 Algoma Point,3809.0,VIC,Australia,5.0,1,5,1681.0199999999998,4,2,1,421,Becoming Loyal,3,Tiffani Van Castele,4898.71
1608,Fernande,Petzolt,Female,87,1958-09-21,Software Engineer III,Unknown,Mass Customer,Yes,6.0,59.0,50-59,1617 Lakewood Gardens Lane,2090.0,NSW,Australia,11.0,12,3,1206.35,4,1,1,411,Recent Customer,4,Fernande Petzolt,2811.51
1609,Reginald,Hanwright,Male,64,1996-11-26,Professor,Property,Mass Customer,Yes,3.0,21.0,20-29,373 Oak Valley Avenue,2048.0,NSW,Australia,11.0,61,5,4041.6000000000004,2,2,3,223,High Risk Customer,8,Reginald Hanwright,6259.92
1610,Valaree,Chisolm,Female,75,1955-02-10,Structural Engineer,Unknown,High Net Worth,Yes,9.0,63.0,60-69,75164 Sherman Crossing,2031.0,NSW,Australia,11.0,8,5,3556.1500000000005,4,2,3,423,Becoming Loyal,3,Valaree Chisolm,6734.610000000001
1611,Terencio,,Male,93,1971-11-22,Developer IV,Health,High Net Worth,Yes,13.0,46.0,40-49,6491 Gerald Court,2261.0,NSW,Australia,9.0,41,12,5450.34,3,4,4,344,Recent Customer,4,Terencio,13692.47
1612,Wendel,Headland,Male,70,1987-04-17,Community Outreach Specialist,Financial Services,High Net Worth,Yes,22.0,31.0,30-39,84504 Doe Crossing Road,2441.0,NSW,Australia,4.0,67,2,2932.8199999999997,2,1,3,213,High Risk Customer,8,Wendel Headland,3904.22
1613,Ernesta,Billany,Female,18,1977-05-25,Unknown,Property,Mass Customer,No,19.0,41.0,40-49,55433 Schmedeman Lane,2263.0,NSW,Australia,8.0,41,8,3512.0299999999997,3,4,3,343,Potential Customer,5,Ernesta Billany,6670.94
1614,Currie,Gimber,Male,2,1984-08-12,Unknown,Unknown,High Net Worth,No,8.0,33.0,30-39,835 Thackeray Place,2261.0,NSW,Australia,6.0,50,7,2397.3900000000003,2,3,2,232,Losing Customer,7,Currie Gimber,5571.04
1615,Evvie,Crack,Female,75,1971-02-04,Unknown,Entertainment,Mass Customer,Yes,7.0,47.0,40-49,24 Fuller Lane,3183.0,VIC,Australia,6.0,55,6,5353.57,2,2,4,224,Losing Customer,7,Evvie Crack,8856.76
1616,Shamus,Attenbrough,Male,75,1955-08-16,Media Manager II,Retail,High Net Worth,Yes,19.0,62.0,60-69,5333 Aberg Lane,4877.0,QLD,Australia,4.0,23,7,6150.25,3,3,4,334,Potential Customer,5,Shamus Attenbrough,10413.51
1617,Jannelle,Ort,Female,97,1978-07-06,Compensation Analyst,Financial Services,Affluent Customer,No,10.0,39.0,30-39,6 Melody Plaza,4215.0,QLD,Australia,8.0,5,5,2977.1900000000005,4,2,3,423,Becoming Loyal,3,Jannelle Ort,5926.27
1618,Andee,Scardifeild,Female,90,1966-03-01,Senior Developer,Unknown,Mass Customer,No,19.0,52.0,50-59,50 Dahle Crossing,3199.0,VIC,Australia,9.0,28,2,643.43,3,1,1,311,Late Bloomer,6,Andee Scardifeild,2033.21
1619,Matteo,Hallum,Male,83,1971-12-22,Staff Accountant III,Unknown,Mass Customer,Yes,6.0,46.0,40-49,2 Mayfield Alley,2089.0,NSW,Australia,10.0,84,10,7031.79,2,4,4,244,Losing Customer,7,Matteo Hallum,11466.11
1620,Jerrold,Bernetti,Male,18,1992-07-27,Structural Analysis Engineer,Unknown,High Net Worth,Yes,2.0,25.0,20-29,9020 Anhalt Park,2528.0,NSW,Australia,7.0,216,2,1149.25,1,1,1,111,Lost Customer,11,Jerrold Bernetti,2947.04
1621,Sibley,Eliyahu,Female,10,1974-09-09,Social Worker,Health,Mass Customer,No,22.0,43.0,40-49,48 Melby Trail,2131.0,NSW,Australia,8.0,82,5,1162.2399999999998,2,2,1,221,High Risk Customer,8,Sibley Eliyahu,2804.08
1622,Pietrek,Crowe,Male,44,1978-05-30,Senior Quality Engineer,Unknown,High Net Worth,No,16.0,40.0,40-49,1 Eliot Road,3910.0,VIC,Australia,8.0,47,3,1506.34,2,1,1,211,Almost Lost Customer,9,Pietrek Crowe,1952.29
1623,Katy,Taffee,Female,29,1997-12-24,Software Test Engineer III,Entertainment,High Net Worth,Yes,2.0,20.0,20-29,94181 South Park,3264.0,VIC,Australia,1.0,2,6,3362.5500000000006,4,2,3,423,Becoming Loyal,3,Katy Taffee,7686.06
1624,Hakim,Burnhard,Male,18,1980-05-04,Compensation Analyst,Financial Services,Mass Customer,Yes,6.0,38.0,30-39,718 Colorado Court,2220.0,NSW,Australia,8.0,3,6,1627.2200000000003,4,2,1,421,Becoming Loyal,3,Hakim Burnhard,4424.39
1625,Caryl,Clara,Male,20,1977-12-09,Information Systems Manager,Property,Mass Customer,Yes,10.0,40.0,40-49,2 Southridge Crossing,2763.0,NSW,Australia,8.0,9,8,8499.589999999998,4,4,4,444,Platinum Customer,1,Caryl Clara,12809.369999999999
1626,Fanchon,Fist,Female,82,1979-04-19,VP Accounting,Financial Services,Mass Customer,No,14.0,39.0,30-39,0 Westport Terrace,4570.0,QLD,Australia,5.0,255,2,1326.1499999999999,1,1,1,111,Lost Customer,11,Fanchon Fist,1789.3799999999999
1627,Vladimir,Morphet,Male,44,1961-11-19,Librarian,Entertainment,Affluent Customer,No,16.0,56.0,50-59,0 Namekagon Circle,3150.0,VIC,Australia,9.0,24,8,4834.08,3,4,4,344,Recent Customer,4,Vladimir Morphet,10051.58
1628,Hermione,Brereton,Unknown,13,,Assistant Manager,IT,Mass Customer,No,,,,76 Roxbury Pass,2528.0,NSW,Australia,6.0,133,2,2659.5699999999997,1,1,2,112,Evasive Customer,10,Hermione Brereton,3869.2699999999995
1629,Edsel,Lester,Male,46,1974-08-21,VP Accounting,Financial Services,Mass Customer,No,14.0,43.0,40-49,10 Hazelcrest Street,4413.0,QLD,Australia,5.0,1,7,6051.87,4,3,4,434,Very Loyal,2,Edsel Lester,8226.210000000001
1630,Sonni,Lindstedt,Female,63,1984-09-16,Professor,Manufacturing,Mass Customer,No,16.0,33.0,30-39,5528 North Hill,2681.0,NSW,Australia,1.0,23,3,1915.23,3,1,2,312,Late Bloomer,6,Sonni Lindstedt,3699.7799999999997
1631,Towny,Beebee,Male,11,1996-09-03,Speech Pathologist,Financial Services,Affluent Customer,No,1.0,21.0,20-29,9179 Sunfield Terrace,4510.0,QLD,Australia,2.0,131,5,3048.1200000000003,1,2,3,123,Evasive Customer,10,Towny Beebee,5204.3
1632,Orbadiah,Kennicott,Male,43,1985-08-12,Electrical Engineer,Manufacturing,High Net Worth,Yes,3.0,32.0,30-39,18708 Darwin Park,3977.0,VIC,Australia,7.0,281,2,853.1600000000001,1,1,1,111,Lost Customer,11,Orbadiah Kennicott,2114.26
1633,Ashia,Muzzi,Female,16,1964-07-08,Mechanical Systems Engineer,Property,High Net Worth,Yes,14.0,53.0,50-59,46310 Raven Trail,4220.0,QLD,Australia,4.0,17,3,2548.92,4,1,2,412,Recent Customer,4,Ashia Muzzi,4623.68
1634,Jordana,Beach,Female,20,1970-08-31,Director of Sales,Manufacturing,Affluent Customer,No,12.0,47.0,40-49,49932 Messerschmidt Point,2138.0,NSW,Australia,11.0,29,4,1537.06,3,1,1,311,Late Bloomer,6,Jordana Beach,3683.93
1635,Indira,Robotham,Female,36,1971-09-02,Safety Technician IV,Financial Services,Mass Customer,No,7.0,46.0,40-49,6 Monument Circle,3186.0,VIC,Australia,11.0,139,4,1319.52,1,1,1,111,Lost Customer,11,Indira Robotham,6745.71
1636,Karly,Ackenhead,Female,65,1980-05-12,Chemical Engineer,Manufacturing,High Net Worth,Yes,5.0,38.0,30-39,2 Green Ridge Park,2478.0,NSW,Australia,8.0,40,5,3274.29,3,2,3,323,Potential Customer,5,Karly Ackenhead,6065.61
1637,Timothee,Mervyn,Male,78,1969-02-07,Statistician II,Manufacturing,High Net Worth,No,6.0,49.0,40-49,60 Briar Crest Circle,2170.0,NSW,Australia,9.0,143,8,4115.36,1,4,3,143,Almost Lost Customer,9,Timothee Mervyn,7801.63
1638,Zachery,Monkhouse,Male,55,1992-05-12,Speech Pathologist,Financial Services,Mass Customer,Yes,10.0,26.0,20-29,313 Schiller Trail,3018.0,VIC,Australia,4.0,11,4,4046.88,4,1,3,413,Recent Customer,4,Zachery Monkhouse,5237.9
1639,Marna,Showers,Female,9,1962-12-17,Unknown,Manufacturing,Mass Customer,Yes,12.0,55.0,50-59,89 Bartillon Plaza,2753.0,NSW,Australia,10.0,30,6,4428.509999999999,3,2,4,324,Potential Customer,5,Marna Showers,7481.219999999999
1640,Erie,Worswick,Male,37,1995-02-17,Accountant I,Unknown,High Net Worth,Yes,3.0,23.0,20-29,5 Moland Court,4551.0,QLD,Australia,6.0,62,7,1871.87,2,3,2,232,Losing Customer,7,Erie Worswick,5455.04
1641,Vasily,Sturgeon,Male,29,1972-09-01,Community Outreach Specialist,Financial Services,Mass Customer,No,14.0,45.0,40-49,20 Mcguire Hill,3198.0,VIC,Australia,4.0,63,9,4326.200000000001,2,4,4,244,Losing Customer,7,Vasily Sturgeon,9474.24
1642,Nollie,Matteoli,Male,97,1982-10-11,Systems Administrator II,Manufacturing,Affluent Customer,Yes,3.0,35.0,30-39,2 Ridgeway Circle,2090.0,NSW,Australia,10.0,84,5,2307.49,2,2,2,222,High Risk Customer,8,Nollie Matteoli,4353.22
1643,Manda,Forsey,Female,13,1961-01-07,Unknown,Retail,Mass Customer,No,19.0,57.0,50-59,78 Bultman Junction,2047.0,NSW,Australia,10.0,38,8,4244.320000000001,3,4,4,344,Recent Customer,4,Manda Forsey,9571.34
1644,Gaby,Harriot,Male,57,1969-12-01,Speech Pathologist,Health,Mass Customer,No,10.0,48.0,40-49,4 Mariners Cove Street,2043.0,NSW,Australia,9.0,22,7,4938.15,3,3,4,334,Potential Customer,5,Gaby Harriot,8493.64
1645,Dal,Colquhoun,Male,34,1995-06-12,Research Associate,Unknown,Affluent Customer,Yes,5.0,23.0,20-29,38330 Badeau Place,2154.0,NSW,Australia,11.0,90,7,1411.6999999999998,1,3,1,131,Almost Lost Customer,9,Dal Colquhoun,4521.049999999999
1646,Emmye,Flacke,Female,39,1994-06-20,Senior Financial Analyst,Financial Services,Mass Customer,Yes,1.0,24.0,20-29,515 Monterey Terrace,2107.0,NSW,Australia,12.0,26,7,4487.52,3,3,4,334,Potential Customer,5,Emmye Flacke,7426.27
1647,Ivory,Roscam,Female,21,1977-09-09,Unknown,Financial Services,High Net Worth,Yes,17.0,40.0,40-49,73363 Butterfield Crossing,4567.0,QLD,Australia,9.0,178,7,3267.5,1,3,3,133,Almost Lost Customer,9,Ivory Roscam,7932.610000000001
1648,Prissie,Dyde,Female,22,1981-06-09,VP Accounting,Financial Services,Mass Customer,No,8.0,37.0,30-39,65387 Thackeray Parkway,3197.0,VIC,Australia,10.0,13,4,2124.93,4,1,2,412,Recent Customer,4,Prissie Dyde,4946.86
1649,Brenden,Dinley,Male,6,1962-07-17,Chief Design Engineer,Property,Mass Customer,No,7.0,55.0,50-59,06 Hudson Parkway,2250.0,NSW,Australia,8.0,71,2,2891.15,2,1,3,213,High Risk Customer,8,Brenden Dinley,3582.3900000000003
1650,Raphaela,Looby,Female,44,1980-05-03,Tax Accountant,Unknown,High Net Worth,No,16.0,38.0,30-39,5274 Lindbergh Alley,4217.0,QLD,Australia,1.0,10,5,1860.19,4,2,2,422,Becoming Loyal,3,Raphaela Looby,4358.9
1651,Idalina,,Female,9,1996-11-25,Web Designer I,Telecommunications,Mass Customer,Yes,4.0,21.0,20-29,81942 Scott Street,2066.0,NSW,Australia,10.0,97,5,694.38,1,2,1,121,Evasive Customer,10,Idalina,2070.12
1652,Ulrikaumeko,Heffernon,Female,53,1981-09-24,Operator,Manufacturing,High Net Worth,Yes,7.0,36.0,30-39,3 Fordem Park,4011.0,QLD,Australia,10.0,96,6,2662.3899999999994,1,2,2,122,Evasive Customer,10,Ulrikaumeko Heffernon,7230.45
1653,Florry,Folbige,Female,80,1987-04-29,Unknown,Argiculture,Mass Customer,Yes,12.0,31.0,30-39,8012 American Parkway,2138.0,NSW,Australia,11.0,33,5,2843.5099999999998,3,2,3,323,Potential Customer,5,Florry Folbige,5084.3
1654,Melli,Sperwell,Female,67,1989-03-05,Professor,IT,High Net Worth,Yes,9.0,29.0,20-29,461 Esker Court,3630.0,VIC,Australia,1.0,84,4,1179.6100000000001,2,1,1,211,Almost Lost Customer,9,Melli Sperwell,4021.4700000000003
1655,Prinz,Codman,Male,38,1983-02-15,Electrical Engineer,Manufacturing,Affluent Customer,Yes,13.0,35.0,30-39,22 Badeau Avenue,3161.0,VIC,Australia,11.0,16,3,1337.55,4,1,1,411,Recent Customer,4,Prinz Codman,3331.17
1656,Constantin,Rodrigues,Male,59,1977-07-22,Chief Design Engineer,Financial Services,Mass Customer,Yes,7.0,40.0,40-49,58 Kipling Avenue,4560.0,QLD,Australia,8.0,84,7,2455.5699999999997,2,3,2,232,Losing Customer,7,Constantin Rodrigues,8201.54
1657,Stanwood,Troillet,Male,11,1977-03-08,Computer Systems Analyst III,Financial Services,Mass Customer,No,5.0,41.0,40-49,4 Jay Court,2763.0,NSW,Australia,9.0,61,6,2779.96,2,2,2,222,High Risk Customer,8,Stanwood Troillet,5897.3099999999995
1658,Selina,Clow,Female,17,1993-12-05,Sales Representative,Retail,Mass Customer,Yes,5.0,24.0,20-29,17974 Kedzie Circle,2795.0,NSW,Australia,7.0,280,4,1469.9599999999998,1,1,1,111,Lost Customer,11,Selina Clow,3729.5499999999997
1659,Olva,Sheehy,Female,75,1989-11-14,Software Consultant,Property,High Net Worth,Yes,13.0,28.0,20-29,82598 Arkansas Hill,2088.0,NSW,Australia,12.0,80,7,3461.08,2,3,3,233,Losing Customer,7,Olva Sheehy,8004.33
1660,Justinian,Jekyll,Male,85,1980-03-16,Internal Auditor,Retail,Affluent Customer,No,15.0,38.0,30-39,208 Golden Leaf Pass,3195.0,VIC,Australia,10.0,76,6,2624.36,2,2,2,222,High Risk Customer,8,Justinian Jekyll,4480.62
1661,Meggy,Delgadillo,Female,21,1979-06-02,Administrative Assistant IV,Health,Affluent Customer,No,10.0,39.0,30-39,4 Pankratz Street,2101.0,NSW,Australia,11.0,218,6,5880.33,1,2,4,124,Almost Lost Customer,9,Meggy Delgadillo,8438.94
1662,Xenia,Willmett,Female,40,1956-04-01,Electrical Engineer,Manufacturing,High Net Worth,No,11.0,62.0,60-69,83 Graceland Avenue,3977.0,VIC,Australia,3.0,62,5,1718.1200000000003,2,2,1,221,High Risk Customer,8,Xenia Willmett,3125.38
1663,Analiese,Grimsditch,Female,68,1978-01-30,VP Quality Control,Property,High Net Worth,Yes,9.0,40.0,40-49,1041 Center Road,2155.0,NSW,Australia,10.0,13,6,2991.52,4,2,3,423,Becoming Loyal,3,Analiese Grimsditch,8093.37
1664,Karlis,Alner,Male,11,1975-12-30,Chemical Engineer,Manufacturing,Affluent Customer,Yes,9.0,42.0,40-49,9161 Macpherson Terrace,4680.0,QLD,Australia,2.0,42,7,3476.36,3,3,3,333,Potential Customer,5,Karlis Alner,8460.32
1665,Witty,Lauthian,Male,48,1977-11-18,Quality Engineer,Telecommunications,Mass Customer,No,11.0,40.0,40-49,816 Gale Pass,2261.0,NSW,Australia,7.0,68,8,3302.05,2,4,3,243,Losing Customer,7,Witty Lauthian,8205.05
1666,Launce,Lording,Male,73,1977-04-02,Recruiting Manager,Unknown,Mass Customer,No,14.0,41.0,40-49,17485 Tennyson Pass,2221.0,NSW,Australia,10.0,78,4,1518.8499999999995,2,1,1,211,Almost Lost Customer,9,Launce Lording,5256.49
1667,Jaime,Simonnin,Male,67,1955-02-18,Geological Engineer,Manufacturing,High Net Worth,No,18.0,63.0,60-69,9168 Thackeray Place,2026.0,NSW,Australia,12.0,76,7,5432.4,2,3,4,234,Losing Customer,7,Jaime Simonnin,9549.75
1668,Aurlie,Bolter,Female,75,1965-06-13,Financial Advisor,Financial Services,Mass Customer,No,8.0,53.0,50-59,4889 Tomscot Park,2093.0,NSW,Australia,11.0,4,6,2901.97,4,2,3,423,Becoming Loyal,3,Aurlie Bolter,6878.43
1669,Jabez,Glasspoole,Male,74,1978-03-18,VP Accounting,Financial Services,High Net Worth,Yes,21.0,40.0,40-49,709 Schmedeman Street,2155.0,NSW,Australia,11.0,59,6,3361.1000000000004,2,2,3,223,High Risk Customer,8,Jabez Glasspoole,6940.13
1670,Gisella,Ravens,Female,30,1978-08-12,Web Designer II,Retail,Mass Customer,No,19.0,39.0,30-39,59 Steensland Alley,2018.0,NSW,Australia,11.0,60,9,5073.96,2,4,4,244,Losing Customer,7,Gisella Ravens,8855.96
1671,Nerty,Renak,Female,69,1957-01-23,Account Executive,Property,Mass Customer,Yes,14.0,61.0,60-69,59643 Reindahl Plaza,3127.0,VIC,Australia,11.0,43,4,1221.85,3,1,1,311,Late Bloomer,6,Nerty Renak,3197.84
1672,Sharla,Creebo,Female,21,1963-04-27,Design Engineer,IT,Affluent Customer,Yes,9.0,55.0,50-59,29438 Swallow Crossing,2217.0,NSW,Australia,11.0,42,13,6123.29,3,4,4,344,Recent Customer,4,Sharla Creebo,14908.46
1673,Suzie,Dahle,Female,45,1978-11-09,Professor,Financial Services,Affluent Customer,Yes,21.0,39.0,30-39,1 Fallview Street,2155.0,NSW,Australia,10.0,133,3,748.69,1,1,1,111,Lost Customer,11,Suzie Dahle,1318.28
1674,Rahal,Woodman,Female,97,1977-10-26,Civil Engineer,Manufacturing,High Net Worth,No,20.0,40.0,40-49,54 Bowman Park,2031.0,NSW,Australia,10.0,48,5,160.73,2,2,1,221,High Risk Customer,8,Rahal Woodman,1043.7
1675,Luke,Wombwell,Male,76,1955-08-14,Engineer I,Manufacturing,Affluent Customer,Yes,14.0,62.0,60-69,7 Monterey Street,3068.0,VIC,Australia,12.0,101,4,3067.06,1,1,3,113,Evasive Customer,10,Luke Wombwell,4572.34
1676,Ozzy,Olerenshaw,Male,63,1975-03-31,Information Systems Manager,Health,Mass Customer,No,13.0,43.0,40-49,1 Morning Circle,2250.0,NSW,Australia,8.0,87,5,4291.110000000001,1,2,4,124,Almost Lost Customer,9,Ozzy Olerenshaw,6881.58
1677,Petrina,Pollins,Female,56,1958-05-28,Editor,Health,Affluent Customer,Yes,16.0,60.0,60-69,41 Vahlen Park,2230.0,NSW,Australia,12.0,98,8,2781.5599999999995,1,4,2,142,Almost Lost Customer,9,Petrina Pollins,8188.179999999999
1678,Dale,Hursey,Female,20,1977-10-07,Unknown,Financial Services,High Net Worth,Yes,13.0,40.0,40-49,9175 Ryan Street,2088.0,NSW,Australia,12.0,68,9,4732.32,2,4,4,244,Losing Customer,7,Dale Hursey,8841.869999999999
1679,Arabel,Kayser,Female,92,1975-11-03,Programmer II,Health,Mass Customer,Yes,13.0,42.0,40-49,2 Pankratz Place,2063.0,NSW,Australia,11.0,136,4,3026.5699999999997,1,1,3,113,Evasive Customer,10,Arabel Kayser,5682.89
1680,Loise,Austins,Female,5,1998-07-28,Desktop Support Technician,Property,Mass Customer,Yes,4.0,19.0,Under 20,018 Superior Plaza,2068.0,NSW,Australia,10.0,112,3,1931.4999999999998,1,1,2,112,Evasive Customer,10,Loise Austins,5001.21
1681,Rupert,Gilstoun,Male,78,1979-12-07,Unknown,Health,High Net Worth,Yes,6.0,38.0,30-39,9737 Vernon Junction,3152.0,VIC,Australia,9.0,18,5,2930.5499999999997,3,2,3,323,Potential Customer,5,Rupert Gilstoun,5956.62
1682,Gerladina,Cuddon,Female,93,1960-04-25,Structural Engineer,Manufacturing,Affluent Customer,Yes,6.0,58.0,50-59,290 Havey Crossing,3145.0,VIC,Australia,12.0,82,6,5354.43,2,2,4,224,Losing Customer,7,Gerladina Cuddon,10071.44
1683,Brenn,Bacon,Unknown,72,,Budget/Accounting Analyst I,IT,Mass Customer,Yes,,,,4709 Cardinal Hill,2028.0,NSW,Australia,12.0,82,9,5995.2,2,4,4,244,Losing Customer,7,Brenn Bacon,12412.95
1684,Janie,Stonehewer,Female,96,1979-07-10,Environmental Tech,Manufacturing,Mass Customer,No,6.0,38.0,30-39,087 Fallview Plaza,4209.0,QLD,Australia,5.0,16,6,1507.2999999999997,4,2,1,421,Becoming Loyal,3,Janie Stonehewer,4309.7
1685,Marya,Milington,Female,32,1972-03-16,Budget/Accounting Analyst III,IT,Mass Customer,No,8.0,46.0,40-49,116 Sullivan Avenue,3941.0,VIC,Australia,9.0,25,2,677.1800000000001,3,1,1,311,Late Bloomer,6,Marya Milington,1818.98
1686,Fremont,Trundle,Male,95,1980-07-06,Account Representative IV,Argiculture,Mass Customer,Yes,16.0,37.0,30-39,309 Oneill Way,2068.0,NSW,Australia,10.0,78,10,5672.85,2,4,4,244,Losing Customer,7,Fremont Trundle,10098.74
1687,Chance,Maben,Male,16,1991-05-09,Unknown,Manufacturing,Affluent Customer,Yes,8.0,27.0,20-29,86 Morningstar Junction,2031.0,NSW,Australia,12.0,10,4,2185.27,4,1,2,412,Recent Customer,4,Chance Maben,4032.17
1688,Charmaine,Suller,Female,80,1978-12-05,Systems Administrator II,Unknown,Mass Customer,No,15.0,39.0,30-39,72 Mosinee Court,3146.0,VIC,Australia,9.0,38,7,2421.65,3,3,2,332,Potential Customer,5,Charmaine Suller,8556.73
1689,Teodor,Larwell,Male,48,1995-06-18,Quality Control Specialist,Financial Services,Mass Customer,Yes,4.0,23.0,20-29,16 Saint Paul Street,4670.0,QLD,Australia,2.0,136,5,3334.2299999999996,1,2,3,123,Evasive Customer,10,Teodor Larwell,7091.33
1690,Torey,Kensall,Male,6,1988-12-19,Food Chemist,Health,Affluent Customer,Yes,16.0,29.0,20-29,8 Northridge Drive,2072.0,NSW,Australia,10.0,16,9,2570.54,4,4,2,442,Very Loyal,2,Torey Kensall,8042.110000000001
1691,Tomlin,,Male,50,1979-11-16,Account Coordinator,Unknown,High Net Worth,Yes,7.0,38.0,30-39,091 Hoard Street,2229.0,NSW,Australia,12.0,2,8,3832.92,4,4,3,443,Very Loyal,2,Tomlin,7630.41
1692,Harriette,De Matteis,Female,85,1967-04-07,Senior Quality Engineer,Health,Mass Customer,Yes,17.0,51.0,50-59,36445 Meadow Valley Road,3087.0,VIC,Australia,9.0,127,5,1363.77,1,2,1,121,Evasive Customer,10,Harriette De Matteis,3763.01
1693,Ring,Birchall,Male,79,1965-11-06,Accountant I,Health,Affluent Customer,No,4.0,52.0,50-59,419 2nd Center,4220.0,QLD,Australia,9.0,75,7,4956.610000000001,2,3,4,234,Losing Customer,7,Ring Birchall,8716.14
1694,Tonnie,McLinden,Male,11,1959-10-11,Unknown,IT,Mass Customer,Yes,19.0,58.0,50-59,41 Dwight Way,3585.0,VIC,Australia,1.0,19,7,4611.39,3,3,4,334,Potential Customer,5,Tonnie McLinden,7616.63
1695,Blanch,Leyshon,Female,11,1991-05-18,Environmental Specialist,Unknown,High Net Worth,Yes,4.0,27.0,20-29,1908 Brickson Park Trail,2112.0,NSW,Australia,8.0,37,5,3646.2999999999997,3,2,3,323,Potential Customer,5,Blanch Leyshon,7504.66
1696,Mose,Middler,Male,48,1991-06-07,Librarian,Entertainment,High Net Worth,No,2.0,27.0,20-29,367 Algoma Lane,2153.0,NSW,Australia,10.0,28,9,6524.7699999999995,3,4,4,344,Recent Customer,4,Mose Middler,12254.53
1697,Eddi,Mansbridge,Female,44,1969-03-29,Occupational Therapist,Health,Mass Customer,Yes,12.0,49.0,40-49,9037 Norway Maple Junction,2087.0,NSW,Australia,11.0,24,5,3042.48,3,2,3,323,Potential Customer,5,Eddi Mansbridge,6885.15
1698,Christabella,Eldredge,Female,58,1971-08-24,Unknown,Health,Affluent Customer,Yes,18.0,46.0,40-49,1301 Northwestern Place,2117.0,NSW,Australia,9.0,32,8,4965.679999999999,3,4,4,344,Recent Customer,4,Christabella Eldredge,9039.039999999999
1699,Poul,Dumphy,Male,33,1958-05-08,Nuclear Power Engineer,Manufacturing,Mass Customer,Yes,8.0,60.0,60-69,3205 Service Park,2158.0,NSW,Australia,10.0,81,8,3652.88,2,4,3,243,Losing Customer,7,Poul Dumphy,8291.65
1700,Rana,Streets,Female,28,1969-09-18,Electrical Engineer,Manufacturing,High Net Worth,Yes,14.0,48.0,40-49,906 Pawling Place,4352.0,QLD,Australia,6.0,44,7,1501.3499999999997,3,3,1,331,Potential Customer,5,Rana Streets,5028.5
1701,Hazlett,Goane,Male,11,1963-04-24,Unknown,Manufacturing,High Net Worth,No,17.0,55.0,50-59,53141 Merrick Street,2064.0,NSW,Australia,12.0,5,5,1420.68,4,2,1,421,Becoming Loyal,3,Hazlett Goane,3664.41
1702,Bryn,Whisby,Male,14,1956-04-03,Research Nurse,Health,Mass Customer,No,17.0,62.0,60-69,51 Hollow Ridge Terrace,2768.0,NSW,Australia,9.0,14,7,2185.44,4,3,2,432,Becoming Loyal,3,Bryn Whisby,5682.53
1703,Nerita,Keppie,Female,14,1991-04-01,Product Engineer,Telecommunications,Mass Customer,Yes,3.0,27.0,20-29,38233 Boyd Alley,3976.0,VIC,Australia,6.0,3,4,761.47,4,1,1,411,Recent Customer,4,Nerita Keppie,2468.19
1704,Tremain,Breadon,Male,96,1962-10-22,Analyst Programmer,IT,High Net Worth,No,12.0,55.0,50-59,21800 Duke Parkway,3219.0,VIC,Australia,3.0,119,2,1678.39,1,1,1,111,Lost Customer,11,Tremain Breadon,3009.57
1705,Nelle,Haworth,Female,1,1979-08-14,Research Associate,Financial Services,Mass Customer,Yes,9.0,38.0,30-39,3 Buena Vista Pass,4209.0,QLD,Australia,5.0,15,4,2109.79,4,1,2,412,Recent Customer,4,Nelle Haworth,5029.5
1706,Slade,Semark,Male,32,1961-08-19,Unknown,Financial Services,High Net Worth,Yes,10.0,56.0,50-59,11 Victoria Place,2036.0,NSW,Australia,11.0,2,8,4666.64,4,4,4,444,Platinum Customer,1,Slade Semark,9107.39
1707,Alfonso,Readett,Male,18,1994-01-02,Cost Accountant,Financial Services,High Net Worth,No,7.0,24.0,20-29,78 Colorado Park,4105.0,QLD,Australia,8.0,17,9,3463.54,4,4,3,443,Very Loyal,2,Alfonso Readett,6986.84
1708,Wenona,Mahaddie,Female,39,1988-12-30,Marketing Manager,Property,High Net Worth,No,20.0,29.0,20-29,39846 Springs Crossing,2154.0,NSW,Australia,10.0,258,4,2225.03,1,1,2,112,Evasive Customer,10,Wenona Mahaddie,6112.64
1709,Osgood,Seeborne,Male,36,1974-09-30,Food Chemist,Health,Affluent Customer,No,6.0,43.0,40-49,8 Talisman Avenue,2211.0,NSW,Australia,10.0,4,5,2059.0,4,2,2,422,Becoming Loyal,3,Osgood Seeborne,5390.71
1710,Matilde,MacKeeg,Female,49,1954-06-30,Health Coach IV,Health,High Net Worth,No,17.0,64.0,60-69,147 Waubesa Point,2094.0,NSW,Australia,12.0,80,4,1638.52,2,1,1,211,Almost Lost Customer,9,Matilde MacKeeg,4067.49
1711,Marie-jeanne,Mattson,Female,81,1993-09-26,Unknown,Manufacturing,High Net Worth,Yes,7.0,24.0,20-29,2 Dwight Point,4133.0,QLD,Australia,5.0,41,7,2769.4500000000003,3,3,2,332,Potential Customer,5,Marie-jeanne Mattson,6222.5599999999995
1712,Chad,,Female,63,1976-10-12,Dental Hygienist,Health,High Net Worth,Yes,7.0,41.0,40-49,62 Mallard Avenue,3437.0,VIC,Australia,7.0,286,2,781.41,1,1,1,111,Lost Customer,11,Chad,1953.53
1713,Jennica,Jeeks,Female,89,1988-11-08,Teacher,Retail,High Net Worth,Yes,21.0,29.0,20-29,9 Onsgard Court,3170.0,VIC,Australia,9.0,6,7,3889.18,4,3,3,433,Very Loyal,2,Jennica Jeeks,9031.89
1714,Esma,Rycroft,Female,80,1998-06-26,Senior Sales Associate,Property,High Net Worth,Yes,4.0,20.0,20-29,20415 Clyde Gallagher Parkway,2333.0,NSW,Australia,5.0,38,6,3372.129999999999,3,2,3,323,Potential Customer,5,Esma Rycroft,5717.15
1715,Cobb,Schrinel,Male,41,1988-06-01,Web Developer III,Entertainment,Mass Customer,Yes,12.0,30.0,30-39,32 Hagan Junction,2570.0,NSW,Australia,9.0,102,3,629.29,1,1,1,111,Lost Customer,11,Cobb Schrinel,2616.3199999999997
1716,Lou,Yellep,Female,42,1987-01-30,Senior Developer,Telecommunications,Affluent Customer,No,5.0,31.0,30-39,5 Spohn Alley,2121.0,NSW,Australia,11.0,134,2,1444.78,1,1,1,111,Lost Customer,11,Lou Yellep,2372.87
1717,Obadias,Gristwood,Male,96,1978-11-14,Civil Engineer,Manufacturing,Mass Customer,No,6.0,39.0,30-39,8 Scott Street,3205.0,VIC,Australia,8.0,46,4,1951.0700000000002,2,1,2,212,High Risk Customer,8,Obadias Gristwood,3349.03
1718,Eada,Coaster,Female,13,1994-04-19,Professor,Financial Services,High Net Worth,Yes,4.0,24.0,20-29,02862 Esker Crossing,2173.0,NSW,Australia,9.0,24,5,1539.11,3,2,1,321,Late Bloomer,6,Eada Coaster,4488.2
1719,Devy,Hannum,Male,71,1973-07-04,Media Manager IV,Financial Services,High Net Worth,No,18.0,44.0,40-49,03 Lillian Street,3071.0,VIC,Australia,8.0,19,5,2228.2999999999997,3,2,2,322,Late Bloomer,6,Devy Hannum,5061.53
1720,Matilda,Milton,Female,96,1986-10-06,Staff Accountant II,Financial Services,Mass Customer,Yes,13.0,31.0,30-39,644 Karstens Place,3040.0,VIC,Australia,11.0,23,5,3538.0499999999997,3,2,3,323,Potential Customer,5,Matilda Milton,5561.49
1721,Delcine,Hansod,Female,82,1980-10-22,Senior Quality Engineer,Financial Services,High Net Worth,No,14.0,37.0,30-39,0 Graedel Drive,4817.0,QLD,Australia,4.0,0,7,3766.35,4,3,3,433,Very Loyal,2,Delcine Hansod,8195.2
1722,Fritz,Geare,Male,52,1963-07-17,Cost Accountant,Financial Services,Mass Customer,No,4.0,54.0,50-59,86 Menomonie Plaza,2290.0,NSW,Australia,4.0,4,9,8086.750000000001,4,4,4,444,Platinum Customer,1,Fritz Geare,12696.87
1723,Atalanta,Stoeck,Female,90,1986-10-24,Geologist IV,Unknown,Mass Customer,Yes,7.0,31.0,30-39,7233 Lerdahl Lane,4212.0,QLD,Australia,7.0,17,5,2965.28,4,2,3,423,Becoming Loyal,3,Atalanta Stoeck,4943.21
1724,Davita,Pristnor,Female,28,1999-01-24,Assistant Media Planner,Entertainment,High Net Worth,Yes,4.0,19.0,Under 20,5676 Golf View Junction,2137.0,NSW,Australia,12.0,103,4,958.58,1,1,1,111,Lost Customer,11,Davita Pristnor,2074.23
1725,Corena,Postlewhite,Female,80,1979-07-19,Junior Executive,Manufacturing,High Net Worth,Yes,16.0,38.0,30-39,2 Mcguire Terrace,2323.0,NSW,Australia,7.0,60,7,5242.299999999999,2,3,4,234,Losing Customer,7,Corena Postlewhite,9995.56
1726,Mariette,Alexsandrev,Female,41,1973-08-06,Junior Executive,Financial Services,High Net Worth,No,11.0,44.0,40-49,773 Tomscot Plaza,2203.0,NSW,Australia,10.0,117,6,4503.360000000001,1,2,4,124,Almost Lost Customer,9,Mariette Alexsandrev,8687.62
1727,Everard,,Male,43,1978-05-10,Assistant Media Planner,Entertainment,High Net Worth,No,6.0,40.0,40-49,5 Fisk Way,2230.0,NSW,Australia,12.0,71,7,3036.05,2,3,3,233,Losing Customer,7,Everard,7397.04
1728,Pryce,Larner,Male,41,1977-05-04,Paralegal,Financial Services,Affluent Customer,No,22.0,41.0,40-49,0 Pierstorff Place,2770.0,NSW,Australia,8.0,45,7,3684.49,2,3,3,233,Losing Customer,7,Pryce Larner,9185.800000000001
1729,Alla,Kyles,Female,37,1987-11-16,Mechanical Systems Engineer,Argiculture,High Net Worth,No,7.0,30.0,30-39,25253 Straubel Trail,2153.0,NSW,Australia,10.0,58,7,3005.33,2,3,3,233,Losing Customer,7,Alla Kyles,5273.49
1730,Tildi,Kirkup,Female,29,1985-12-21,Senior Financial Analyst,Financial Services,Mass Customer,No,20.0,32.0,30-39,752 Nevada Circle,2089.0,NSW,Australia,10.0,20,3,418.0400000000001,3,1,1,311,Late Bloomer,6,Tildi Kirkup,3121.3
1731,Aigneis,MacKall,Female,26,1959-03-11,Health Coach III,Health,High Net Worth,Yes,19.0,59.0,50-59,0672 Mitchell Terrace,4161.0,QLD,Australia,5.0,43,11,3521.29,3,4,3,343,Potential Customer,5,Aigneis MacKall,8015.92
1732,Elihu,Cudworth,Male,95,1978-07-07,Desktop Support Technician,Argiculture,Mass Customer,Yes,10.0,39.0,30-39,78 Parkside Trail,3046.0,VIC,Australia,8.0,97,5,2263.3900000000003,1,2,2,122,Evasive Customer,10,Elihu Cudworth,4804.96
1733,Gothart,Coomer,Male,10,1986-05-26,Associate Professor,Financial Services,High Net Worth,No,20.0,32.0,30-39,7962 Dottie Park,2284.0,NSW,Australia,5.0,53,5,3170.4799999999996,2,2,3,223,High Risk Customer,8,Gothart Coomer,4933.33
1734,Adriana,Cullerne,Female,88,1977-10-10,Community Outreach Specialist,Retail,Mass Customer,Yes,11.0,40.0,40-49,0 Westport Center,4558.0,QLD,Australia,4.0,25,2,923.0,3,1,1,311,Late Bloomer,6,Adriana Cullerne,1998.5900000000001
1735,Sly,Offord,Male,7,1966-09-07,Occupational Therapist,Health,Mass Customer,No,8.0,51.0,50-59,63862 Dawn Park,4655.0,QLD,Australia,2.0,65,5,2560.9300000000003,2,2,2,222,High Risk Customer,8,Sly Offord,5022.08
1736,Garrek,Rowbotham,Male,83,1998-05-10,Associate Professor,IT,Affluent Customer,No,4.0,20.0,20-29,2538 Gateway Pass,4152.0,QLD,Australia,4.0,54,6,3759.2799999999997,2,2,3,223,High Risk Customer,8,Garrek Rowbotham,8725.86
1737,Benny,Jammet,Female,21,1976-09-06,Senior Developer,Property,Affluent Customer,Yes,13.0,41.0,40-49,33006 Petterle Trail,4121.0,QLD,Australia,8.0,45,3,3531.0899999999992,2,1,3,213,High Risk Customer,8,Benny Jammet,4477.58
1738,Frankie,Seydlitz,Male,39,1985-04-24,Engineer II,Argiculture,High Net Worth,Yes,14.0,33.0,30-39,0130 Loeprich Lane,3808.0,VIC,Australia,9.0,21,5,1841.07,3,2,2,322,Late Bloomer,6,Frankie Seydlitz,3395.26
1739,Burnaby,Stiffkins,Male,20,1954-10-06,Software Consultant,Entertainment,Mass Customer,No,7.0,63.0,60-69,0 Warner Road,2680.0,NSW,Australia,4.0,37,4,2395.71,3,1,2,312,Late Bloomer,6,Burnaby Stiffkins,4215.17
1740,Faythe,Janaszewski,Unknown,83,,Research Associate,IT,Mass Customer,Yes,,,,7 Ohio Court,3796.0,VIC,Australia,8.0,6,8,3770.36,4,4,3,443,Very Loyal,2,Faythe Janaszewski,9327.380000000001
1741,Karlens,Carneck,Male,18,1994-07-11,General Manager,Financial Services,High Net Worth,No,3.0,23.0,20-29,27 Evergreen Terrace,2261.0,NSW,Australia,9.0,64,4,2725.13,2,1,2,212,High Risk Customer,8,Karlens Carneck,5075.22
1742,Quintin,Dublin,Male,48,1958-08-17,Tax Accountant,Unknown,High Net Worth,No,13.0,59.0,50-59,17 Ohio Drive,4053.0,QLD,Australia,7.0,59,6,1942.36,2,2,2,222,High Risk Customer,8,Quintin Dublin,7168.48
1743,Pall,Creek,Male,80,1981-07-25,Director of Sales,Manufacturing,Affluent Customer,Yes,8.0,36.0,30-39,4912 Lukken Way,4570.0,QLD,Australia,3.0,86,7,4448.07,2,3,4,234,Losing Customer,7,Pall Creek,8615.73
1744,Phoebe,Kahen,Female,41,1972-01-21,Nurse Practicioner,Financial Services,High Net Worth,No,12.0,46.0,40-49,89 Cherokee Road,4211.0,QLD,Australia,8.0,109,3,539.2499999999999,1,1,1,111,Lost Customer,11,Phoebe Kahen,1889.09
1745,Leigha,Clawson,Female,37,1955-08-23,Chief Design Engineer,Financial Services,Mass Customer,Yes,6.0,62.0,60-69,4216 Annamark Pass,4300.0,QLD,Australia,4.0,5,12,3164.4700000000003,4,4,3,443,Very Loyal,2,Leigha Clawson,10025.74
1746,Kev,,Male,58,1962-01-05,Operator,IT,High Net Worth,No,6.0,56.0,50-59,6 Forest Dale Parkway,4017.0,QLD,Australia,4.0,105,6,3706.41,1,2,3,123,Evasive Customer,10,Kev,8448.21
1747,Obadiah,Fairall,Male,46,1987-03-14,Research Assistant II,Financial Services,Affluent Customer,No,14.0,31.0,30-39,1 Namekagon Parkway,4075.0,QLD,Australia,5.0,190,4,995.38,1,1,1,111,Lost Customer,11,Obadiah Fairall,2839.33
1748,Skell,Oxenden,Male,83,1956-06-07,Recruiter,Manufacturing,Mass Customer,Yes,10.0,62.0,60-69,09810 Dayton Hill,4035.0,QLD,Australia,8.0,2,10,4973.95,4,4,4,444,Platinum Customer,1,Skell Oxenden,11012.26
1749,Debbi,Petschelt,Female,66,1980-10-22,Unknown,Telecommunications,High Net Worth,No,4.0,37.0,30-39,85 Magdeline Crossing,3149.0,VIC,Australia,9.0,81,3,1820.71,2,1,1,211,Almost Lost Customer,9,Debbi Petschelt,3909.98
1750,Filbert,Evreux,Male,14,1959-05-13,Internal Auditor,Entertainment,Mass Customer,Yes,16.0,59.0,50-59,7 Laurel Avenue,2125.0,NSW,Australia,12.0,55,6,5227.9800000000005,2,2,4,224,Losing Customer,7,Filbert Evreux,7768.64
1751,Sara-ann,Haddick,Female,49,1969-03-23,Unknown,Health,Mass Customer,No,4.0,49.0,40-49,441 Old Shore Circle,2131.0,NSW,Australia,11.0,12,4,1714.84,4,1,1,411,Recent Customer,4,Sara-ann Haddick,3904.5699999999997
1752,Diane,Busk,Female,92,1977-01-27,Systems Administrator II,Unknown,Mass Customer,No,17.0,41.0,40-49,5 Huxley Point,2154.0,NSW,Australia,10.0,28,7,3240.1999999999994,3,3,3,333,Potential Customer,5,Diane Busk,5387.53
1753,Kerry,Ford,Female,6,1997-10-12,VP Product Management,Health,High Net Worth,Yes,1.0,20.0,20-29,3483 Burrows Hill,2137.0,NSW,Australia,11.0,27,4,2093.21,3,1,2,312,Late Bloomer,6,Kerry Ford,4242.64
1754,Zonnya,Tolland,Female,24,1965-11-27,Unknown,Retail,Mass Customer,Yes,15.0,52.0,50-59,84707 Harper Circle,3114.0,VIC,Australia,10.0,142,5,3519.51,1,2,3,123,Evasive Customer,10,Zonnya Tolland,6904.57
1755,Dagmar,Panyer,Female,38,1986-08-23,Tax Accountant,Property,Mass Customer,No,20.0,31.0,30-39,78 Jackson Point,2047.0,NSW,Australia,11.0,48,6,3451.34,2,2,3,223,High Risk Customer,8,Dagmar Panyer,6597.55
1756,Daron,,Female,92,1976-12-17,Junior Executive,Unknown,High Net Worth,No,7.0,41.0,40-49,8 Armistice Circle,3977.0,VIC,Australia,6.0,62,3,2046.4,2,1,2,212,High Risk Customer,8,Daron,2636.84
1757,Hashim,Hartwell,Male,68,1966-03-03,Unknown,IT,High Net Worth,No,7.0,52.0,50-59,73425 Mitchell Court,4304.0,QLD,Australia,3.0,229,1,827.1599999999999,1,1,1,111,Lost Customer,11,Hashim Hartwell,1228.07
1758,Helli,Cooksley,Female,16,1971-10-28,Administrative Assistant I,Argiculture,Mass Customer,Yes,6.0,46.0,40-49,4 5th Circle,2800.0,NSW,Australia,2.0,2,7,1764.85,4,3,1,431,Becoming Loyal,3,Helli Cooksley,4887.03
1759,Quillan,Shortland,Male,52,1969-06-02,Biostatistician IV,Financial Services,High Net Worth,No,15.0,49.0,40-49,096 Anniversary Point,2030.0,NSW,Australia,12.0,18,6,2828.17,3,2,2,322,Late Bloomer,6,Quillan Shortland,5494.57
1760,Kelsy,Barrowcliff,Female,68,1966-04-27,Dental Hygienist,Health,High Net Worth,No,15.0,52.0,50-59,7714 Heffernan Circle,3130.0,VIC,Australia,8.0,12,7,3666.9399999999996,4,3,3,433,Very Loyal,2,Kelsy Barrowcliff,8150.56
1761,Kassi,List,Female,96,1974-08-29,Legal Assistant,Manufacturing,Mass Customer,Yes,14.0,43.0,40-49,2 Portage Avenue,2170.0,NSW,Australia,9.0,18,5,3258.9500000000003,3,2,3,323,Potential Customer,5,Kassi List,5743.1
1762,Gaye,Steutly,Female,49,1978-04-30,Research Assistant II,Health,Mass Customer,Yes,18.0,40.0,40-49,636 Debs Circle,3039.0,VIC,Australia,9.0,21,11,5296.3099999999995,3,4,4,344,Recent Customer,4,Gaye Steutly,11211.63
1763,Suzie,Ornillos,Female,96,1994-10-30,Automation Specialist I,Manufacturing,Affluent Customer,Yes,7.0,23.0,20-29,08731 Coleman Lane,3352.0,VIC,Australia,6.0,9,7,3434.3799999999997,4,3,3,433,Very Loyal,2,Suzie Ornillos,7841.49
1764,Zaria,Van der Krui,Female,36,1960-06-21,Desktop Support Technician,Unknown,Mass Customer,Yes,10.0,58.0,50-59,12860 Warner Court,3129.0,VIC,Australia,8.0,2,4,1154.06,4,1,1,411,Recent Customer,4,Zaria Van der Krui,3350.1400000000003
1765,Sibella,O' Mara,Female,48,1967-02-13,Senior Quality Engineer,Unknown,High Net Worth,No,10.0,51.0,50-59,10 Cambridge Street,4567.0,QLD,Australia,7.0,46,6,4439.4800000000005,2,2,4,224,Losing Customer,7,Sibella O' Mara,8083.150000000001
1766,Maye,O'Moylane,Female,53,1985-10-20,Senior Quality Engineer,Unknown,Affluent Customer,No,21.0,32.0,30-39,8943 Knutson Point,4154.0,QLD,Australia,9.0,178,5,1829.25,1,2,2,122,Evasive Customer,10,Maye O'Moylane,3464.7
1767,Cicely,Millier,Female,28,1959-03-10,Software Engineer IV,Manufacturing,Affluent Customer,Yes,19.0,59.0,50-59,3 Nevada Road,4215.0,QLD,Australia,3.0,4,5,3152.29,4,2,3,423,Becoming Loyal,3,Cicely Millier,5973.14
1768,Normand,Ganderton,Male,36,1974-02-09,Programmer I,Manufacturing,High Net Worth,No,13.0,44.0,40-49,01 Havey Drive,2099.0,NSW,Australia,12.0,92,2,1821.07,1,1,1,111,Lost Customer,11,Normand Ganderton,2428.24
1769,Sheridan,Shaves,Male,13,1960-11-26,Unknown,Unknown,Mass Customer,Yes,5.0,57.0,50-59,466 Westport Drive,2263.0,NSW,Australia,7.0,36,6,2744.36,3,2,2,322,Late Bloomer,6,Sheridan Shaves,5115.5
1770,Chrysler,Vasile,Female,63,1995-04-10,Junior Executive,Unknown,Mass Customer,Yes,7.0,23.0,20-29,40985 Cherokee Junction,2155.0,NSW,Australia,10.0,13,7,4366.04,4,3,4,434,Very Loyal,2,Chrysler Vasile,8228.41
1771,Zarah,Santello,Female,1,1974-11-01,Geological Engineer,Manufacturing,Mass Customer,Yes,14.0,43.0,40-49,410 Hoepker Pass,4123.0,QLD,Australia,5.0,39,5,1932.58,3,2,2,322,Late Bloomer,6,Zarah Santello,5464.37
1772,Michael,Foulis,Male,98,1984-07-07,Financial Analyst,Financial Services,High Net Worth,Yes,14.0,33.0,30-39,6 Reinke Street,2768.0,NSW,Australia,10.0,168,4,1648.05,1,1,1,111,Lost Customer,11,Michael Foulis,4467.889999999999
1773,Nickolas,Guittet,Unknown,82,,Unknown,IT,Mass Customer,Yes,,,,9097 Superior Drive,2114.0,NSW,Australia,8.0,8,11,5397.56,4,4,4,444,Platinum Customer,1,Nickolas Guittet,13096.0
1774,Vidovik,Astall,Male,48,1978-11-01,Compensation Analyst,Financial Services,Mass Customer,Yes,18.0,39.0,30-39,6 Hansons Park,2145.0,NSW,Australia,7.0,97,4,1168.78,1,1,1,111,Lost Customer,11,Vidovik Astall,3792.41
1775,Kimberly,Dishmon,Female,73,1995-10-01,Actuary,Financial Services,Affluent Customer,No,3.0,22.0,20-29,5394 Dryden Terrace,3149.0,VIC,Australia,11.0,52,5,2480.2999999999997,2,2,2,222,High Risk Customer,8,Kimberly Dishmon,4881.53
1776,Korey,Gate,Male,77,1978-08-26,Accountant I,Financial Services,Affluent Customer,No,10.0,39.0,30-39,56 Bultman Parkway,4721.0,QLD,Australia,1.0,34,7,3510.7400000000002,3,3,3,333,Potential Customer,5,Korey Gate,7458.65
1777,Lucinda,Jerok,Female,47,1994-05-02,Sales Representative,Retail,Affluent Customer,No,1.0,24.0,20-29,835 West Hill,2118.0,NSW,Australia,11.0,70,7,2651.76,2,3,2,232,Losing Customer,7,Lucinda Jerok,7648.4400000000005
1778,Emera,Margrem,Female,72,2000-07-30,Staff Accountant III,Unknown,Mass Customer,Yes,2.0,17.0,Under 20,8 Vermont Pass,3930.0,VIC,Australia,9.0,312,2,2040.87,1,1,2,112,Evasive Customer,10,Emera Margrem,3040.4
1779,Krishnah,Firmage,Male,55,1996-11-19,Information Systems Manager,Argiculture,Affluent Customer,No,5.0,21.0,20-29,6238 Hanover Crossing,3141.0,VIC,Australia,7.0,129,6,5042.0,1,2,4,124,Almost Lost Customer,9,Krishnah Firmage,8886.92
1780,Maude,Tixier,Unknown,52,,Research Associate,IT,Mass Customer,No,,,,2 Thierer Plaza,3976.0,VIC,Australia,3.0,38,4,1641.05,3,1,1,311,Late Bloomer,6,Maude Tixier,4117.57
1781,Sammie,Uglow,Male,63,1965-07-26,Data Coordiator,Unknown,Affluent Customer,No,17.0,52.0,50-59,71776 Express Avenue,2749.0,NSW,Australia,8.0,9,4,1589.8599999999997,4,1,1,411,Recent Customer,4,Sammie Uglow,3282.18
1782,Ewen,Emes,Male,47,1966-12-22,Pharmacist,Health,Affluent Customer,Yes,9.0,51.0,50-59,162 Golf View Hill,2011.0,NSW,Australia,6.0,81,5,3162.6400000000003,2,2,3,223,High Risk Customer,8,Ewen Emes,7342.2
1783,Brett,McCalister,Male,55,1995-07-30,Unknown,Retail,Mass Customer,Yes,7.0,22.0,20-29,7389 Union Place,2745.0,NSW,Australia,8.0,49,12,6331.35,2,4,4,244,Losing Customer,7,Brett McCalister,11248.25
1784,Louella,O' Timony,Female,37,1994-10-15,GIS Technical Architect,Manufacturing,Mass Customer,Yes,6.0,23.0,20-29,07 Miller Pass,2017.0,NSW,Australia,9.0,71,4,1239.2799999999997,2,1,1,211,Almost Lost Customer,9,Louella O' Timony,4486.610000000001
1785,Marty,Whatford,Male,23,1960-12-10,Clinical Specialist,Health,Mass Customer,No,19.0,57.0,50-59,30 Delladonna Plaza,3046.0,VIC,Australia,8.0,34,6,2827.73,3,2,2,322,Late Bloomer,6,Marty Whatford,5294.27
1786,Lonee,Gorce,Female,70,1962-03-20,Administrative Assistant III,Argiculture,High Net Worth,Yes,11.0,56.0,50-59,7395 Blackbird Lane,2134.0,NSW,Australia,9.0,174,2,963.6199999999999,1,1,1,111,Lost Customer,11,Lonee Gorce,1570.1
1787,Tull,Godehard.sf,Male,2,1976-11-21,Executive Secretary,Retail,High Net Worth,Yes,13.0,41.0,40-49,79427 Hudson Trail,3677.0,VIC,Australia,1.0,0,6,4865.49,4,2,4,424,Becoming Loyal,3,Tull Godehard.sf,7519.39
1788,Anna-diana,Kurten,Female,79,1964-08-10,Account Representative IV,Financial Services,High Net Worth,Yes,10.0,53.0,50-59,67 Hooker Place,2380.0,NSW,Australia,5.0,29,9,4979.39,3,4,4,344,Recent Customer,4,Anna-diana Kurten,10584.15
1789,Talya,Darycott,Female,44,1986-08-29,Analog Circuit Design manager,Property,Mass Customer,No,9.0,31.0,30-39,0380 Chinook Avenue,2047.0,NSW,Australia,12.0,60,3,2066.6600000000003,2,1,2,212,High Risk Customer,8,Talya Darycott,3728.3
1790,Vite,Molyneux,Male,90,1993-09-25,Budget/Accounting Analyst IV,Health,Affluent Customer,No,1.0,24.0,20-29,4092 Brentwood Trail,2147.0,NSW,Australia,10.0,32,5,2258.68,3,2,2,322,Late Bloomer,6,Vite Molyneux,4313.98
1791,Ninon,Van Der Hoog,Female,20,1974-12-25,Data Coordiator,IT,Affluent Customer,Yes,19.0,43.0,40-49,613 Mayfield Trail,4012.0,QLD,Australia,6.0,117,6,2595.16,1,2,2,122,Evasive Customer,10,Ninon Van Der Hoog,7479.16
1792,Dunstan,Kegley,Male,1,1988-04-07,Unknown,Financial Services,Mass Customer,No,15.0,30.0,30-39,2 Spohn Court,2750.0,NSW,Australia,9.0,6,9,4887.290000000001,4,4,4,444,Platinum Customer,1,Dunstan Kegley,8862.25
1793,Hewett,Handes,Male,19,1989-06-14,Actuary,Financial Services,Mass Customer,Yes,2.0,29.0,20-29,05239 Springs Circle,3030.0,VIC,Australia,7.0,60,6,4960.360000000001,2,2,4,224,Losing Customer,7,Hewett Handes,7572.360000000001
1794,Caro,McKirton,Female,53,1969-03-10,Administrative Officer,Property,Mass Customer,No,8.0,49.0,40-49,59 Old Gate Drive,4878.0,QLD,Australia,5.0,1,5,1788.9299999999998,4,2,1,421,Becoming Loyal,3,Caro McKirton,3869.44
1795,Wally,Rebbeck,Male,40,1977-09-21,Internal Auditor,Manufacturing,Affluent Customer,No,7.0,40.0,40-49,31186 Hoard Junction,2015.0,NSW,Australia,12.0,3,6,2882.84,4,2,3,423,Becoming Loyal,3,Wally Rebbeck,6133.57
1796,Cayla,Marcus,Female,79,1969-11-28,Desktop Support Technician,Manufacturing,High Net Worth,Yes,8.0,48.0,40-49,2 Crest Line Crossing,2072.0,NSW,Australia,9.0,122,2,221.12,1,1,1,111,Lost Customer,11,Cayla Marcus,471.26
1797,Basile,Le Floch,Male,49,1974-05-16,Assistant Professor,Unknown,Mass Customer,No,8.0,44.0,40-49,18083 Mallard Drive,3075.0,VIC,Australia,7.0,54,11,6539.78,2,4,4,244,Losing Customer,7,Basile Le Floch,10502.99
1798,Eunice,Risom,Female,46,2000-10-11,Electrical Engineer,Manufacturing,High Net Worth,Yes,1.0,17.0,Under 20,93 Lakeland Court,3810.0,VIC,Australia,6.0,13,7,2934.7599999999998,4,3,3,433,Very Loyal,2,Eunice Risom,6605.389999999999
1799,Tito,Brash,Male,81,1977-12-23,Unknown,Unknown,Affluent Customer,No,17.0,40.0,40-49,023 Thackeray Lane,2070.0,NSW,Australia,12.0,52,4,2073.85,2,1,2,212,High Risk Customer,8,Tito Brash,4409.38
1800,Dianemarie,Hatherall,Female,30,1955-09-23,Executive Secretary,Argiculture,High Net Worth,No,11.0,62.0,60-69,79737 Hollow Ridge Trail,2199.0,NSW,Australia,9.0,171,4,3242.61,1,1,3,113,Evasive Customer,10,Dianemarie Hatherall,5571.58
1801,Bendix,Olivella,Male,48,1976-12-23,Legal Assistant,Manufacturing,Affluent Customer,No,21.0,41.0,40-49,95465 Union Plaza,4055.0,QLD,Australia,7.0,65,8,4098.59,2,4,3,243,Losing Customer,7,Bendix Olivella,9112.94
1802,Lizzie,Duke,Female,3,1973-04-11,Nuclear Power Engineer,Manufacturing,Mass Customer,No,7.0,45.0,40-49,66238 Old Gate Circle,4157.0,QLD,Australia,9.0,13,8,5035.8,4,4,4,444,Platinum Customer,1,Lizzie Duke,10435.94
1803,Clarinda,Edlyn,Female,75,1988-01-13,Unknown,Unknown,Mass Customer,No,6.0,30.0,30-39,3 Delladonna Street,4799.0,QLD,Australia,3.0,115,7,3130.6399999999994,1,3,3,133,Almost Lost Customer,9,Clarinda Edlyn,7116.29
1804,Matelda,Kordas,Female,91,1963-03-28,Product Engineer,Property,Affluent Customer,No,4.0,55.0,50-59,3 Mallard Center,2251.0,NSW,Australia,8.0,31,3,2156.17,3,1,2,312,Late Bloomer,6,Matelda Kordas,4740.04
1805,Venus,Sketch,Female,90,1976-10-15,Budget/Accounting Analyst II,Financial Services,Mass Customer,No,12.0,41.0,40-49,31 Eastwood Circle,2460.0,NSW,Australia,3.0,90,4,634.6500000000001,1,1,1,111,Lost Customer,11,Venus Sketch,2108.15
1806,Gil,De Gregorio,Unknown,95,,Software Test Engineer IV,IT,Mass Customer,No,,,,507 Onsgard Place,4701.0,QLD,Australia,1.0,37,8,4810.5,3,4,4,344,Recent Customer,4,Gil De Gregorio,8723.79
1807,Pollyanna,Serjeantson,Female,45,1955-03-15,Help Desk Operator,Unknown,High Net Worth,Yes,16.0,63.0,60-69,69555 Dakota Alley,4211.0,QLD,Australia,5.0,60,6,2514.96,2,2,2,222,High Risk Customer,8,Pollyanna Serjeantson,6829.25
1808,Charles,Carren,Male,98,1965-12-15,Information Systems Manager,Retail,High Net Worth,No,17.0,52.0,50-59,21969 Lawn Court,2095.0,NSW,Australia,9.0,76,7,7965.279999999999,2,3,4,234,Losing Customer,7,Charles Carren,10837.15
1809,Reba,Southon,Female,67,1961-01-26,Programmer II,Health,Mass Customer,Yes,19.0,57.0,50-59,7 Erie Court,2263.0,NSW,Australia,7.0,27,6,3918.15,3,2,3,323,Potential Customer,5,Reba Southon,10150.57
1810,Royall,Terris,Male,98,1959-05-06,Geological Engineer,Manufacturing,High Net Worth,No,16.0,59.0,50-59,0724 Oxford Crossing,2146.0,NSW,Australia,9.0,6,2,168.45,4,1,1,411,Recent Customer,4,Royall Terris,458.74
1811,Sylvan,Sugge,Male,59,1999-10-13,Unknown,Financial Services,Mass Customer,No,1.0,18.0,Under 20,1 Monterey Terrace,2011.0,NSW,Australia,12.0,32,8,6493.8,3,4,4,344,Recent Customer,4,Sylvan Sugge,10112.53
1812,Daffi,Sewley,Female,20,1959-07-11,Clinical Specialist,Health,Affluent Customer,No,14.0,58.0,50-59,75 Duke Plaza,2147.0,NSW,Australia,9.0,22,10,4084.2799999999997,3,4,3,343,Potential Customer,5,Daffi Sewley,10631.380000000001
1813,Reeva,Eakeley,Female,45,2001-05-19,Technical Writer,Manufacturing,Mass Customer,No,1.0,17.0,Under 20,156 Lakeland Way,4035.0,QLD,Australia,9.0,18,6,2137.45,3,2,2,322,Late Bloomer,6,Reeva Eakeley,6307.18
1814,Shawn,Platfoot,Female,33,1988-08-18,Web Designer IV,Retail,Affluent Customer,No,17.0,29.0,20-29,91 Mosinee Point,2166.0,NSW,Australia,5.0,51,6,2459.7299999999996,2,2,2,222,High Risk Customer,8,Shawn Platfoot,4848.03
1815,Bab,Bingall,Female,23,1954-03-26,Software Test Engineer I,Argiculture,Mass Customer,Yes,19.0,64.0,60-69,1508 Hooker Avenue,2000.0,NSW,Australia,8.0,11,5,1964.08,4,2,2,422,Becoming Loyal,3,Bab Bingall,4235.58
1816,Lonni,Andrichak,Female,68,1977-02-25,Unknown,Argiculture,Mass Customer,No,18.0,41.0,40-49,3202 Ridge Oak Alley,4121.0,QLD,Australia,9.0,80,4,2769.26,2,1,2,212,High Risk Customer,8,Lonni Andrichak,3471.65
1817,Jozef,Frizzell,Male,32,1975-03-13,Graphic Designer,Unknown,High Net Worth,No,19.0,43.0,40-49,5510 Pepper Wood Street,3429.0,VIC,Australia,6.0,31,11,4244.099999999999,3,4,4,344,Recent Customer,4,Jozef Frizzell,10054.07
1818,Katha,Lockhurst,Female,64,1967-04-01,Assistant Media Planner,Entertainment,Mass Customer,Yes,11.0,51.0,50-59,42952 Fairfield Center,3012.0,VIC,Australia,8.0,24,7,4516.55,3,3,4,334,Potential Customer,5,Katha Lockhurst,8942.78
1819,Deedee,Fransinelli,Female,26,1994-11-23,Graphic Designer,Entertainment,Mass Customer,Yes,8.0,23.0,20-29,1 Garrison Street,3103.0,VIC,Australia,12.0,252,2,763.9000000000001,1,1,1,111,Lost Customer,11,Deedee Fransinelli,2884.59
1820,Yard,Teeney,Male,12,1996-04-02,Software Engineer II,IT,Affluent Customer,No,5.0,22.0,20-29,013 Armistice Street,2769.0,NSW,Australia,10.0,35,9,4883.79,3,4,4,344,Recent Customer,4,Yard Teeney,8429.29
1821,Fields,Bayne,Male,89,1972-03-09,Web Developer IV,Entertainment,High Net Worth,Yes,15.0,46.0,40-49,3201 Canary Center,2540.0,NSW,Australia,9.0,24,12,7335.889999999999,3,4,4,344,Recent Customer,4,Fields Bayne,14387.59
1822,Trudie,Capper,Female,67,1962-09-18,Unknown,Financial Services,Mass Customer,No,9.0,55.0,50-59,4365 Basil Junction,2539.0,NSW,Australia,7.0,2,5,848.7399999999999,4,2,1,421,Becoming Loyal,3,Trudie Capper,3009.41
1823,Trude,Rizzardo,Female,29,1974-05-24,VP Quality Control,Unknown,High Net Worth,No,10.0,44.0,40-49,1164 Toban Road,3806.0,VIC,Australia,5.0,161,6,2266.6599999999994,1,2,2,122,Evasive Customer,10,Trude Rizzardo,6635.66
1824,Robbie,Yakubovics,Female,12,1959-10-12,Safety Technician III,Manufacturing,Affluent Customer,Yes,5.0,58.0,50-59,2364 Dovetail Way,3048.0,VIC,Australia,6.0,12,7,3263.7000000000003,4,3,3,433,Very Loyal,2,Robbie Yakubovics,7059.410000000001
1825,Arv,Whitsey,Male,82,1967-02-14,VP Quality Control,Financial Services,Mass Customer,Yes,17.0,51.0,50-59,738 Sloan Place,3212.0,VIC,Australia,5.0,40,6,4977.7699999999995,3,2,4,324,Potential Customer,5,Arv Whitsey,6976.92
1826,Jareb,Langcaster,Male,33,1961-01-10,Chemical Engineer,Manufacturing,High Net Worth,Yes,7.0,57.0,50-59,318 Jenifer Alley,2119.0,NSW,Australia,11.0,40,7,3405.7799999999997,3,3,3,333,Potential Customer,5,Jareb Langcaster,6983.06
1827,Stormie,Smyth,Female,92,1978-01-15,Sales Representative,Retail,Affluent Customer,Yes,18.0,40.0,40-49,6395 Anthes Hill,4504.0,QLD,Australia,4.0,38,5,3619.13,3,2,3,323,Potential Customer,5,Stormie Smyth,6400.31
1828,Leigha,Bacchus,Female,65,1987-12-02,Junior Executive,Manufacturing,Affluent Customer,No,14.0,30.0,30-39,36516 Forster Lane,4034.0,QLD,Australia,7.0,150,3,757.25,1,1,1,111,Lost Customer,11,Leigha Bacchus,2146.84
1829,Darcy,Jaslem,Male,82,1980-10-29,Editor,Unknown,Mass Customer,No,14.0,37.0,30-39,107 Garrison Plaza,2200.0,NSW,Australia,10.0,3,3,1805.9199999999998,4,1,1,411,Recent Customer,4,Darcy Jaslem,2868.37
1830,Nathan,Antognazzi,Male,98,1985-04-30,Software Consultant,Manufacturing,High Net Worth,No,12.0,33.0,30-39,717 Oakridge Way,2117.0,NSW,Australia,8.0,13,8,4578.9,4,4,4,444,Platinum Customer,1,Nathan Antognazzi,8772.89
1831,Lisle,Yokel,Male,58,1977-11-13,Social Worker,Health,Mass Customer,No,15.0,40.0,40-49,16405 Doe Crossing Parkway,3630.0,VIC,Australia,3.0,165,8,2147.2999999999997,1,4,2,142,Almost Lost Customer,9,Lisle Yokel,6774.88
1832,Elicia,Normanvill,Female,53,1964-11-05,Programmer Analyst III,Manufacturing,Mass Customer,Yes,12.0,53.0,50-59,16 Monument Place,4701.0,QLD,Australia,3.0,84,8,5739.57,2,4,4,244,Losing Customer,7,Elicia Normanvill,9260.84
1833,Klemens,Eite,Male,67,1967-03-15,Actuary,Financial Services,High Net Worth,Yes,19.0,51.0,50-59,99841 Talisman Street,4224.0,QLD,Australia,3.0,10,5,2441.3699999999994,4,2,2,422,Becoming Loyal,3,Klemens Eite,4197.33
1834,Otes,Gottelier,Male,84,1977-06-30,Director of Sales,Financial Services,High Net Worth,Yes,11.0,41.0,40-49,21 Duke Hill,4344.0,QLD,Australia,4.0,126,4,4434.93,1,1,4,114,Evasive Customer,10,Otes Gottelier,6290.79
1835,Rodrigo,Felce,Male,48,1993-06-30,Financial Advisor,Financial Services,Affluent Customer,Yes,1.0,25.0,20-29,891 Anderson Parkway,2009.0,NSW,Australia,10.0,25,6,1039.0299999999997,3,2,1,321,Late Bloomer,6,Rodrigo Felce,5273.87
1836,Rochella,Harce,Female,54,1955-06-05,Research Nurse,Health,Mass Customer,Yes,13.0,63.0,60-69,9446 Holmberg Court,2133.0,NSW,Australia,11.0,166,2,1219.8600000000001,1,1,1,111,Lost Customer,11,Rochella Harce,2832.71
1837,Tirrell,Cosgreave,Male,9,1973-12-29,Account Coordinator,Manufacturing,Mass Customer,Yes,19.0,44.0,40-49,46512 Cambridge Avenue,2759.0,NSW,Australia,8.0,35,7,4515.25,3,3,4,334,Potential Customer,5,Tirrell Cosgreave,9763.42
1838,Jobina,Dudenie,Female,14,1964-11-25,Business Systems Development Analyst,Financial Services,Affluent Customer,Yes,12.0,53.0,50-59,54250 Welch Pass,3145.0,VIC,Australia,11.0,49,5,4691.45,2,2,4,224,Losing Customer,7,Jobina Dudenie,7121.110000000001
1839,Faythe,Rance,Female,60,1987-05-08,Internal Auditor,Entertainment,High Net Worth,Yes,5.0,31.0,30-39,734 South Court,4152.0,QLD,Australia,8.0,49,7,2784.0,2,3,2,232,Losing Customer,7,Faythe Rance,5930.82
1840,Sherman,Gullen,Male,22,1977-11-04,Staff Scientist,Argiculture,High Net Worth,Yes,20.0,40.0,40-49,769 Banding Avenue,2151.0,NSW,Australia,10.0,98,7,2259.16,1,3,2,132,Almost Lost Customer,9,Sherman Gullen,6929.780000000001
1841,Nathanial,D'Ambrogi,Male,63,1995-10-22,Administrative Assistant III,Argiculture,Affluent Customer,No,2.0,22.0,20-29,2590 Northport Hill,2070.0,NSW,Australia,11.0,36,4,1677.0800000000002,3,1,1,311,Late Bloomer,6,Nathanial D'Ambrogi,5805.54
1842,Ephrayim,Beville,Male,89,1977-02-27,Accountant IV,Financial Services,Mass Customer,No,8.0,41.0,40-49,9649 Cascade Way,2250.0,NSW,Australia,8.0,211,5,3055.85,1,2,3,123,Evasive Customer,10,Ephrayim Beville,6542.54
1843,Kennett,Attack,Male,96,1984-09-08,Recruiting Manager,Unknown,Mass Customer,Yes,4.0,33.0,30-39,69 Valley Edge Lane,3144.0,VIC,Australia,8.0,112,4,2132.3,1,1,2,112,Evasive Customer,10,Kennett Attack,5065.64
1844,Amaleta,Slafford,Female,71,1975-10-21,Product Engineer,Unknown,Mass Customer,No,12.0,42.0,40-49,327 Monument Street,3201.0,VIC,Australia,4.0,41,6,3348.3100000000004,3,2,3,323,Potential Customer,5,Amaleta Slafford,7356.040000000001
1845,Pascal,Veronique,Male,34,1978-01-16,General Manager,Financial Services,Mass Customer,No,6.0,40.0,40-49,4 Sunnyside Crossing,2125.0,NSW,Australia,12.0,21,7,4572.889999999999,3,3,4,334,Potential Customer,5,Pascal Veronique,9342.199999999999
1846,Lorette,Daspar,Female,4,1978-12-18,Senior Editor,Manufacturing,Affluent Customer,No,7.0,39.0,30-39,8 Hoffman Alley,3181.0,VIC,Australia,10.0,333,1,356.5,1,1,1,111,Lost Customer,11,Lorette Daspar,441.49
1847,Bobinette,Stanaway,Female,68,1978-02-04,Executive Secretary,Manufacturing,Mass Customer,No,6.0,40.0,40-49,894 Duke Crossing,2665.0,NSW,Australia,1.0,32,3,1919.8300000000002,3,1,2,312,Late Bloomer,6,Bobinette Stanaway,3921.92
1848,Dev,Caghan,Male,22,1976-11-25,Information Systems Manager,Manufacturing,Mass Customer,No,9.0,41.0,40-49,01714 Claremont Center,2474.0,NSW,Australia,3.0,42,6,4456.949999999999,3,2,4,324,Potential Customer,5,Dev Caghan,8432.48
1849,Jess,Bollans,Male,6,1958-07-01,Unknown,Retail,Mass Customer,Yes,5.0,60.0,60-69,6809 Maple Park,3023.0,VIC,Australia,8.0,136,6,4077.2599999999998,1,2,3,123,Evasive Customer,10,Jess Bollans,7069.03
1850,Dare,Wasling,Male,4,1978-05-16,Biostatistician II,Manufacturing,High Net Worth,No,7.0,40.0,40-49,95294 Karstens Park,2155.0,NSW,Australia,9.0,44,7,5159.719999999999,3,3,4,334,Potential Customer,5,Dare Wasling,7706.74
1851,Miles,Fallows,Male,20,1974-03-18,Account Representative II,Unknown,Mass Customer,No,13.0,44.0,40-49,8872 Bunker Hill Crossing,2196.0,NSW,Australia,9.0,285,2,881.1499999999999,1,1,1,111,Lost Customer,11,Miles Fallows,2498.86
1852,Darby,Shailer,Female,22,1978-01-21,Research Associate,Manufacturing,Affluent Customer,No,18.0,40.0,40-49,14 Westport Pass,3029.0,VIC,Australia,6.0,97,4,3257.66,1,1,3,113,Evasive Customer,10,Darby Shailer,5547.41
1853,Agathe,Dimmick,Female,67,1987-06-20,Recruiter,Unknown,Mass Customer,Yes,17.0,31.0,30-39,867 Grim Terrace,3754.0,VIC,Australia,6.0,26,9,5184.76,3,4,4,344,Recent Customer,4,Agathe Dimmick,8957.8
1854,Mandie,Jeger,Female,11,1978-09-12,Community Outreach Specialist,Unknown,High Net Worth,Yes,17.0,39.0,30-39,48023 International Way,3630.0,VIC,Australia,1.0,0,3,2135.67,4,1,2,412,Recent Customer,4,Mandie Jeger,3384.5600000000004
1855,Foss,Yanele,Male,2,1971-07-08,Librarian,Entertainment,Mass Customer,Yes,18.0,46.0,40-49,0 Prairie Rose Place,3802.0,VIC,Australia,7.0,22,4,2257.8099999999995,3,1,2,312,Late Bloomer,6,Foss Yanele,3648.1
1856,Toni,Harbidge,Female,57,1969-07-20,Associate Professor,Retail,Mass Customer,No,4.0,48.0,40-49,56145 Porter Lane,2010.0,NSW,Australia,10.0,127,2,253.81000000000003,1,1,1,111,Lost Customer,11,Toni Harbidge,1134.63
1857,Purcell,Chinnery,Male,57,1968-09-20,Marketing Manager,Manufacturing,Affluent Customer,Yes,5.0,49.0,40-49,509 Ridgeway Junction,3166.0,VIC,Australia,10.0,87,5,3429.5099999999993,1,2,3,123,Evasive Customer,10,Purcell Chinnery,7891.88
1858,Gabriella,,Female,30,1957-04-26,Senior Sales Associate,Manufacturing,High Net Worth,Yes,11.0,61.0,60-69,41 Eagan Junction,2570.0,NSW,Australia,8.0,21,8,5387.47,3,4,4,344,Recent Customer,4,Gabriella,12412.28
1859,Melamie,Hardman,Female,81,1990-04-08,Accountant IV,IT,High Net Worth,Yes,12.0,28.0,20-29,5290 Lunder Park,2287.0,NSW,Australia,7.0,76,5,2355.5899999999997,2,2,2,222,High Risk Customer,8,Melamie Hardman,6599.450000000001
1860,Holly-anne,Hamman,Female,4,1976-12-28,Nuclear Power Engineer,Manufacturing,Mass Customer,Yes,17.0,41.0,40-49,52425 Prairie Rose Road,4500.0,QLD,Australia,6.0,11,5,3765.78,4,2,3,423,Becoming Loyal,3,Holly-anne Hamman,5869.2
1861,Charlena,Muzzi,Female,26,1967-07-18,Geological Engineer,Manufacturing,Mass Customer,Yes,8.0,50.0,50-59,7939 Toban Crossing,2770.0,NSW,Australia,7.0,29,5,2890.7,3,2,3,323,Potential Customer,5,Charlena Muzzi,6015.5599999999995
1862,Daron,Umpleby,Female,24,1980-06-29,Unknown,Health,High Net Worth,Yes,4.0,38.0,30-39,0672 Lyons Pass,2153.0,NSW,Australia,10.0,74,7,3020.1,2,3,3,233,Losing Customer,7,Daron Umpleby,6966.85
1863,Adelbert,Doelle,Male,10,1978-05-11,VP Product Management,Telecommunications,High Net Worth,No,20.0,40.0,40-49,904 Mandrake Parkway,2820.0,NSW,Australia,1.0,24,6,6524.34,3,2,4,324,Potential Customer,5,Adelbert Doelle,8915.48
1864,Anet,Pellitt,Female,45,1960-07-03,Senior Quality Engineer,Retail,Mass Customer,No,18.0,57.0,50-59,3007 Summer Ridge Street,4511.0,QLD,Australia,7.0,24,11,3081.07,3,4,3,343,Potential Customer,5,Anet Pellitt,8863.49
1865,Isabelita,Kitchener,Female,35,1997-12-24,Office Assistant III,Unknown,Mass Customer,No,3.0,20.0,20-29,47 Veith Junction,3196.0,VIC,Australia,9.0,99,1,690.49,1,1,1,111,Lost Customer,11,Isabelita Kitchener,1071.23
1866,Huberto,Bazylets,Male,27,1992-10-07,Marketing Manager,Manufacturing,Mass Customer,No,2.0,25.0,20-29,007 Canary Circle,2047.0,NSW,Australia,12.0,38,9,8834.599999999999,3,4,4,344,Recent Customer,4,Huberto Bazylets,12450.76
1867,Tonya,Ritmeier,Female,96,1986-04-16,Senior Developer,Unknown,Affluent Customer,No,3.0,32.0,30-39,1 Saint Paul Terrace,2161.0,NSW,Australia,6.0,2,8,3914.7,4,4,3,443,Very Loyal,2,Tonya Ritmeier,11055.86
1868,Aloisia,Ivel,Female,11,1988-06-22,Assistant Manager,Retail,Mass Customer,No,10.0,30.0,30-39,87705 Hovde Center,4870.0,QLD,Australia,5.0,26,6,7566.249999999999,3,2,4,324,Potential Customer,5,Aloisia Ivel,10105.23
1869,Neda,Longfellow,Female,73,1977-10-19,Geologist IV,Financial Services,High Net Worth,Yes,9.0,40.0,40-49,765 6th Plaza,4226.0,QLD,Australia,7.0,41,4,1623.4299999999998,3,1,1,311,Late Bloomer,6,Neda Longfellow,3260.59
1870,Alikee,Sjollema,Female,24,1973-01-16,Graphic Designer,Unknown,Affluent Customer,No,9.0,45.0,40-49,248 Bartillon Plaza,4059.0,QLD,Australia,9.0,38,7,4382.2,3,3,4,334,Potential Customer,5,Alikee Sjollema,7755.76
1871,Shayna,McQuin,Female,52,1994-01-23,Senior Cost Accountant,Financial Services,High Net Worth,Yes,8.0,24.0,20-29,66811 Lerdahl Way,4160.0,QLD,Australia,4.0,94,4,2220.26,1,1,2,112,Evasive Customer,10,Shayna McQuin,3787.27
1872,Leif,Feeney,Male,75,1973-05-28,Help Desk Technician,Manufacturing,Mass Customer,Yes,14.0,45.0,40-49,5809 Coolidge Avenue,2747.0,NSW,Australia,6.0,3,6,2620.74,4,2,2,422,Becoming Loyal,3,Leif Feeney,6136.51
1873,Raul,Cabrer,Male,49,1992-07-09,General Manager,Manufacturing,Affluent Customer,Yes,4.0,25.0,20-29,2769 Banding Avenue,3189.0,VIC,Australia,10.0,8,4,2807.58,4,1,2,412,Recent Customer,4,Raul Cabrer,5930.68
1874,Nickolai,McChesney,Male,17,1957-09-29,Unknown,Argiculture,High Net Worth,Yes,7.0,60.0,60-69,3 Monterey Trail,2582.0,NSW,Australia,9.0,99,5,2146.69,1,2,2,122,Evasive Customer,10,Nickolai McChesney,3958.4700000000003
1875,Amory,Bohler,Male,4,1959-01-11,Staff Scientist,Retail,High Net Worth,Yes,19.0,59.0,50-59,85549 Sheridan Parkway,4170.0,QLD,Australia,8.0,98,6,3921.26,1,2,3,123,Evasive Customer,10,Amory Bohler,6549.05
1876,Borden,Wooles,Male,16,1977-05-28,Recruiting Manager,Financial Services,Affluent Customer,No,21.0,41.0,40-49,4498 Donald Crossing,2525.0,NSW,Australia,10.0,138,5,4057.629999999999,1,2,3,123,Evasive Customer,10,Borden Wooles,10115.019999999999
1877,Radcliffe,Bartolomeoni,Male,13,1966-09-09,Associate Professor,Financial Services,High Net Worth,Yes,16.0,51.0,50-59,4 Ridgeway Court,4030.0,QLD,Australia,4.0,80,6,1507.8199999999997,2,2,1,221,High Risk Customer,8,Radcliffe Bartolomeoni,4192.3099999999995
1878,Pen,Hedgecock,Male,6,1954-11-06,Account Coordinator,Health,Affluent Customer,No,10.0,63.0,60-69,4 Bartelt Hill,4510.0,QLD,Australia,1.0,32,6,2755.93,3,2,2,322,Late Bloomer,6,Pen Hedgecock,6231.59
1879,Kermy,Heningam,Male,4,1967-04-25,Account Representative I,Manufacturing,High Net Worth,No,5.0,51.0,50-59,91116 Riverside Plaza,2114.0,NSW,Australia,8.0,47,7,1914.3899999999999,2,3,2,232,Losing Customer,7,Kermy Heningam,5332.889999999999
1880,Garrett,Dommett,Male,50,1972-08-11,Unknown,Unknown,High Net Worth,No,17.0,45.0,40-49,60911 Almo Point,2066.0,NSW,Australia,12.0,67,5,4685.530000000001,2,2,4,224,Losing Customer,7,Garrett Dommett,6619.75
1881,Gherardo,Lahy,Male,61,1957-12-10,Quality Control Specialist,Unknown,Affluent Customer,Yes,12.0,60.0,60-69,0 Superior Pass,2050.0,NSW,Australia,8.0,35,7,5018.9800000000005,3,3,4,334,Potential Customer,5,Gherardo Lahy,8559.33
1882,Justin,Ragless,Male,86,1964-05-05,Account Executive,Manufacturing,Affluent Customer,No,10.0,54.0,50-59,9 Superior Terrace,2199.0,NSW,Australia,9.0,128,6,4054.8500000000004,1,2,3,123,Evasive Customer,10,Justin Ragless,5862.02
1883,Jinny,Cawood,Female,6,1991-08-13,Unknown,Health,Mass Customer,No,6.0,26.0,20-29,57 Marquette Hill,4120.0,QLD,Australia,6.0,42,3,1910.8899999999999,3,1,2,312,Late Bloomer,6,Jinny Cawood,4596.28
1884,Aurore,Buckmaster,Female,19,1969-11-25,Unknown,Manufacturing,Mass Customer,Yes,17.0,48.0,40-49,36 Sommers Place,2096.0,NSW,Australia,12.0,24,7,3349.9900000000002,3,3,3,333,Potential Customer,5,Aurore Buckmaster,6672.0
1885,Jerome,Sheavills,Male,18,1982-10-27,Software Consultant,Health,High Net Worth,Yes,11.0,35.0,30-39,83148 Rowland Alley,2530.0,NSW,Australia,8.0,4,9,6979.28,4,4,4,444,Platinum Customer,1,Jerome Sheavills,10587.23
1886,Eugenie,Belcham,Female,35,1978-09-22,Nurse,IT,Affluent Customer,No,18.0,39.0,30-39,34 Arrowood Pass,2567.0,NSW,Australia,9.0,6,4,2434.76,4,1,2,412,Recent Customer,4,Eugenie Belcham,4591.32
1887,Kynthia,Purcer,Female,22,1965-06-22,Director of Sales,IT,Affluent Customer,Yes,8.0,53.0,50-59,72 Mandrake Court,3183.0,VIC,Australia,9.0,43,10,8465.32,3,4,4,344,Recent Customer,4,Kynthia Purcer,15321.18
1888,Sibyl,Scholtz,Female,67,2002-01-26,Food Chemist,Health,Mass Customer,Yes,1.0,16.0,Under 20,9 Emmet Hill,2042.0,NSW,Australia,10.0,87,4,3288.04,1,1,3,113,Evasive Customer,10,Sibyl Scholtz,5775.32
1889,Dare,,Male,98,1973-07-07,Quality Control Specialist,Retail,Affluent Customer,No,11.0,44.0,40-49,16984 Pankratz Park,2324.0,NSW,Australia,7.0,135,5,3710.54,1,2,3,123,Evasive Customer,10,Dare,6210.6900000000005
1890,Carce,Gunthorp,Male,89,1972-10-08,Analyst Programmer,Financial Services,Mass Customer,No,7.0,45.0,40-49,9460 Laurel Crossing,4032.0,QLD,Australia,7.0,44,9,6710.76,3,4,4,344,Recent Customer,4,Carce Gunthorp,10862.91
1891,Neville,Bloyes,Male,6,1990-03-02,Marketing Manager,Retail,Mass Customer,Yes,19.0,28.0,20-29,5786 Kinsman Point,2127.0,NSW,Australia,8.0,81,7,4045.2,2,3,3,233,Losing Customer,7,Neville Bloyes,9203.4
1892,Allyson,Pinsent,Female,48,1995-09-07,Unknown,Retail,High Net Worth,Yes,2.0,22.0,20-29,4 Fairfield Way,2487.0,NSW,Australia,10.0,107,6,804.8199999999999,1,2,1,121,Evasive Customer,10,Allyson Pinsent,4803.15
1893,Gunar,Sleit,Male,25,1968-04-22,Administrative Officer,Unknown,Mass Customer,No,5.0,50.0,50-59,319 Michigan Way,4350.0,QLD,Australia,4.0,2,7,3637.1699999999996,4,3,3,433,Very Loyal,2,Gunar Sleit,7903.94
1894,Patten,Laytham,Male,86,1976-04-01,Automation Specialist III,Manufacturing,High Net Worth,Yes,17.0,42.0,40-49,49 Fulton Park,3156.0,VIC,Australia,8.0,36,4,1907.65,3,1,2,312,Late Bloomer,6,Patten Laytham,3591.0299999999997
1895,Leese,Lohan,Female,53,1975-09-02,Technical Writer,Manufacturing,Mass Customer,No,15.0,42.0,40-49,0 Corben Court,3121.0,VIC,Australia,11.0,7,6,541.13,4,2,1,421,Becoming Loyal,3,Leese Lohan,2994.17
1896,Garald,Brasner,Male,13,1995-04-30,Project Manager,Unknown,High Net Worth,No,1.0,23.0,20-29,8 Drewry Street,4655.0,QLD,Australia,5.0,159,3,2411.66,1,1,2,112,Evasive Customer,10,Garald Brasner,3843.92
1897,Cosette,Callar,Female,58,1997-08-20,Product Engineer,Unknown,Mass Customer,Yes,1.0,20.0,20-29,48 Dawn Center,4132.0,QLD,Australia,3.0,62,7,2502.37,2,3,2,232,Losing Customer,7,Cosette Callar,5120.75
1898,Katalin,Mantz,Female,67,1979-11-24,Developer III,Manufacturing,Affluent Customer,Yes,12.0,38.0,30-39,6244 Forest Point,4103.0,QLD,Australia,9.0,55,7,4787.35,2,3,4,234,Losing Customer,7,Katalin Mantz,9179.48
1899,Lambert,Vardey,Male,29,1997-09-02,Unknown,Retail,Affluent Customer,Yes,4.0,20.0,20-29,0306 Donald Court,3844.0,VIC,Australia,1.0,76,5,2030.54,2,2,2,222,High Risk Customer,8,Lambert Vardey,3807.34
1900,Noland,Larder,Male,67,1980-08-15,Safety Technician II,Financial Services,Affluent Customer,Yes,19.0,37.0,30-39,3762 Victoria Alley,4078.0,QLD,Australia,6.0,67,4,1017.2399999999998,2,1,1,211,Almost Lost Customer,9,Noland Larder,3327.94
1901,Vail,Southernwood,Male,40,1977-08-22,Budget/Accounting Analyst I,Argiculture,Affluent Customer,No,8.0,40.0,40-49,3 Manley Crossing,4074.0,QLD,Australia,6.0,127,7,5809.11,1,3,4,134,Almost Lost Customer,9,Vail Southernwood,10098.550000000001
1902,Camille,Vallintine,Female,48,1964-12-01,Environmental Tech,Financial Services,Mass Customer,Yes,4.0,53.0,50-59,36866 Summit Point,3750.0,VIC,Australia,9.0,21,6,2134.1,3,2,2,322,Late Bloomer,6,Camille Vallintine,5864.75
1903,Tucky,Pizzie,Male,8,1973-11-20,Project Manager,Unknown,High Net Worth,Yes,4.0,44.0,40-49,9 Pearson Plaza,3177.0,VIC,Australia,7.0,16,4,4098.859999999999,4,1,3,413,Recent Customer,4,Tucky Pizzie,6548.94
1904,Nert,Muglestone,Female,60,1978-01-25,Technical Writer,IT,High Net Worth,Yes,14.0,40.0,40-49,7450 Prairie Rose Drive,2868.0,NSW,Australia,1.0,67,3,1604.73,2,1,1,211,Almost Lost Customer,9,Nert Muglestone,1954.46
1905,Corabelle,,Female,21,1953-09-17,Help Desk Technician,Manufacturing,Affluent Customer,No,15.0,64.0,60-69,83975 Rowland Place,2166.0,NSW,Australia,6.0,10,9,4833.7300000000005,4,4,4,444,Platinum Customer,1,Corabelle,9595.46
1906,Waylan,Katte,Male,69,1988-04-24,Product Engineer,Retail,Mass Customer,No,22.0,30.0,30-39,01 Weeping Birch Plaza,2640.0,NSW,Australia,4.0,1,6,2957.85,4,2,3,423,Becoming Loyal,3,Waylan Katte,5992.34
1907,Lind,Dredge,Male,69,1974-11-04,VP Sales,Health,High Net Worth,No,18.0,43.0,40-49,738 Dixon Drive,2575.0,NSW,Australia,8.0,110,4,1014.0699999999998,1,1,1,111,Lost Customer,11,Lind Dredge,3740.6
1908,Jaquelyn,Workman,Female,2,1963-12-10,Help Desk Technician,Financial Services,High Net Worth,Yes,6.0,54.0,50-59,5766 Pearson Court,2227.0,NSW,Australia,8.0,107,6,3725.5699999999997,1,2,3,123,Evasive Customer,10,Jaquelyn Workman,7578.92
1909,Drucill,Laurand,Female,32,1984-12-11,Research Assistant II,Argiculture,Affluent Customer,Yes,13.0,33.0,30-39,9 Shelley Center,2170.0,NSW,Australia,7.0,59,6,3456.8,2,2,3,223,High Risk Customer,8,Drucill Laurand,5543.2
1910,Yovonnda,Warrior,Female,20,1959-07-13,Systems Administrator I,Property,High Net Worth,Yes,14.0,58.0,50-59,07273 Sundown Trail,2358.0,NSW,Australia,2.0,17,3,907.45,4,1,1,411,Recent Customer,4,Yovonnda Warrior,3041.75
1911,Hallsy,De Leek,Male,22,1980-06-08,Director of Sales,Manufacturing,Mass Customer,No,3.0,38.0,30-39,2 Maryland Drive,4227.0,QLD,Australia,7.0,61,2,689.11,2,1,1,211,Almost Lost Customer,9,Hallsy De Leek,3156.3599999999997
1912,Hall,Grouer,Male,36,1992-11-04,Account Coordinator,Manufacturing,High Net Worth,No,7.0,25.0,20-29,3 Roth Place,2449.0,NSW,Australia,2.0,38,9,3286.01,3,4,3,343,Potential Customer,5,Hall Grouer,7048.1900000000005
1913,Tamiko,Fergie,Female,36,1973-11-02,Dental Hygienist,Health,Mass Customer,Yes,17.0,44.0,40-49,81856 Express Lane,2299.0,NSW,Australia,6.0,42,13,3254.5299999999997,3,4,3,343,Potential Customer,5,Tamiko Fergie,8621.87
1914,Clyve,Sandwick,Male,72,1968-06-21,VP Product Management,Financial Services,Mass Customer,No,5.0,50.0,50-59,5 Porter Road,4014.0,QLD,Australia,6.0,12,8,2248.17,4,4,2,442,Very Loyal,2,Clyve Sandwick,7833.69
1915,Dusty,Tesimon,Female,40,1953-10-12,Social Worker,Health,Mass Customer,Yes,12.0,64.0,60-69,59 Waywood Road,3163.0,VIC,Australia,8.0,61,5,2568.0499999999993,2,2,2,222,High Risk Customer,8,Dusty Tesimon,4749.41
1916,Redd,O'Crowley,Male,71,1995-03-05,Computer Systems Analyst II,Retail,High Net Worth,Yes,7.0,23.0,20-29,6838 Anniversary Junction,2484.0,NSW,Australia,4.0,53,7,4545.8,2,3,4,234,Losing Customer,7,Redd O'Crowley,7436.05
1917,Raquela,Schimpke,Female,7,1973-07-28,Senior Sales Associate,Argiculture,Affluent Customer,Yes,8.0,44.0,40-49,90128 Caliangt Place,2484.0,NSW,Australia,4.0,28,7,5107.25,3,3,4,334,Potential Customer,5,Raquela Schimpke,9783.66
1918,Devin,Sandeson,Unknown,83,,Staff Accountant II,IT,Affluent Customer,No,,,,504 Mesta Lane,2261.0,NSW,Australia,8.0,1,5,3092.75,4,2,3,423,Becoming Loyal,3,Devin Sandeson,6735.74
1919,Bartie,Hartburn,Male,40,1960-12-23,VP Product Management,Argiculture,Mass Customer,Yes,19.0,57.0,50-59,9 Utah Road,4179.0,QLD,Australia,8.0,44,4,1841.25,3,1,2,312,Late Bloomer,6,Bartie Hartburn,3935.23
1920,Rutter,Marlen,Male,29,1988-01-06,Sales Associate,Financial Services,Mass Customer,No,13.0,30.0,30-39,00213 Atwood Pass,2340.0,NSW,Australia,1.0,66,2,90.09999999999997,2,1,1,211,Almost Lost Customer,9,Rutter Marlen,1038.65
1921,Cybill,Wakes,Female,70,1982-12-03,Accountant III,Unknown,Mass Customer,No,17.0,35.0,30-39,7230 Montana Place,2777.0,NSW,Australia,9.0,40,1,64.50999999999999,3,1,1,311,Late Bloomer,6,Cybill Wakes,586.45
1922,Ailene,Tomkies,Female,7,1969-11-11,Speech Pathologist,Unknown,High Net Worth,Yes,5.0,48.0,40-49,51763 Carey Place,3056.0,VIC,Australia,7.0,93,3,1580.86,1,1,1,111,Lost Customer,11,Ailene Tomkies,3352.52
1923,Immanuel,Farlamb,Male,52,1970-08-23,Health Coach IV,Health,Mass Customer,No,9.0,47.0,40-49,4 Susan Center,3170.0,VIC,Australia,9.0,15,4,3078.62,4,1,3,413,Recent Customer,4,Immanuel Farlamb,3704.94
1924,Eolande,Kauscher,Female,94,1965-12-01,VP Product Management,Unknown,Mass Customer,Yes,14.0,52.0,50-59,745 Troy Avenue,2769.0,NSW,Australia,9.0,25,3,1761.68,3,1,1,311,Late Bloomer,6,Eolande Kauscher,4133.39
1925,Amaleta,Dickens,Female,34,1982-01-28,Unknown,Unknown,Mass Customer,Yes,7.0,36.0,30-39,6 Upham Place,4556.0,QLD,Australia,7.0,5,7,2584.5600000000004,4,3,2,432,Becoming Loyal,3,Amaleta Dickens,6617.74
1926,Stefano,Menhenitt,Male,72,1957-11-15,Senior Cost Accountant,Financial Services,High Net Worth,Yes,10.0,60.0,60-69,34694 Sugar Place,4740.0,QLD,Australia,5.0,5,5,4911.089999999999,4,2,4,424,Becoming Loyal,3,Stefano Menhenitt,7762.71
1927,Masha,Bibbie,Female,11,1975-07-15,Software Test Engineer I,Manufacturing,Affluent Customer,Yes,8.0,42.0,40-49,26876 Lyons Court,3166.0,VIC,Australia,10.0,90,5,3658.13,1,2,3,123,Evasive Customer,10,Masha Bibbie,6439.16
1928,Sully,Dorling,Male,2,1977-09-24,Chemical Engineer,Manufacturing,High Net Worth,Yes,13.0,40.0,40-49,8308 Linden Place,2570.0,NSW,Australia,9.0,34,2,879.4799999999999,3,1,1,311,Late Bloomer,6,Sully Dorling,2219.84
1929,Elka,Crossgrove,Female,79,1986-10-12,Food Chemist,Health,Affluent Customer,No,20.0,31.0,30-39,32708 Bluestem Alley,3976.0,VIC,Australia,7.0,45,6,1912.36,2,2,2,222,High Risk Customer,8,Elka Crossgrove,3442.2
1930,Ambrose,Bleasby,Male,27,1996-06-14,Speech Pathologist,Manufacturing,High Net Worth,No,3.0,22.0,20-29,3542 Arkansas Place,3380.0,VIC,Australia,1.0,21,5,2428.87,3,2,2,322,Late Bloomer,6,Ambrose Bleasby,6575.57
1931,Boris,Syres,Male,85,1973-11-06,Senior Developer,Health,Affluent Customer,No,6.0,44.0,40-49,642 Anderson Circle,4132.0,QLD,Australia,5.0,23,3,384.06999999999994,3,1,1,311,Late Bloomer,6,Boris Syres,2218.5
1932,Sybila,Enefer,Female,98,1977-01-03,Librarian,Entertainment,Affluent Customer,Yes,3.0,41.0,40-49,8318 Continental Alley,3175.0,VIC,Australia,7.0,89,8,4328.469999999999,1,4,4,144,Almost Lost Customer,9,Sybila Enefer,12027.439999999999
1933,Ephraim,Fulep,Male,72,1980-09-10,Automation Specialist I,Manufacturing,Affluent Customer,No,18.0,37.0,30-39,7202 Prairieview Court,2221.0,NSW,Australia,11.0,41,9,4404.77,3,4,4,344,Recent Customer,4,Ephraim Fulep,11181.04
1934,Bryant,Tordiffe,Male,70,1963-01-17,Budget/Accounting Analyst IV,Unknown,Affluent Customer,Yes,14.0,55.0,50-59,64610 Sachtjen Center,2575.0,NSW,Australia,10.0,3,6,2439.94,4,2,2,422,Becoming Loyal,3,Bryant Tordiffe,6431.09
1935,Galvan,,Male,72,1974-11-13,Senior Sales Associate,Unknown,Mass Customer,No,9.0,43.0,40-49,53 Muir Terrace,2170.0,NSW,Australia,8.0,57,6,3568.73,2,2,3,223,High Risk Customer,8,Galvan,6514.44
1936,Gisella,Scad,Female,36,1964-07-08,Junior Executive,Manufacturing,Mass Customer,Yes,12.0,53.0,50-59,710 Schiller Plaza,3338.0,VIC,Australia,1.0,77,8,3553.7400000000002,2,4,3,243,Losing Customer,7,Gisella Scad,9673.2
1937,Renaud,Gahagan,Male,69,1974-01-08,Quality Engineer,Health,Mass Customer,No,19.0,44.0,40-49,698 Old Gate Lane,2619.0,NSW,Australia,3.0,34,7,4712.24,3,3,4,334,Potential Customer,5,Renaud Gahagan,9338.9
1938,Austin,Toopin,Unknown,47,,Automation Specialist IV,IT,Mass Customer,Yes,,,,4 Golden Leaf Road,4670.0,QLD,Australia,2.0,229,4,3014.0,1,1,3,113,Evasive Customer,10,Austin Toopin,5966.86
1939,Pierce,Cheke,Male,81,1992-05-03,Safety Technician I,Unknown,Mass Customer,Yes,8.0,26.0,20-29,1979 Arapahoe Trail,4701.0,QLD,Australia,3.0,76,2,201.54999999999998,2,1,1,211,Almost Lost Customer,9,Pierce Cheke,806.18
1940,Gabriellia,Coulter,Female,52,1977-03-02,Teacher,Manufacturing,High Net Worth,Yes,8.0,41.0,40-49,1 Vernon Terrace,4226.0,QLD,Australia,6.0,76,4,3259.41,2,1,3,213,High Risk Customer,8,Gabriellia Coulter,6093.610000000001
1941,Dmitri,Eleshenar,Male,83,1992-05-23,Librarian,Entertainment,Mass Customer,No,2.0,26.0,20-29,79862 Darwin Crossing,4215.0,QLD,Australia,8.0,5,4,3130.19,4,1,3,413,Recent Customer,4,Dmitri Eleshenar,4645.6900000000005
1942,Abe,Townby,Male,0,1987-01-08,Programmer Analyst II,Financial Services,High Net Worth,No,19.0,31.0,30-39,184 Hoepker Way,2197.0,NSW,Australia,9.0,16,8,4675.1900000000005,4,4,4,444,Platinum Customer,1,Abe Townby,6241.37
1943,Armstrong,Style,Male,35,1985-10-03,Senior Cost Accountant,Financial Services,Affluent Customer,Yes,13.0,32.0,30-39,40 New Castle Avenue,2043.0,NSW,Australia,11.0,299,3,357.7899999999998,1,1,1,111,Lost Customer,11,Armstrong Style,2075.7799999999997
1944,Gregory,Balchin,Male,73,1980-07-30,Programmer III,Argiculture,High Net Worth,Yes,8.0,37.0,30-39,9525 Johnson Place,3190.0,VIC,Australia,8.0,5,6,1345.75,4,2,1,421,Becoming Loyal,3,Gregory Balchin,6035.27
1945,Griffin,Gisbourn,Male,88,1978-07-10,Software Test Engineer II,Unknown,High Net Worth,Yes,9.0,39.0,30-39,8 Pearson Trail,2166.0,NSW,Australia,9.0,115,3,710.0699999999999,1,1,1,111,Lost Customer,11,Griffin Gisbourn,2551.62
1946,Brannon,Gladman,Male,37,1959-01-04,Systems Administrator III,Unknown,Mass Customer,No,8.0,59.0,50-59,53 Dakota Court,2027.0,NSW,Australia,9.0,88,13,4063.8199999999997,1,4,3,143,Almost Lost Customer,9,Brannon Gladman,11237.380000000001
1947,Gretta,Patrone,Female,66,1963-12-11,Geologist II,Telecommunications,Affluent Customer,Yes,18.0,54.0,50-59,4262 Melvin Avenue,2759.0,NSW,Australia,8.0,35,9,3974.81,3,4,3,343,Potential Customer,5,Gretta Patrone,8225.63
1948,Elizabeth,Applewhaite,Female,30,1964-06-08,Unknown,Entertainment,Mass Customer,No,11.0,54.0,50-59,4415 Dwight Center,2528.0,NSW,Australia,7.0,168,5,2425.34,1,2,2,122,Evasive Customer,10,Elizabeth Applewhaite,4266.28
1949,Onida,Cockshot,Female,9,1954-05-10,Legal Assistant,Manufacturing,Mass Customer,No,7.0,64.0,60-69,1197 Carey Junction,2280.0,NSW,Australia,7.0,29,7,3586.71,3,3,3,333,Potential Customer,5,Onida Cockshot,8547.61
1950,Berne,Fulkes,Male,27,1963-10-07,Web Developer II,Manufacturing,Affluent Customer,Yes,19.0,54.0,50-59,227 Havey Trail,2795.0,NSW,Australia,6.0,6,9,3817.14,4,4,3,443,Very Loyal,2,Berne Fulkes,12108.45
1951,Rockie,MacCosty,Male,93,2000-06-07,Health Coach II,Manufacturing,Mass Customer,Yes,2.0,18.0,Under 20,2 Manufacturers Parkway,3199.0,VIC,Australia,6.0,118,8,4514.84,1,4,4,144,Almost Lost Customer,9,Rockie MacCosty,6977.969999999999
1952,Patrica,Donativo,Female,35,1974-01-29,Payment Adjustment Coordinator,Health,Mass Customer,Yes,9.0,44.0,40-49,9175 Stephen Drive,4035.0,QLD,Australia,8.0,76,10,2882.8,2,4,3,243,Losing Customer,7,Patrica Donativo,7870.0
1953,Luisa,McGlue,Female,23,1978-06-05,Paralegal,Financial Services,High Net Worth,No,12.0,40.0,40-49,299 Pine View Parkway,3121.0,VIC,Australia,12.0,10,7,3899.78,4,3,3,433,Very Loyal,2,Luisa McGlue,6386.97
1954,Greg,Iacovo,Male,88,1967-11-29,VP Sales,Manufacturing,Affluent Customer,No,5.0,50.0,50-59,71 Orin Crossing,2155.0,NSW,Australia,9.0,100,9,5105.49,1,4,4,144,Almost Lost Customer,9,Greg Iacovo,10028.09
1955,Thornton,Vereker,Male,18,1980-11-22,Environmental Specialist,Unknown,Mass Customer,No,11.0,37.0,30-39,134 Knutson Street,2281.0,NSW,Australia,9.0,78,3,1215.9199999999998,2,1,1,211,Almost Lost Customer,9,Thornton Vereker,3235.83
1956,Omero,Murra,Male,36,1994-07-08,Human Resources Assistant I,Health,Affluent Customer,Yes,3.0,23.0,20-29,37 Mockingbird Street,4017.0,QLD,Australia,3.0,33,4,1267.19,3,1,1,311,Late Bloomer,6,Omero Murra,3039.79
1957,Gary,Eager,Male,1,1977-09-19,Accountant IV,Property,Affluent Customer,No,4.0,40.0,40-49,00969 Gale Way,3108.0,VIC,Australia,10.0,19,11,5079.91,3,4,4,344,Recent Customer,4,Gary Eager,12822.04
1958,Janina,Keme,Female,62,1985-09-01,Professor,Unknown,Mass Customer,No,22.0,32.0,30-39,05665 Dottie Circle,2085.0,NSW,Australia,11.0,69,4,1090.7099999999998,2,1,1,211,Almost Lost Customer,9,Janina Keme,2389.99
1959,Arlen,Klossek,Male,3,1978-09-18,Director of Sales,Health,Mass Customer,Yes,16.0,39.0,30-39,83 Wayridge Circle,4152.0,QLD,Australia,9.0,141,8,3479.22,1,4,3,143,Almost Lost Customer,9,Arlen Klossek,7593.280000000001
1960,Falkner,Jochens,Male,86,1978-07-03,Software Engineer II,Unknown,Mass Customer,Yes,10.0,39.0,30-39,8 Carioca Terrace,4007.0,QLD,Australia,8.0,69,4,2690.0599999999995,2,1,2,212,High Risk Customer,8,Falkner Jochens,5914.98
1961,Licha,Lyes,Female,10,1960-11-22,Physical Therapy Assistant,Unknown,Mass Customer,Yes,15.0,57.0,50-59,5 Kenwood Road,2075.0,NSW,Australia,11.0,25,3,3361.67,3,1,3,313,Late Bloomer,6,Licha Lyes,4600.360000000001
1962,Paddie,Grunder,Male,13,1977-11-01,Sales Representative,Retail,Mass Customer,Yes,22.0,40.0,40-49,29 Hansons Crossing,2318.0,NSW,Australia,4.0,93,2,758.6899999999999,1,1,1,111,Lost Customer,11,Paddie Grunder,1385.6
1963,Syman,Trimnell,Male,81,1998-03-18,Biostatistician I,Argiculture,Mass Customer,Yes,4.0,20.0,20-29,493 Buell Point,4500.0,QLD,Australia,8.0,9,2,1828.47,4,1,1,411,Recent Customer,4,Syman Trimnell,2683.29
1964,Cara,Campbell-Dunlop,Female,60,1964-06-19,Mechanical Systems Engineer,Financial Services,Affluent Customer,Yes,9.0,54.0,50-59,7 Del Mar Crossing,4680.0,QLD,Australia,7.0,102,6,4239.32,1,2,4,124,Almost Lost Customer,9,Cara Campbell-Dunlop,8039.19
1965,Bendicty,Powrie,Male,81,1973-12-14,Web Designer III,Retail,Mass Customer,Yes,3.0,44.0,40-49,7 Elgar Plaza,2250.0,NSW,Australia,9.0,6,5,2093.67,4,2,2,422,Becoming Loyal,3,Bendicty Powrie,4201.57
1966,Moshe,Nicholl,Male,75,1993-10-31,Unknown,Financial Services,High Net Worth,No,3.0,24.0,20-29,425 Marquette Way,2116.0,NSW,Australia,10.0,161,6,1564.56,1,2,1,121,Evasive Customer,10,Moshe Nicholl,3660.46
1967,Nomi,,Female,88,1985-11-19,Chemical Engineer,Manufacturing,Affluent Customer,Yes,17.0,32.0,30-39,67104 Bunting Crossing,2043.0,NSW,Australia,9.0,22,6,5732.11,3,2,4,324,Potential Customer,5,Nomi,7697.1900000000005
1968,Frederica,Hughman,Female,31,1994-06-12,Librarian,Entertainment,Mass Customer,No,1.0,24.0,20-29,243 Raven Drive,4815.0,QLD,Australia,3.0,159,5,1810.0299999999997,1,2,1,121,Evasive Customer,10,Frederica Hughman,4664.66
1969,Dimitry,Kunkler,Male,54,1961-07-06,Teacher,IT,Mass Customer,Yes,19.0,56.0,50-59,248 School Park,3156.0,VIC,Australia,8.0,17,6,2623.56,4,2,2,422,Becoming Loyal,3,Dimitry Kunkler,6142.67
1970,Carl,Eyre,Male,51,1982-08-23,Desktop Support Technician,Manufacturing,Mass Customer,No,7.0,35.0,30-39,5 Onsgard Plaza,3134.0,VIC,Australia,10.0,0,8,3660.4800000000005,4,4,3,443,Very Loyal,2,Carl Eyre,8590.23
1971,Mariel,Dyke,Female,49,1998-02-10,Unknown,Manufacturing,Mass Customer,Yes,4.0,20.0,20-29,38 Havey Place,3049.0,VIC,Australia,5.0,62,7,4812.99,2,3,4,234,Losing Customer,7,Mariel Dyke,8998.88
1972,Obed,Pauler,Male,12,1989-07-14,Unknown,IT,Mass Customer,Yes,2.0,28.0,20-29,38 Armistice Alley,2018.0,NSW,Australia,8.0,0,5,2792.56,4,2,2,422,Becoming Loyal,3,Obed Pauler,5366.41
1973,Fanni,Liffe,Female,52,1980-01-11,Media Manager IV,Financial Services,High Net Worth,No,5.0,38.0,30-39,34953 Oak Circle,2153.0,NSW,Australia,10.0,47,4,3371.69,2,1,3,213,High Risk Customer,8,Fanni Liffe,4932.1
1974,Aharon,Moller,Male,67,1958-06-15,Administrative Officer,Unknown,Mass Customer,Yes,15.0,60.0,60-69,18 Express Street,2165.0,NSW,Australia,9.0,32,5,1601.3300000000002,3,2,1,321,Late Bloomer,6,Aharon Moller,3780.45
1975,Tommie,Midden,Female,39,1965-10-19,Product Engineer,Health,Affluent Customer,No,4.0,52.0,50-59,04046 Summit Avenue,4217.0,QLD,Australia,9.0,108,2,79.15999999999994,1,1,1,111,Lost Customer,11,Tommie Midden,661.42
1976,Letitia,Coan,Female,84,1975-08-16,Product Engineer,Manufacturing,Mass Customer,No,11.0,42.0,40-49,986 Hollow Ridge Crossing,3821.0,VIC,Australia,7.0,135,6,1731.6299999999999,1,2,1,121,Evasive Customer,10,Letitia Coan,6246.07
1977,Myrtia,Paschke,Female,28,1977-10-04,Unknown,Manufacturing,Mass Customer,Yes,5.0,40.0,40-49,4622 Dixon Junction,2048.0,NSW,Australia,8.0,60,4,2080.25,2,1,2,212,High Risk Customer,8,Myrtia Paschke,3681.98
1978,Marge,Skerm,Female,53,1955-01-06,Dental Hygienist,Health,Mass Customer,No,16.0,63.0,60-69,3563 Darwin Avenue,3095.0,VIC,Australia,9.0,152,2,166.77999999999994,1,1,1,111,Lost Customer,11,Marge Skerm,1458.0
1979,Ephrem,Cariss,Male,98,1960-05-15,Statistician III,Manufacturing,Mass Customer,Yes,11.0,58.0,50-59,38759 Butterfield Avenue,4305.0,QLD,Australia,2.0,33,5,4541.839999999999,3,2,4,324,Potential Customer,5,Ephrem Cariss,8062.73
1980,Kenneth,Viall,Male,97,1992-06-20,Food Chemist,Health,High Net Worth,Yes,7.0,26.0,20-29,67125 Melody Place,2747.0,NSW,Australia,8.0,73,8,4822.389999999999,2,4,4,244,Losing Customer,7,Kenneth Viall,9465.380000000001
1981,Calv,Zelland,Male,62,1986-01-30,Sales Associate,Unknown,Affluent Customer,No,12.0,32.0,30-39,31 Northwestern Court,2206.0,NSW,Australia,10.0,89,3,2291.9700000000003,1,1,2,112,Evasive Customer,10,Calv Zelland,4850.6900000000005
1982,Julee,Hallewell,Female,80,1968-03-30,Senior Cost Accountant,Financial Services,High Net Worth,Yes,16.0,50.0,50-59,8 Farwell Parkway,2428.0,NSW,Australia,2.0,50,8,3939.1699999999996,2,4,3,243,Losing Customer,7,Julee Hallewell,10897.34
1983,Kimberlee,Soonhouse,Female,6,1963-03-10,Assistant Media Planner,Entertainment,Affluent Customer,Yes,18.0,55.0,50-59,19 Barby Parkway,4127.0,QLD,Australia,4.0,2,4,3061.7999999999997,4,1,3,413,Recent Customer,4,Kimberlee Soonhouse,5795.41
1984,Hewett,Alessandretti,Male,70,1999-06-01,Information Systems Manager,Health,Mass Customer,Yes,1.0,19.0,Under 20,681 School Avenue,2077.0,NSW,Australia,10.0,48,7,7256.08,2,3,4,234,Losing Customer,7,Hewett Alessandretti,10526.43
1985,Chrysler,Longstaffe,Female,1,1978-12-02,Computer Systems Analyst I,Unknown,Mass Customer,Yes,16.0,39.0,30-39,27 Dawn Lane,2233.0,NSW,Australia,10.0,0,7,2665.3,4,3,2,432,Becoming Loyal,3,Chrysler Longstaffe,7022.76
1986,Melania,Ruske,Female,53,1981-12-30,Unknown,Retail,Mass Customer,No,16.0,36.0,30-39,366 International Way,2170.0,NSW,Australia,8.0,44,6,2436.69,3,2,2,322,Late Bloomer,6,Melania Ruske,4472.25
1987,Jacobo,Rosenblum,Male,56,1956-06-08,Research Associate,Health,Affluent Customer,No,8.0,62.0,60-69,427 Rockefeller Drive,2093.0,NSW,Australia,12.0,42,3,711.81,3,1,1,311,Late Bloomer,6,Jacobo Rosenblum,2490.23
1988,Kelwin,Goldsmith,Male,27,1957-04-15,Recruiting Manager,Property,Mass Customer,No,8.0,61.0,60-69,5176 Division Hill,3216.0,VIC,Australia,5.0,134,8,6006.399999999999,1,4,4,144,Almost Lost Customer,9,Kelwin Goldsmith,10687.63
1989,Emalee,Guitel,Female,46,1973-07-21,Graphic Designer,Property,High Net Worth,Yes,17.0,44.0,40-49,1 Raven Place,2160.0,NSW,Australia,6.0,22,4,1659.6399999999999,3,1,1,311,Late Bloomer,6,Emalee Guitel,5139.46
1990,Mira,Askham,Unknown,9,,Senior Financial Analyst,Financial Services,High Net Worth,No,,,,29 Delaware Pass,2567.0,NSW,Australia,8.0,10,8,2846.4,4,4,3,443,Very Loyal,2,Mira Askham,7674.47
1991,Tobe,Godrich,Male,35,1993-09-27,Research Nurse,Health,Mass Customer,Yes,8.0,24.0,20-29,42554 Burrows Court,2117.0,NSW,Australia,10.0,1,10,8256.08,4,4,4,444,Platinum Customer,1,Tobe Godrich,12813.27
1992,Shanta,Attrill,Female,28,1995-10-21,Web Developer I,Manufacturing,Mass Customer,Yes,3.0,22.0,20-29,726 Warrior Center,2077.0,NSW,Australia,10.0,140,10,6658.889999999999,1,4,4,144,Almost Lost Customer,9,Shanta Attrill,14165.05
1993,Agustin,Isworth,Male,82,1980-07-27,Accounting Assistant II,Unknown,High Net Worth,Yes,3.0,37.0,30-39,500 Victoria Plaza,2147.0,NSW,Australia,9.0,6,9,2849.22,4,4,3,443,Very Loyal,2,Agustin Isworth,9008.4
1994,Gray,McLorinan,Female,71,1986-04-25,Unknown,Manufacturing,High Net Worth,No,11.0,32.0,30-39,35 Debra Way,3201.0,VIC,Australia,6.0,2,6,3922.29,4,2,3,423,Becoming Loyal,3,Gray McLorinan,7273.34
1995,Mabel,Sallter,Female,6,1969-03-26,Automation Specialist II,Unknown,Mass Customer,Yes,11.0,49.0,40-49,62965 Morningstar Junction,4109.0,QLD,Australia,9.0,125,6,2094.5899999999997,1,2,2,122,Evasive Customer,10,Mabel Sallter,5245.66
1996,Filmer,Furby,Male,4,1985-12-29,Structural Engineer,Manufacturing,Mass Customer,No,4.0,32.0,30-39,6698 Melody Crossing,4556.0,QLD,Australia,8.0,13,7,2525.43,4,3,2,432,Becoming Loyal,3,Filmer Furby,6300.450000000001
1997,Tedmund,Simonsson,Male,57,1996-09-27,Structural Engineer,Unknown,Mass Customer,No,5.0,21.0,20-29,05919 Morning Parkway,2034.0,NSW,Australia,11.0,54,5,2854.9700000000003,2,2,3,223,High Risk Customer,8,Tedmund Simonsson,4713.72
1998,Hamil,Britch,Male,13,1975-03-26,Media Manager IV,Manufacturing,High Net Worth,No,21.0,43.0,40-49,6 Rockefeller Pass,3075.0,VIC,Australia,7.0,156,4,2715.83,1,1,2,112,Evasive Customer,10,Hamil Britch,5359.34
1999,Raquel,Bamlett,Female,6,1962-08-16,Nuclear Power Engineer,Manufacturing,Mass Customer,Yes,7.0,55.0,50-59,7875 Fieldstone Pass,4216.0,QLD,Australia,10.0,3,7,2424.34,4,3,2,432,Becoming Loyal,3,Raquel Bamlett,8432.98
2000,Kain,Rene,Unknown,68,,Assistant Professor,IT,High Net Worth,Yes,,,,59170 Westridge Junction,2147.0,NSW,Australia,8.0,44,3,999.0,3,1,1,311,Late Bloomer,6,Kain Rene,2951.12
2001,Mada,Martinho,Female,21,1977-10-06,Analog Circuit Design manager,Manufacturing,Mass Customer,Yes,3.0,40.0,40-49,3 Bonner Point,2800.0,NSW,Australia,4.0,86,8,5347.87,2,4,4,244,Losing Customer,7,Mada Martinho,10016.79
2002,Matilde,Hamsher,Female,55,1971-06-20,Mechanical Systems Engineer,Financial Services,Mass Customer,No,12.0,47.0,40-49,113 Lien Place,2560.0,NSW,Australia,6.0,97,3,1637.4600000000003,1,1,1,111,Lost Customer,11,Matilde Hamsher,2637.04
2003,Lilli,Hargey,Female,80,1962-06-21,Statistician III,Manufacturing,High Net Worth,Yes,8.0,56.0,50-59,064 Fallview Terrace,4500.0,QLD,Australia,7.0,219,2,214.36999999999995,1,1,1,111,Lost Customer,11,Lilli Hargey,1821.05
2004,Brandy,Showering,Male,16,1963-06-12,Nuclear Power Engineer,Manufacturing,Affluent Customer,Yes,10.0,55.0,50-59,32 Sutteridge Trail,2470.0,NSW,Australia,1.0,46,5,2909.67,2,2,3,223,High Risk Customer,8,Brandy Showering,6042.51
2005,Marina,McElwee,Female,41,1978-08-20,Accountant I,Manufacturing,High Net Worth,No,17.0,39.0,30-39,3984 Clove Street,3192.0,VIC,Australia,10.0,5,6,4047.83,4,2,3,423,Becoming Loyal,3,Marina McElwee,7337.82
2006,Hyacinthia,Tuley,Female,33,1999-10-04,Senior Developer,Property,High Net Worth,Yes,2.0,18.0,Under 20,4 Rowland Plaza,2324.0,NSW,Australia,4.0,147,5,2255.61,1,2,2,122,Evasive Customer,10,Hyacinthia Tuley,6192.77
2007,Gail,Scarrisbrick,Male,8,1970-04-13,Programmer I,Manufacturing,Mass Customer,Yes,15.0,48.0,40-49,5157 Maple Wood Circle,2537.0,NSW,Australia,8.0,23,4,4601.8099999999995,3,1,4,314,Late Bloomer,6,Gail Scarrisbrick,6309.450000000001
2008,Jamill,Cudd,Male,77,1993-07-27,Analyst Programmer,Financial Services,Mass Customer,Yes,3.0,24.0,20-29,559 Blackbird Street,4580.0,QLD,Australia,2.0,29,6,2209.71,3,2,2,322,Late Bloomer,6,Jamill Cudd,6546.94
2009,Neilla,Castrillo,Female,19,1960-03-16,Staff Accountant IV,Health,Affluent Customer,Yes,19.0,58.0,50-59,6466 Troy Street,2763.0,NSW,Australia,8.0,5,7,2357.35,4,3,2,432,Becoming Loyal,3,Neilla Castrillo,7073.18
2010,Duff,Guyer,Male,88,1974-01-31,Data Coordiator,Manufacturing,High Net Worth,Yes,7.0,44.0,40-49,7135 Ruskin Avenue,2563.0,NSW,Australia,11.0,34,5,2168.7999999999997,3,2,2,322,Late Bloomer,6,Duff Guyer,5466.66
2011,Guthrie,MacAne,Male,68,1978-01-22,VP Sales,Manufacturing,High Net Worth,Yes,12.0,40.0,40-49,5 Loftsgordon Avenue,2068.0,NSW,Australia,12.0,315,3,560.4800000000001,1,1,1,111,Lost Customer,11,Guthrie MacAne,2057.82
2012,Maisey,Lavell,Female,55,1972-09-07,Health Coach I,Health,High Net Worth,No,4.0,45.0,40-49,33 Del Mar Junction,2264.0,NSW,Australia,8.0,13,5,2714.3,4,2,2,422,Becoming Loyal,3,Maisey Lavell,5492.34
2013,Marge,Girault,Female,99,1995-08-10,Registered Nurse,Health,Affluent Customer,Yes,19.0,22.0,20-29,06069 Hayes Road,2099.0,NSW,Australia,8.0,15,9,5979.35,4,4,4,444,Platinum Customer,1,Marge Girault,9760.9
2014,Sandye,Avraam,Female,49,1990-05-25,Associate Professor,Manufacturing,Mass Customer,Yes,8.0,28.0,20-29,828 Waubesa Pass,2234.0,NSW,Australia,10.0,54,7,4281.32,2,3,4,234,Losing Customer,7,Sandye Avraam,7628.8099999999995
2015,Charyl,Sibson,Female,6,1974-02-19,Health Coach IV,Health,Affluent Customer,No,7.0,44.0,40-49,1 Bobwhite Circle,2230.0,NSW,Australia,9.0,50,7,2970.6000000000004,2,3,3,233,Losing Customer,7,Charyl Sibson,8012.0
2016,Laraine,Merioth,Female,89,1998-11-19,Executive Secretary,Retail,Affluent Customer,Yes,1.0,19.0,Under 20,3 Memorial Junction,2126.0,NSW,Australia,11.0,68,6,2390.89,2,2,2,222,High Risk Customer,8,Laraine Merioth,5897.56
2017,Ezri,Sadry,Male,67,1995-02-11,Programmer II,Financial Services,Affluent Customer,Yes,6.0,23.0,20-29,644 Mcbride Street,2086.0,NSW,Australia,11.0,12,6,4721.619999999999,4,2,4,424,Becoming Loyal,3,Ezri Sadry,7420.3099999999995
2018,Richie,Matts,Male,80,1963-01-30,Senior Developer,Financial Services,Affluent Customer,No,12.0,55.0,50-59,23700 Dennis Way,2075.0,NSW,Australia,11.0,35,7,2335.54,3,3,2,332,Potential Customer,5,Richie Matts,7597.12
2019,Neda,Perkis,Female,48,1953-09-13,VP Marketing,Entertainment,High Net Worth,No,17.0,64.0,60-69,5795 Comanche Circle,4825.0,QLD,Australia,2.0,52,9,6325.839999999999,2,4,4,244,Losing Customer,7,Neda Perkis,10876.279999999999
2020,Portia,Proudlock,Female,50,1971-05-06,Biostatistician IV,Property,Affluent Customer,Yes,14.0,47.0,40-49,31 Scofield Trail,3020.0,VIC,Australia,8.0,43,7,4959.639999999999,3,3,4,334,Potential Customer,5,Portia Proudlock,8810.74
2021,Ulrica,Abelwhite,Unknown,31,,Software Test Engineer I,IT,High Net Worth,Yes,,,,218 Elka Point,2176.0,NSW,Australia,10.0,125,2,90.21999999999998,1,1,1,111,Lost Customer,11,Ulrica Abelwhite,802.88
2022,Mortimer,Iremonger,Male,79,1982-07-03,Unknown,IT,Affluent Customer,No,7.0,35.0,30-39,5468 Moose Lane,2445.0,NSW,Australia,7.0,13,5,3955.17,4,2,3,423,Becoming Loyal,3,Mortimer Iremonger,5843.24
2023,Marco,Denziloe,Male,15,1971-01-11,Associate Professor,Unknown,High Net Worth,No,10.0,47.0,40-49,174 Calypso Crossing,2770.0,NSW,Australia,7.0,13,10,5132.78,4,4,4,444,Platinum Customer,1,Marco Denziloe,10149.33
2024,Elinor,Biggerstaff,Female,69,2000-07-14,VP Sales,IT,Mass Customer,Yes,2.0,17.0,Under 20,53358 David Circle,4306.0,QLD,Australia,3.0,29,6,3558.4100000000003,3,2,3,323,Potential Customer,5,Elinor Biggerstaff,5998.77
2025,Agosto,Thon,Male,59,1982-04-15,VP Quality Control,Unknown,Mass Customer,Yes,3.0,36.0,30-39,0 3rd Road,4060.0,QLD,Australia,9.0,138,4,2183.55,1,1,2,112,Evasive Customer,10,Agosto Thon,4120.88
2026,Anabelle,Rogerson,Female,62,1987-09-18,Structural Engineer,Property,Mass Customer,Yes,7.0,30.0,30-39,9 Melvin Drive,2144.0,NSW,Australia,7.0,146,4,3447.44,1,1,3,113,Evasive Customer,10,Anabelle Rogerson,6109.3
2027,Whitney,Dahle,Male,89,1964-09-02,VP Product Management,Unknown,High Net Worth,No,10.0,53.0,50-59,9670 4th Point,2065.0,NSW,Australia,10.0,14,7,3237.2499999999995,4,3,3,433,Very Loyal,2,Whitney Dahle,6353.8099999999995
2028,Cathy,Parmley,Female,25,1976-12-10,Director of Sales,Retail,Affluent Customer,Yes,18.0,41.0,40-49,2228 Steensland Terrace,2148.0,NSW,Australia,8.0,40,7,3648.33,3,3,3,333,Potential Customer,5,Cathy Parmley,7274.75
2029,Charlie,Hastilow,Male,10,1992-03-10,Nurse,Manufacturing,Mass Customer,No,7.0,26.0,20-29,2 Thierer Place,4053.0,QLD,Australia,8.0,1,9,4156.3099999999995,4,4,4,444,Platinum Customer,1,Charlie Hastilow,6555.91
2030,Xymenes,Sprull,Male,3,1961-01-09,Administrative Officer,Property,High Net Worth,No,15.0,57.0,50-59,23 Huxley Road,3064.0,VIC,Australia,7.0,239,4,4622.34,1,1,4,114,Evasive Customer,10,Xymenes Sprull,6169.62
2031,Philbert,Albone,Male,99,1987-01-21,Geologist III,Unknown,Mass Customer,No,12.0,31.0,30-39,34 3rd Place,3030.0,VIC,Australia,8.0,19,4,1998.35,3,1,2,312,Late Bloomer,6,Philbert Albone,4477.1900000000005
2032,Theodore,Chicchelli,Male,98,1983-09-09,Quality Control Specialist,Property,Mass Customer,Yes,9.0,34.0,30-39,63 Golf Crossing,2217.0,NSW,Australia,8.0,5,2,978.76,4,1,1,411,Recent Customer,4,Theodore Chicchelli,1640.3
2033,Mar,Philippon,Male,36,1971-08-31,Dental Hygienist,Health,High Net Worth,No,10.0,46.0,40-49,1 Sloan Avenue,2176.0,NSW,Australia,10.0,11,7,4458.72,4,3,4,434,Very Loyal,2,Mar Philippon,10152.52
2034,June,Haslam,Female,87,1974-01-10,Speech Pathologist,Manufacturing,Mass Customer,No,8.0,44.0,40-49,056 Pierstorff Alley,2040.0,NSW,Australia,11.0,52,8,2438.26,2,4,2,242,Losing Customer,7,June Haslam,9042.36
2035,Kylie,Terese,Male,40,1979-06-01,Senior Developer,Health,Mass Customer,No,19.0,39.0,30-39,177 Anniversary Parkway,2428.0,NSW,Australia,7.0,127,3,1405.9299999999998,1,1,1,111,Lost Customer,11,Kylie Terese,2797.16
2036,Alix,Gilliland,Female,11,1977-04-29,Unknown,Unknown,Mass Customer,No,17.0,41.0,40-49,18 Karstens Drive,2233.0,NSW,Australia,10.0,25,12,6770.24,3,4,4,344,Recent Customer,4,Alix Gilliland,10761.29
2037,Irwin,Ryall,Male,19,1989-01-04,VP Marketing,IT,Mass Customer,No,6.0,29.0,20-29,6950 Morrow Street,2326.0,NSW,Australia,3.0,98,4,2941.0699999999997,1,1,3,113,Evasive Customer,10,Irwin Ryall,4403.780000000001
2038,Fae,Done,Female,9,1959-11-26,Structural Engineer,Financial Services,Mass Customer,Yes,5.0,58.0,50-59,8492 Autumn Leaf Center,3214.0,VIC,Australia,2.0,13,4,3207.1700000000005,4,1,3,413,Recent Customer,4,Fae Done,4230.27
2039,Laureen,Blower,Female,38,1978-03-26,Senior Developer,IT,High Net Worth,Yes,7.0,40.0,40-49,91749 Portage Park,2528.0,NSW,Australia,8.0,199,4,2094.48,1,1,2,112,Evasive Customer,10,Laureen Blower,4532.55
2040,Gal,Scardafield,Male,25,1969-09-05,VP Sales,Retail,Affluent Customer,Yes,12.0,48.0,40-49,45 Waubesa Lane,4213.0,QLD,Australia,9.0,96,2,1364.0500000000002,1,1,1,111,Lost Customer,11,Gal Scardafield,3028.8900000000003
2041,Mort,Heath,Male,52,1957-10-27,VP Accounting,Financial Services,Mass Customer,No,17.0,60.0,60-69,51739 Sundown Hill,2009.0,NSW,Australia,9.0,80,6,3799.8600000000006,2,2,3,223,High Risk Customer,8,Mort Heath,7729.64
2042,Bendix,Cooke,Male,65,1968-08-14,Registered Nurse,Health,Mass Customer,No,17.0,49.0,40-49,95 Butterfield Circle,3352.0,VIC,Australia,4.0,11,3,2006.1800000000003,4,1,2,412,Recent Customer,4,Bendix Cooke,4170.51
2043,Veronike,Clampett,Female,67,1977-09-05,Software Consultant,Unknown,Mass Customer,No,7.0,40.0,40-49,9 Porter Pass,4077.0,QLD,Australia,6.0,139,5,3472.24,1,2,3,123,Evasive Customer,10,Veronike Clampett,6704.41
2044,Leyla,Eddington,Female,84,1998-08-02,Quality Engineer,Health,Mass Customer,Yes,1.0,19.0,Under 20,236 Fremont Alley,2156.0,NSW,Australia,12.0,5,5,3977.45,4,2,3,423,Becoming Loyal,3,Leyla Eddington,7468.57
2045,Hermina,Franzel,Female,15,1984-07-03,VP Sales,Financial Services,High Net Worth,No,15.0,33.0,30-39,46031 Hudson Place,2075.0,NSW,Australia,11.0,55,8,4267.67,2,4,4,244,Losing Customer,7,Hermina Franzel,7477.2300000000005
2046,Charis,Maas,Female,3,1959-07-27,Marketing Manager,Unknown,Mass Customer,Yes,13.0,58.0,50-59,8 Crowley Terrace,2760.0,NSW,Australia,8.0,33,9,9188.769999999999,3,4,4,344,Recent Customer,4,Charis Maas,13347.529999999999
2047,Kirsten,Slegg,Female,45,1975-04-13,Paralegal,Financial Services,Affluent Customer,Yes,21.0,43.0,40-49,50532 Hoard Center,4209.0,QLD,Australia,7.0,67,2,1952.51,2,1,2,212,High Risk Customer,8,Kirsten Slegg,3132.77
2048,Sorcha,Genthner,Female,22,1960-04-13,Financial Advisor,Financial Services,High Net Worth,No,13.0,58.0,50-59,56 Sommers Point,2204.0,NSW,Australia,8.0,57,6,5350.0,2,2,4,224,Losing Customer,7,Sorcha Genthner,8276.52
2049,Jud,Purchon,Male,21,1962-02-12,Assistant Professor,Manufacturing,High Net Worth,No,5.0,56.0,50-59,0 Red Cloud Place,2217.0,NSW,Australia,8.0,76,5,2532.7200000000003,2,2,2,222,High Risk Customer,8,Jud Purchon,5513.37
2050,Opal,Costa,Female,22,1954-06-26,Business Systems Development Analyst,Unknown,Mass Customer,Yes,5.0,64.0,60-69,24951 Michigan Pass,2176.0,NSW,Australia,10.0,6,4,2099.3999999999996,4,1,2,412,Recent Customer,4,Opal Costa,4483.5
2051,Teresita,Drinnan,Female,8,1959-06-15,Geological Engineer,Manufacturing,Affluent Customer,No,20.0,59.0,50-59,51960 Gulseth Point,2009.0,NSW,Australia,12.0,51,6,6140.66,2,2,4,224,Losing Customer,7,Teresita Drinnan,7376.93
2052,Ganny,Sealeaf,Male,5,1955-11-30,Unknown,Retail,Mass Customer,Yes,8.0,62.0,60-69,144 Parkside Parkway,4655.0,QLD,Australia,3.0,58,9,3009.8900000000003,2,4,3,243,Losing Customer,7,Ganny Sealeaf,7052.08
2053,Horatius,Dufton,Male,7,1978-05-28,Unknown,Financial Services,Affluent Customer,Yes,11.0,40.0,40-49,896 Helena Parkway,4551.0,QLD,Australia,7.0,5,6,4941.179999999999,4,2,4,424,Becoming Loyal,3,Horatius Dufton,7727.0
2054,Horace,Gilpillan,Male,12,1995-08-21,Unknown,Manufacturing,Mass Customer,Yes,22.0,22.0,20-29,89 Anhalt Park,2106.0,NSW,Australia,11.0,1,4,3000.7,4,1,3,413,Recent Customer,4,Horace Gilpillan,5248.59
2055,Harmon,Bakster,Male,46,1980-09-14,Administrative Assistant III,Retail,High Net Worth,No,7.0,37.0,30-39,1786 Orin Street,2327.0,NSW,Australia,3.0,0,9,5563.629999999999,4,4,4,444,Platinum Customer,1,Harmon Bakster,12172.04
2056,Cristin,Smoughton,Female,65,1986-03-04,Biostatistician IV,Property,High Net Worth,No,22.0,32.0,30-39,7 Green Ridge Way,2763.0,NSW,Australia,8.0,54,2,1028.46,2,1,1,211,Almost Lost Customer,9,Cristin Smoughton,1829.4899999999998
2057,Elianora,Sally,Female,99,1959-10-04,Accounting Assistant IV,Manufacturing,Affluent Customer,Yes,15.0,58.0,50-59,2807 Northwestern Pass,3182.0,VIC,Australia,8.0,16,6,5006.98,4,2,4,424,Becoming Loyal,3,Elianora Sally,6889.26
2058,Ronna,Wickersham,Female,99,1978-02-04,Database Administrator I,Argiculture,High Net Worth,No,7.0,40.0,40-49,9362 Grim Plaza,4702.0,QLD,Australia,1.0,120,7,3634.9799999999996,1,3,3,133,Almost Lost Customer,9,Ronna Wickersham,7546.98
2059,Kylen,Gimson,Female,21,1977-02-15,Graphic Designer,Unknown,High Net Worth,No,12.0,41.0,40-49,2 Sommers Drive,3181.0,VIC,Australia,10.0,170,4,1500.24,1,1,1,111,Lost Customer,11,Kylen Gimson,2702.14
2060,Constancia,Akram,Female,17,1959-01-23,Statistician II,Financial Services,Mass Customer,No,17.0,59.0,50-59,74164 Village Green Parkway,3037.0,VIC,Australia,9.0,5,11,5875.139999999999,4,4,4,444,Platinum Customer,1,Constancia Akram,11179.22
2061,Loralyn,,Female,71,1983-01-24,Technical Writer,Manufacturing,High Net Worth,No,4.0,35.0,30-39,623 Melody Avenue,4500.0,QLD,Australia,4.0,132,6,3867.7400000000002,1,2,3,123,Evasive Customer,10,Loralyn,8403.650000000001
2062,Guillermo,Kolakovic,Male,67,1976-08-19,Junior Executive,Retail,Mass Customer,No,18.0,41.0,40-49,9 Roth Park,4104.0,QLD,Australia,7.0,42,5,3465.41,3,2,3,323,Potential Customer,5,Guillermo Kolakovic,6976.84
2063,Benny,Crudge,Male,55,1963-06-17,Clinical Specialist,Health,Affluent Customer,No,16.0,55.0,50-59,18 Buhler Court,3186.0,VIC,Australia,12.0,9,5,1823.0,4,2,1,421,Becoming Loyal,3,Benny Crudge,4125.82
2064,Reynard,Jaffrey,Male,99,1969-05-19,VP Marketing,Health,Mass Customer,Yes,18.0,49.0,40-49,4 Sachtjen Drive,4701.0,QLD,Australia,3.0,106,5,3327.04,1,2,3,123,Evasive Customer,10,Reynard Jaffrey,5871.14
2065,Silvio,Henrichs,Male,66,1978-03-13,Technical Writer,Retail,Mass Customer,Yes,12.0,40.0,40-49,130 Hayes Crossing,2170.0,NSW,Australia,9.0,215,4,2071.89,1,1,2,112,Evasive Customer,10,Silvio Henrichs,4870.0599999999995
2066,Skipp,McLarens,Male,91,1969-12-21,Food Chemist,Health,High Net Worth,Yes,12.0,48.0,40-49,9 Logan Court,2570.0,NSW,Australia,9.0,90,5,2259.29,1,2,2,122,Evasive Customer,10,Skipp McLarens,6115.09
2067,Slade,Mulvin,Male,81,1979-05-05,Registered Nurse,Health,Mass Customer,No,17.0,39.0,30-39,8 Superior Hill,2153.0,NSW,Australia,10.0,30,8,3743.7999999999997,3,4,3,343,Potential Customer,5,Slade Mulvin,9622.05
2068,Wandie,Nare,Female,23,1956-08-08,Account Representative I,Unknown,High Net Worth,No,8.0,61.0,60-69,575 Katie Terrace,2835.0,NSW,Australia,1.0,159,5,3933.8799999999997,1,2,3,123,Evasive Customer,10,Wandie Nare,5158.92
2069,Sol,Holdron,Unknown,32,,Software Test Engineer IV,IT,Mass Customer,Yes,,,,9 Old Shore Street,4509.0,QLD,Australia,7.0,51,6,5879.97,2,2,4,224,Losing Customer,7,Sol Holdron,10361.07
2070,Tiphany,Leppington,Female,0,1981-12-05,Recruiting Manager,Unknown,Mass Customer,No,8.0,36.0,30-39,7949 Waywood Way,2318.0,NSW,Australia,7.0,4,9,6433.749999999999,4,4,4,444,Platinum Customer,1,Tiphany Leppington,12319.539999999999
2071,Ardis,Ramelet,Female,69,1978-02-07,Unknown,Unknown,Mass Customer,No,10.0,40.0,40-49,2982 Monterey Way,3182.0,VIC,Australia,10.0,20,7,3588.04,3,3,3,333,Potential Customer,5,Ardis Ramelet,5340.02
2072,Margie,Tillyer,Female,30,1960-04-20,Environmental Specialist,Financial Services,Mass Customer,Yes,9.0,58.0,50-59,692 Leroy Parkway,3043.0,VIC,Australia,9.0,8,13,4136.839999999999,4,4,3,443,Very Loyal,2,Margie Tillyer,11845.439999999999
2073,Linea,,Female,87,1974-01-30,Unknown,Manufacturing,High Net Worth,Yes,10.0,44.0,40-49,9499 Alpine Drive,3175.0,VIC,Australia,8.0,56,6,1872.25,2,2,2,222,High Risk Customer,8,Linea,6343.110000000001
2075,Devondra,Jovis,Female,95,1973-04-23,Environmental Tech,Manufacturing,Mass Customer,No,8.0,45.0,40-49,61 Upham Parkway,4558.0,QLD,Australia,4.0,4,4,2302.54,4,1,2,412,Recent Customer,4,Devondra Jovis,5575.41
2076,Beatriz,Tweddle,Female,73,1969-06-03,Assistant Manager,Manufacturing,Mass Customer,Yes,5.0,49.0,40-49,63832 Maple Wood Court,3172.0,VIC,Australia,9.0,19,8,5576.17,3,4,4,344,Recent Customer,4,Beatriz Tweddle,12082.72
2077,Tobe,Lindroos,Female,67,1992-02-26,Cost Accountant,Financial Services,Mass Customer,Yes,7.0,26.0,20-29,27 Rockefeller Plaza,4556.0,QLD,Australia,8.0,227,3,2429.7199999999993,1,1,2,112,Evasive Customer,10,Tobe Lindroos,4642.2
2078,Joice,Govett,Female,15,1989-08-30,Computer Systems Analyst III,Manufacturing,Mass Customer,No,3.0,28.0,20-29,95483 Washington Junction,2505.0,NSW,Australia,9.0,65,5,1976.44,2,2,2,222,High Risk Customer,8,Joice Govett,5509.86
2079,Eda,,Female,49,1956-07-29,Account Executive,Unknown,High Net Worth,No,11.0,61.0,60-69,1396 Sugar Terrace,2145.0,NSW,Australia,10.0,3,3,2692.83,4,1,2,412,Recent Customer,4,Eda,4631.31
2080,Rosamond,Sainer,Female,15,1959-08-07,Human Resources Assistant IV,Unknown,High Net Worth,No,17.0,58.0,50-59,8454 Pierstorff Way,2115.0,NSW,Australia,11.0,162,6,3454.88,1,2,3,123,Evasive Customer,10,Rosamond Sainer,6668.6
2081,Gelya,Coaker,Female,69,1972-06-21,Senior Editor,Financial Services,Mass Customer,No,13.0,46.0,40-49,2444 Aberg Hill,2067.0,NSW,Australia,12.0,11,5,2531.96,4,2,2,422,Becoming Loyal,3,Gelya Coaker,5586.19
2082,Sybyl,Beekman,Female,38,1979-12-07,Legal Assistant,Health,Affluent Customer,Yes,19.0,38.0,30-39,73637 Nancy Street,2469.0,NSW,Australia,1.0,1,7,2903.17,4,3,3,433,Very Loyal,2,Sybyl Beekman,6778.84
2083,Karee,Ortler,Female,5,1980-07-18,Unknown,Unknown,Mass Customer,No,4.0,37.0,30-39,9 Beilfuss Crossing,2705.0,NSW,Australia,3.0,15,9,4106.379999999999,4,4,3,443,Very Loyal,2,Karee Ortler,10347.279999999999
2084,Britni,Menguy,Female,6,1986-10-03,Unknown,IT,Mass Customer,Yes,17.0,31.0,30-39,891 Mendota Junction,4127.0,QLD,Australia,2.0,49,3,494.6099999999999,2,1,1,211,Almost Lost Customer,9,Britni Menguy,1985.07
2085,Carolynn,Samsin,Female,83,1956-05-03,Pharmacist,Health,Mass Customer,No,11.0,62.0,60-69,73 Muir Trail,3196.0,VIC,Australia,7.0,27,3,2196.3500000000004,3,1,2,312,Late Bloomer,6,Carolynn Samsin,4294.14
2086,Gayle,Cockerell,Male,68,1997-01-03,Senior Cost Accountant,Financial Services,High Net Worth,No,1.0,21.0,20-29,1 Raven Circle,2450.0,NSW,Australia,7.0,98,3,949.58,1,1,1,111,Lost Customer,11,Gayle Cockerell,3812.2200000000003
2087,Yehudi,Sandon,Male,76,1969-06-08,Administrative Officer,IT,Mass Customer,Yes,15.0,49.0,40-49,6563 Susan Pass,3024.0,VIC,Australia,7.0,55,5,1624.11,2,2,1,221,High Risk Customer,8,Yehudi Sandon,6577.63
2088,Ernie,Wankel,Male,2,1969-10-09,Senior Financial Analyst,Financial Services,Mass Customer,Yes,14.0,48.0,40-49,59 Prentice Lane,4551.0,QLD,Australia,7.0,9,6,2927.15,4,2,3,423,Becoming Loyal,3,Ernie Wankel,8158.3
2089,Erie,Ballston,Male,93,1958-01-07,Safety Technician I,Financial Services,High Net Worth,No,15.0,60.0,60-69,65880 Cascade Drive,2164.0,NSW,Australia,9.0,147,2,119.32,1,1,1,111,Lost Customer,11,Erie Ballston,477.32000000000005
2090,Stanton,Schimoni,Male,63,1964-12-05,Help Desk Technician,Financial Services,Mass Customer,Yes,17.0,53.0,50-59,6632 Truax Hill,2230.0,NSW,Australia,9.0,163,2,289.37,1,1,1,111,Lost Customer,11,Stanton Schimoni,1020.78
2091,Dominga,Crosfield,Female,27,1980-06-22,Office Assistant II,Argiculture,Mass Customer,No,9.0,38.0,30-39,68882 Commercial Crossing,2320.0,NSW,Australia,3.0,211,3,2764.6099999999997,1,1,2,112,Evasive Customer,10,Dominga Crosfield,5499.04
2092,Stavros,Hazelby,Male,14,1977-12-22,Safety Technician IV,Manufacturing,High Net Worth,No,18.0,40.0,40-49,949 Marquette Avenue,3028.0,VIC,Australia,7.0,16,5,3651.0300000000007,4,2,3,423,Becoming Loyal,3,Stavros Hazelby,6764.39
2093,Salem,Doiley,Male,94,1999-09-10,Programmer II,Financial Services,High Net Worth,No,2.0,18.0,Under 20,9953 Kim Lane,2330.0,NSW,Australia,4.0,60,6,3660.48,2,2,3,223,High Risk Customer,8,Salem Doiley,7654.84
2094,Merle,Pesticcio,Male,15,1984-01-27,Biostatistician IV,Unknown,Mass Customer,No,16.0,34.0,30-39,09 Pierstorff Point,4514.0,QLD,Australia,6.0,34,5,1368.37,3,2,1,321,Late Bloomer,6,Merle Pesticcio,4214.53
2095,Anette,Guerreiro,Female,69,1989-11-13,Account Executive,Manufacturing,Affluent Customer,No,8.0,28.0,20-29,158 Lindbergh Crossing,3136.0,VIC,Australia,9.0,20,10,6194.299999999999,3,4,4,344,Recent Customer,4,Anette Guerreiro,9988.76
2096,Torrie,Smartman,Female,74,1969-05-21,Programmer III,Telecommunications,High Net Worth,Yes,12.0,49.0,40-49,72 Ilene Point,2575.0,NSW,Australia,8.0,132,5,4320.419999999999,1,2,4,124,Almost Lost Customer,9,Torrie Smartman,8229.84
2097,Web,Decaze,Male,38,1988-04-08,Recruiter,Telecommunications,Mass Customer,No,21.0,30.0,30-39,4081 Lighthouse Bay Alley,4053.0,QLD,Australia,9.0,38,6,4647.42,3,2,4,324,Potential Customer,5,Web Decaze,7726.09
2098,Ame,Tossell,Female,82,1969-12-13,Dental Hygienist,Health,High Net Worth,No,16.0,48.0,40-49,794 Kennedy Court,4740.0,QLD,Australia,2.0,8,6,2293.67,4,2,2,422,Becoming Loyal,3,Ame Tossell,5472.62
2099,Mikel,McKechnie,Male,40,1959-10-03,Senior Cost Accountant,Financial Services,High Net Worth,Yes,19.0,58.0,50-59,3981 Karstens Place,2570.0,NSW,Australia,8.0,63,7,4576.76,2,3,4,234,Losing Customer,7,Mikel McKechnie,8967.04
2100,Der,Blatcher,Male,34,1978-05-30,Marketing Assistant,IT,Mass Customer,No,14.0,40.0,40-49,88039 Melody Lane,3088.0,VIC,Australia,9.0,18,5,2399.56,3,2,2,322,Late Bloomer,6,Der Blatcher,4288.18
2101,Maryann,,Female,71,1998-03-08,General Manager,Unknown,Mass Customer,Yes,2.0,20.0,20-29,344 Rockefeller Way,3966.0,VIC,Australia,2.0,20,9,5630.139999999999,3,4,4,344,Recent Customer,4,Maryann,12331.86
2102,Carl,Penquet,Male,80,1976-01-08,Senior Editor,Unknown,Affluent Customer,No,5.0,42.0,40-49,434 Eggendart Circle,2260.0,NSW,Australia,12.0,17,7,3934.9900000000002,4,3,3,433,Very Loyal,2,Carl Penquet,7317.46
2103,Jayme,Hendin,Male,94,1975-09-22,Business Systems Development Analyst,Financial Services,Affluent Customer,No,18.0,42.0,40-49,0 Waubesa Alley,2265.0,NSW,Australia,6.0,14,10,6752.629999999999,4,4,4,444,Platinum Customer,1,Jayme Hendin,11617.25
2104,Livy,Roote,Female,31,1979-01-29,Structural Analysis Engineer,Financial Services,Mass Customer,No,11.0,39.0,30-39,831 Prairieview Trail,4405.0,QLD,Australia,1.0,80,8,2341.58,2,4,2,242,Losing Customer,7,Livy Roote,7415.84
2105,Terrance,Goligher,Male,29,1971-11-11,Food Chemist,Health,High Net Worth,Yes,6.0,46.0,40-49,884 Surrey Pass,3912.0,VIC,Australia,7.0,23,5,5155.91,3,2,4,324,Potential Customer,5,Terrance Goligher,7196.7699999999995
2106,Antons,Ley,Male,91,1970-03-19,Project Manager,Financial Services,High Net Worth,Yes,13.0,48.0,40-49,60424 Bultman Terrace,2120.0,NSW,Australia,10.0,3,4,3249.41,4,1,3,413,Recent Customer,4,Antons Ley,6782.28
2107,Dre,Ferrillo,Female,2,1992-07-10,Biostatistician IV,IT,Affluent Customer,Yes,4.0,25.0,20-29,882 Merry Trail,4701.0,QLD,Australia,4.0,64,2,892.5,2,1,1,211,Almost Lost Customer,9,Dre Ferrillo,1941.0
2108,Michel,O'Halligan,Female,41,1985-11-24,Software Test Engineer IV,Property,Mass Customer,Yes,18.0,32.0,30-39,47878 Pond Park,4133.0,QLD,Australia,3.0,12,3,2077.2999999999993,4,1,2,412,Recent Customer,4,Michel O'Halligan,3130.2599999999998
2109,Grazia,Vinson,Female,14,1965-04-13,Account Representative II,Health,High Net Worth,Yes,18.0,53.0,50-59,7 Porter Parkway,2261.0,NSW,Australia,8.0,2,8,5263.13,4,4,4,444,Platinum Customer,1,Grazia Vinson,7637.12
2110,Gard,Marris,Male,29,1973-07-31,Human Resources Assistant III,Manufacturing,High Net Worth,No,14.0,44.0,40-49,984 Waubesa Pass,4034.0,QLD,Australia,6.0,26,6,2299.87,3,2,2,322,Late Bloomer,6,Gard Marris,6518.34
2111,Ellis,Vokes,Male,98,1973-12-28,Speech Pathologist,Property,Affluent Customer,Yes,12.0,44.0,40-49,91933 Artisan Avenue,2753.0,NSW,Australia,9.0,6,9,4790.820000000001,4,4,4,444,Platinum Customer,1,Ellis Vokes,11111.3
2112,Aubrie,Glaum,Female,64,1993-05-17,Accounting Assistant I,Financial Services,Mass Customer,Yes,6.0,25.0,20-29,624 Atwood Circle,2164.0,NSW,Australia,8.0,2,4,3696.4300000000003,4,1,3,413,Recent Customer,4,Aubrie Glaum,5958.110000000001
2113,Nita,Bushell,Female,91,1972-01-06,Internal Auditor,Manufacturing,Affluent Customer,No,17.0,46.0,40-49,15 Mcguire Junction,4128.0,QLD,Australia,6.0,33,4,2989.64,3,1,3,313,Late Bloomer,6,Nita Bushell,4987.47
2114,Erick,Caveill,Male,78,1954-11-29,Safety Technician III,Argiculture,High Net Worth,No,19.0,63.0,60-69,21 South Avenue,2076.0,NSW,Australia,11.0,14,6,2997.5600000000004,4,2,3,423,Becoming Loyal,3,Erick Caveill,6706.46
2115,Shannon,Pflieger,Male,17,1975-08-31,Food Chemist,Health,Mass Customer,Yes,17.0,42.0,40-49,4 Macpherson Street,3143.0,VIC,Australia,4.0,47,2,1168.94,2,1,1,211,Almost Lost Customer,9,Shannon Pflieger,2204.45
2116,Wyndham,Ecob,Male,81,1979-01-20,Research Associate,Financial Services,Affluent Customer,Yes,9.0,39.0,30-39,5965 Glacier Hill Terrace,3025.0,VIC,Australia,9.0,105,4,4128.629999999999,1,1,3,113,Evasive Customer,10,Wyndham Ecob,5827.96
2117,Llywellyn,Christall,Male,76,1995-06-14,Computer Systems Analyst I,Health,Affluent Customer,No,3.0,23.0,20-29,556 Esch Street,2090.0,NSW,Australia,12.0,24,5,2724.75,3,2,2,322,Late Bloomer,6,Llywellyn Christall,3925.17
2118,Ulrick,Calyton,Male,29,1978-07-22,Developer III,Unknown,High Net Worth,No,7.0,39.0,30-39,25943 Montana Street,2747.0,NSW,Australia,8.0,135,6,2385.0699999999997,1,2,2,122,Evasive Customer,10,Ulrick Calyton,6724.4
2119,Dorise,Bellon,Female,51,1985-03-01,Senior Cost Accountant,Financial Services,Mass Customer,No,17.0,33.0,30-39,2 Dawn Avenue,4118.0,QLD,Australia,5.0,67,4,2795.32,2,1,2,212,High Risk Customer,8,Dorise Bellon,5477.6
2120,Clare,Attoe,Male,80,1997-01-03,Web Designer III,Manufacturing,Mass Customer,No,1.0,21.0,20-29,35 Harbort Way,2446.0,NSW,Australia,8.0,2,8,4543.18,4,4,4,444,Platinum Customer,1,Clare Attoe,11028.33
2121,Clarita,Jaqueminet,Female,35,1989-02-15,Nurse,Financial Services,Mass Customer,Yes,22.0,29.0,20-29,464 Bonner Place,3012.0,VIC,Australia,8.0,89,10,4204.3,1,4,4,144,Almost Lost Customer,9,Clarita Jaqueminet,11645.45
2122,Osborne,Nawton,Male,85,1973-01-27,Registered Nurse,Health,High Net Worth,Yes,11.0,45.0,40-49,0899 Judy Pass,3072.0,VIC,Australia,10.0,8,3,843.72,4,1,1,411,Recent Customer,4,Osborne Nawton,2891.1499999999996
2123,Shirley,Negal,Female,36,1993-03-19,Software Engineer II,Manufacturing,Affluent Customer,No,2.0,25.0,20-29,43 Sunbrook Terrace,4160.0,QLD,Australia,10.0,195,6,2289.21,1,2,2,122,Evasive Customer,10,Shirley Negal,6196.02
2124,Damien,Bartczak,Male,17,1978-01-30,Unknown,Retail,High Net Worth,No,18.0,40.0,40-49,34 Vidon Way,3037.0,VIC,Australia,8.0,57,6,3900.3199999999997,2,2,3,223,High Risk Customer,8,Damien Bartczak,7618.68
2125,Laurene,Linstead,Female,9,1975-01-27,VP Quality Control,Financial Services,High Net Worth,No,18.0,43.0,40-49,85 Cody Hill,2770.0,NSW,Australia,8.0,13,6,1710.2800000000002,4,2,1,421,Becoming Loyal,3,Laurene Linstead,4206.48
2126,Hugibert,Getcliff,Male,65,1958-03-29,Product Engineer,Health,Mass Customer,Yes,17.0,60.0,60-69,8209 Tony Plaza,2810.0,NSW,Australia,1.0,25,4,594.06,3,1,1,311,Late Bloomer,6,Hugibert Getcliff,2963.04
2127,Wanids,Baudet,Female,66,1974-02-15,Web Designer I,Manufacturing,Mass Customer,No,7.0,44.0,40-49,65675 Spenser Way,3207.0,VIC,Australia,12.0,32,5,1884.62,3,2,2,322,Late Bloomer,6,Wanids Baudet,5437.05
2128,Gregorius,Cockram,Male,31,1976-09-25,Data Coordiator,Property,Affluent Customer,Yes,16.0,41.0,40-49,042 Saint Paul Parkway,2769.0,NSW,Australia,10.0,13,2,1596.3,4,1,1,411,Recent Customer,4,Gregorius Cockram,3787.46
2129,Barron,Waszkiewicz,Male,26,1980-10-07,Electrical Engineer,Manufacturing,High Net Worth,No,3.0,37.0,30-39,3516 Kensington Lane,2164.0,NSW,Australia,9.0,149,2,873.1199999999999,1,1,1,111,Lost Customer,11,Barron Waszkiewicz,1411.9299999999998
2130,Evangelina,Coxhell,Female,95,1990-01-01,Structural Engineer,Property,High Net Worth,Yes,16.0,28.0,20-29,26064 Morningstar Junction,2480.0,NSW,Australia,2.0,1,8,4253.77,4,4,4,444,Platinum Customer,1,Evangelina Coxhell,9169.4
2131,Nettle,Painter,Female,12,1971-03-21,Payment Adjustment Coordinator,Unknown,Mass Customer,Yes,7.0,47.0,40-49,686 Rusk Parkway,2566.0,NSW,Australia,8.0,101,6,1160.21,1,2,1,121,Evasive Customer,10,Nettle Painter,7199.04
2132,Davina,Dougary,Female,16,1985-02-02,Human Resources Manager,Financial Services,High Net Worth,Yes,22.0,33.0,30-39,7518 Canary Parkway,2145.0,NSW,Australia,9.0,18,8,6401.829999999999,3,4,4,344,Recent Customer,4,Davina Dougary,12668.24
2133,Clarissa,Blaisdale,Female,44,1998-01-20,General Manager,Financial Services,High Net Worth,No,3.0,20.0,20-29,32 Spenser Crossing,2880.0,NSW,Australia,1.0,120,5,3126.8399999999997,1,2,3,123,Evasive Customer,10,Clarissa Blaisdale,6553.44
2134,Crosby,Ruoff,Male,16,2000-02-21,Nurse,Manufacturing,Affluent Customer,No,2.0,18.0,Under 20,654 Kim Parkway,3175.0,VIC,Australia,3.0,81,5,3923.57,2,2,3,223,High Risk Customer,8,Crosby Ruoff,6556.68
2135,Teador,Laurant,Male,97,1980-09-18,Structural Engineer,Unknown,Mass Customer,Yes,15.0,37.0,30-39,0 Moose Court,2063.0,NSW,Australia,12.0,137,2,217.51,1,1,1,111,Lost Customer,11,Teador Laurant,3174.01
2136,Heather,Golsworthy,Female,21,1965-07-12,Office Assistant I,Health,High Net Worth,Yes,5.0,52.0,50-59,99000 Petterle Drive,2062.0,NSW,Australia,9.0,10,4,3917.4700000000003,4,1,3,413,Recent Customer,4,Heather Golsworthy,6269.92
2137,Renie,,Female,46,1971-06-22,Chemical Engineer,Manufacturing,Affluent Customer,No,5.0,47.0,40-49,549 Longview Terrace,4030.0,QLD,Australia,9.0,20,4,1433.8,3,1,1,311,Late Bloomer,6,Renie,4683.41
2138,Jonell,Gon,Female,23,1978-11-28,Graphic Designer,Manufacturing,High Net Worth,No,15.0,39.0,30-39,1861 Golf Course Circle,2216.0,NSW,Australia,8.0,29,8,5474.02,3,4,4,344,Recent Customer,4,Jonell Gon,11281.36
2139,Carolina,Brands,Female,87,1982-02-06,Accountant II,IT,Affluent Customer,Yes,7.0,36.0,30-39,27 Mayer Lane,3756.0,VIC,Australia,7.0,60,5,5380.679999999999,2,2,4,224,Losing Customer,7,Carolina Brands,7480.94
2140,Hilario,Ramsdell,Male,59,1976-09-30,Help Desk Operator,Telecommunications,High Net Worth,No,21.0,41.0,40-49,47336 Garrison Court,4670.0,QLD,Australia,1.0,98,8,4700.15,1,4,4,144,Almost Lost Customer,9,Hilario Ramsdell,9047.439999999999
2141,Georgie,Bruggen,Female,50,1964-08-21,Programmer I,Financial Services,High Net Worth,Yes,4.0,53.0,50-59,27 Drewry Road,2102.0,NSW,Australia,10.0,76,4,2611.75,2,1,2,212,High Risk Customer,8,Georgie Bruggen,4820.85
2142,Marti,McComish,Female,61,1979-07-02,Biostatistician IV,Unknown,Affluent Customer,No,7.0,38.0,30-39,75581 Express Center,4503.0,QLD,Australia,3.0,81,7,5258.120000000001,2,3,4,234,Losing Customer,7,Marti McComish,10200.02
2143,Napoleon,Terron,Male,53,1963-12-23,Business Systems Development Analyst,Unknown,High Net Worth,Yes,10.0,54.0,50-59,5 Fairfield Parkway,2557.0,NSW,Australia,8.0,27,5,2067.15,3,2,2,322,Late Bloomer,6,Napoleon Terron,5872.29
2144,Maureene,Kingstne,Female,12,1978-04-11,Office Assistant IV,Property,Mass Customer,Yes,9.0,40.0,40-49,47 Kensington Avenue,2650.0,NSW,Australia,4.0,67,8,5253.88,2,4,4,244,Losing Customer,7,Maureene Kingstne,10452.24
2145,Adrea,Quittonden,Female,44,1959-11-11,Librarian,Entertainment,Affluent Customer,Yes,19.0,58.0,50-59,9870 Brickson Park Trail,2216.0,NSW,Australia,8.0,194,1,299.27,1,1,1,111,Lost Customer,11,Adrea Quittonden,748.17
2146,Timmie,Lenden,Male,75,1967-01-25,Unknown,Unknown,Mass Customer,No,13.0,51.0,50-59,3 Memorial Terrace,2234.0,NSW,Australia,10.0,50,2,1264.62,2,1,1,211,Almost Lost Customer,9,Timmie Lenden,2173.1099999999997
2147,Franzen,Kielty,Male,42,1998-11-04,Engineer IV,Unknown,High Net Worth,Yes,1.0,19.0,Under 20,4559 Sundown Trail,2148.0,NSW,Australia,8.0,125,3,1419.4999999999998,1,1,1,111,Lost Customer,11,Franzen Kielty,2953.18
2148,Annis,Freeth,Female,78,1989-03-20,Engineer I,Manufacturing,Mass Customer,Yes,15.0,29.0,20-29,45613 Meadow Valley Center,3976.0,VIC,Australia,6.0,137,4,2346.1600000000003,1,1,2,112,Evasive Customer,10,Annis Freeth,4907.04
2149,Lana,Druce,Female,26,1978-05-19,Professor,Unknown,High Net Worth,No,6.0,40.0,40-49,2 Spaight Road,2210.0,NSW,Australia,10.0,11,8,3416.22,4,4,3,443,Very Loyal,2,Lana Druce,5293.03
2150,Huntlee,Pashba,Male,75,1959-09-05,Unknown,Retail,Affluent Customer,Yes,8.0,58.0,50-59,59694 1st Crossing,4503.0,QLD,Australia,7.0,94,6,2230.2200000000003,1,2,2,122,Evasive Customer,10,Huntlee Pashba,6161.6
2151,Herrick,Gammett,Male,9,1986-10-23,Unknown,Entertainment,Affluent Customer,No,6.0,31.0,30-39,124 Fulton Crossing,4680.0,QLD,Australia,3.0,146,7,7187.34,1,3,4,134,Almost Lost Customer,9,Herrick Gammett,9369.73
2152,Junina,Labone,Female,40,1968-11-05,Database Administrator III,Manufacturing,Mass Customer,Yes,19.0,49.0,40-49,2800 Dottie Trail,3071.0,VIC,Australia,10.0,1,9,4281.08,4,4,4,444,Platinum Customer,1,Junina Labone,9894.84
2153,Jimmy,,Male,22,1986-10-13,Financial Analyst,Financial Services,Mass Customer,No,10.0,31.0,30-39,4 Mosinee Lane,4165.0,QLD,Australia,5.0,76,8,4042.69,2,4,3,243,Losing Customer,7,Jimmy,8239.72
2154,Bird,Bolf,Female,86,1980-01-08,Chemical Engineer,Manufacturing,High Net Worth,No,6.0,38.0,30-39,0799 Florence Street,2089.0,NSW,Australia,9.0,38,6,4268.17,3,2,4,324,Potential Customer,5,Bird Bolf,7924.87
2155,Fayth,Millions,Female,24,1964-01-09,Data Coordiator,Unknown,Mass Customer,No,14.0,54.0,50-59,5882 American Ash Point,3214.0,VIC,Australia,3.0,19,12,4940.24,3,4,4,344,Recent Customer,4,Fayth Millions,10114.46
2156,Darill,Mowday,Male,96,1977-04-08,Desktop Support Technician,Retail,Mass Customer,Yes,18.0,41.0,40-49,13852 Burning Wood Terrace,2199.0,NSW,Australia,1.0,113,6,2495.4300000000003,1,2,2,122,Evasive Customer,10,Darill Mowday,6988.71
2157,Alidia,Petyankin,Female,52,1978-01-30,Community Outreach Specialist,Property,Mass Customer,No,19.0,40.0,40-49,735 Eastlawn Place,4160.0,QLD,Australia,8.0,161,2,338.85,1,1,1,111,Lost Customer,11,Alidia Petyankin,2131.52
2158,Caesar,Begbie,Male,11,1960-12-18,Physical Therapy Assistant,Entertainment,Mass Customer,No,6.0,57.0,50-59,6 Sauthoff Court,2144.0,NSW,Australia,9.0,50,5,1650.61,2,2,1,221,High Risk Customer,8,Caesar Begbie,5982.3
2159,Godfrey,Bottini,Male,19,1963-10-05,Unknown,Unknown,High Net Worth,Yes,6.0,54.0,50-59,1788 Columbus Trail,4510.0,QLD,Australia,4.0,18,5,1797.6999999999998,3,2,1,321,Late Bloomer,6,Godfrey Bottini,5111.04
2160,Kettie,Cantopher,Female,64,1971-06-26,Recruiter,Health,Mass Customer,Yes,15.0,47.0,40-49,32705 Shelley Junction,3172.0,VIC,Australia,8.0,47,6,2672.77,2,2,2,222,High Risk Customer,8,Kettie Cantopher,6852.88
2161,Tommie,Mardle,Male,35,1998-01-14,Unknown,Financial Services,Mass Customer,No,4.0,20.0,20-29,0 Delladonna Parkway,3189.0,VIC,Australia,10.0,52,5,2584.9500000000003,2,2,2,222,High Risk Customer,8,Tommie Mardle,5998.47
2162,Andrew,Blunt,Male,49,1974-05-09,Paralegal,Financial Services,High Net Worth,Yes,10.0,44.0,40-49,79291 3rd Circle,2760.0,NSW,Australia,8.0,53,4,1779.26,2,1,1,211,Almost Lost Customer,9,Andrew Blunt,4785.389999999999
2163,Tim,Guilliatt,Male,41,1996-12-25,VP Product Management,Unknown,Mass Customer,Yes,6.0,21.0,20-29,8 Bunting Hill,2155.0,NSW,Australia,10.0,70,5,1721.82,2,2,1,221,High Risk Customer,8,Tim Guilliatt,3842.24
2164,Toinette,Clementson,Female,12,1973-08-16,Financial Analyst,Financial Services,Mass Customer,Yes,18.0,44.0,40-49,63 School Plaza,2145.0,NSW,Australia,9.0,68,7,3328.51,2,3,3,233,Losing Customer,7,Toinette Clementson,8585.81
2165,Marlie,Teesdale,Unknown,16,,Civil Engineer,Manufacturing,Affluent Customer,No,,,,0134 Swallow Pass,3030.0,VIC,Australia,6.0,0,10,6052.93,4,4,4,444,Platinum Customer,1,Marlie Teesdale,9072.94
2166,Mareah,Woodnutt,Female,78,1984-11-09,Nurse,Property,Mass Customer,No,16.0,33.0,30-39,47204 Rigney Street,2770.0,NSW,Australia,6.0,58,6,3071.34,2,2,3,223,High Risk Customer,8,Mareah Woodnutt,6021.83
2167,Laina,Semorad,Female,31,1997-07-11,Librarian,Entertainment,Mass Customer,No,1.0,20.0,20-29,9732 Swallow Way,2750.0,NSW,Australia,8.0,144,6,1539.6000000000001,1,2,1,121,Evasive Customer,10,Laina Semorad,4691.02
2168,Levon,Woollard,Male,83,1974-11-16,VP Accounting,Financial Services,Mass Customer,Yes,17.0,43.0,40-49,80 Cordelia Street,4061.0,QLD,Australia,5.0,2,3,1863.53,4,1,2,412,Recent Customer,4,Levon Woollard,3828.1
2169,Jarrad,Atwell,Male,80,1979-02-28,Senior Financial Analyst,Financial Services,Mass Customer,No,18.0,39.0,30-39,88175 Center Road,2283.0,NSW,Australia,4.0,117,6,5907.85,1,2,4,124,Almost Lost Customer,9,Jarrad Atwell,10330.95
2170,Dewitt,Laight,Male,27,1963-04-27,Geological Engineer,Manufacturing,Affluent Customer,No,6.0,55.0,50-59,5 Muir Circle,2030.0,NSW,Australia,12.0,28,6,4828.54,3,2,4,324,Potential Customer,5,Dewitt Laight,7695.75
2171,Laryssa,Maes,Female,21,1970-02-10,Pharmacist,Health,High Net Worth,No,10.0,48.0,40-49,6 Tennyson Place,2138.0,NSW,Australia,9.0,34,6,1251.3299999999997,3,2,1,321,Late Bloomer,6,Laryssa Maes,4500.04
2172,Emmery,Angrock,Male,6,1979-01-05,Information Systems Manager,Health,Affluent Customer,Yes,13.0,39.0,30-39,698 Lunder Point,2016.0,NSW,Australia,10.0,29,4,5407.15,3,1,4,314,Late Bloomer,6,Emmery Angrock,6844.5
2173,Gracia,McAteer,Female,27,1976-09-21,Help Desk Technician,IT,Mass Customer,Yes,22.0,41.0,40-49,5 Dixon Junction,2340.0,NSW,Australia,2.0,157,4,2250.33,1,1,2,112,Evasive Customer,10,Gracia McAteer,5112.15
2174,Rock,Vickerstaff,Male,32,1962-09-21,Account Executive,Argiculture,High Net Worth,No,11.0,55.0,50-59,5890 Comanche Trail,3429.0,VIC,Australia,6.0,81,6,3051.93,2,2,3,223,High Risk Customer,8,Rock Vickerstaff,7133.88
2175,Elvyn,Bullas,Male,23,1985-11-01,Web Developer III,Health,Mass Customer,No,13.0,32.0,30-39,6621 Carberry Crossing,3083.0,VIC,Australia,8.0,58,4,3173.9500000000003,2,1,3,213,High Risk Customer,8,Elvyn Bullas,4158.65
2176,Josie,Gallemore,Female,79,1962-11-09,Accountant II,Property,High Net Worth,Yes,12.0,55.0,50-59,322 Scott Plaza,2170.0,NSW,Australia,5.0,28,3,2088.09,3,1,2,312,Late Bloomer,6,Josie Gallemore,2662.8199999999997
2177,Waverly,Creebo,Male,35,1977-10-08,Social Worker,Health,Mass Customer,No,9.0,40.0,40-49,15811 La Follette Park,2770.0,NSW,Australia,7.0,98,5,2762.18,1,2,2,122,Evasive Customer,10,Waverly Creebo,6054.27
2178,Veriee,Colthard,Female,20,1954-03-18,Mechanical Systems Engineer,Retail,Mass Customer,No,12.0,64.0,60-69,67143 Bluejay Court,4214.0,QLD,Australia,8.0,77,4,451.6000000000001,2,1,1,211,Almost Lost Customer,9,Veriee Colthard,3531.64
2179,Benson,cornhill,Male,15,1960-08-20,Desktop Support Technician,Manufacturing,Mass Customer,No,17.0,57.0,50-59,966 Emmet Trail,3015.0,VIC,Australia,10.0,36,7,3631.2699999999995,3,3,3,333,Potential Customer,5,Benson cornhill,6889.21
2180,Urbanus,Trevaskus,Male,98,1960-01-11,Chief Design Engineer,Unknown,High Net Worth,Yes,13.0,58.0,50-59,49530 Evergreen Lane,3163.0,VIC,Australia,10.0,80,5,3527.7800000000007,2,2,3,223,High Risk Customer,8,Urbanus Trevaskus,6162.33
2181,Tobe,Roxby,Male,99,1974-07-17,Account Executive,IT,Mass Customer,Yes,8.0,43.0,40-49,9582 Fremont Center,2032.0,NSW,Australia,11.0,51,8,1765.32,2,4,1,241,Losing Customer,7,Tobe Roxby,6274.12
2182,Symon,Minchin,Male,47,1967-04-23,Assistant Media Planner,Entertainment,High Net Worth,Yes,16.0,51.0,50-59,3 Declaration Circle,4350.0,QLD,Australia,7.0,17,8,4766.82,4,4,4,444,Platinum Customer,1,Symon Minchin,10722.16
2183,Jillie,Fyndon,Female,61,1972-02-07,Programmer Analyst IV,Manufacturing,Mass Customer,Yes,7.0,46.0,40-49,8142 Tomscot Drive,4132.0,QLD,Australia,4.0,8,14,6513.299999999999,4,4,4,444,Platinum Customer,1,Jillie Fyndon,19071.32
2184,Lamar,Gladman,Male,49,1971-12-05,Statistician III,Health,Mass Customer,No,11.0,46.0,40-49,396 Sachs Road,2147.0,NSW,Australia,8.0,37,11,7123.0,3,4,4,344,Recent Customer,4,Lamar Gladman,13468.26
2185,Gayle,Gridley,Female,40,1963-10-15,Human Resources Assistant II,Property,Mass Customer,No,19.0,54.0,50-59,1 Melby Way,2527.0,NSW,Australia,7.0,136,7,5144.36,1,3,4,134,Almost Lost Customer,9,Gayle Gridley,9578.97
2186,Carolina,Sexty,Female,61,1963-03-18,Clinical Specialist,Health,High Net Worth,No,5.0,55.0,50-59,53221 Namekagon Parkway,2557.0,NSW,Australia,9.0,154,3,1956.3899999999999,1,1,2,112,Evasive Customer,10,Carolina Sexty,4245.21
2187,Brunhilde,Kendall,Female,52,1997-12-27,Budget/Accounting Analyst I,Health,Mass Customer,No,2.0,20.0,20-29,6 Dovetail Circle,2200.0,NSW,Australia,9.0,63,7,5644.17,2,3,4,234,Losing Customer,7,Brunhilde Kendall,8284.37
2188,Zonnya,Fayter,Female,85,1972-04-03,Nurse Practicioner,Unknown,Mass Customer,No,17.0,46.0,40-49,67 Carioca Road,4211.0,QLD,Australia,9.0,70,6,4735.32,2,2,4,224,Losing Customer,7,Zonnya Fayter,6671.540000000001
2189,Thedric,,Male,43,1998-02-25,Safety Technician II,Financial Services,High Net Worth,No,4.0,20.0,20-29,63123 Merry Alley,4500.0,QLD,Australia,8.0,40,10,4914.08,3,4,4,344,Recent Customer,4,Thedric,9861.3
2190,Maressa,Kondrachenko,Female,77,1979-04-17,Unknown,IT,Affluent Customer,No,13.0,39.0,30-39,4478 Banding Way,2830.0,NSW,Australia,3.0,41,8,6260.31,3,4,4,344,Recent Customer,4,Maressa Kondrachenko,11980.720000000001
2191,Alley,Fitchell,Male,2,1976-05-11,Payment Adjustment Coordinator,Unknown,Mass Customer,Yes,4.0,42.0,40-49,28928 Mariners Cove Pass,3040.0,VIC,Australia,11.0,12,4,2754.2200000000003,4,1,2,412,Recent Customer,4,Alley Fitchell,5941.41
2192,Hubie,Leipold,Male,93,1966-08-27,Staff Accountant II,Unknown,Mass Customer,No,14.0,51.0,50-59,3 Thierer Plaza,4815.0,QLD,Australia,1.0,42,6,1679.5299999999997,3,2,1,321,Late Bloomer,6,Hubie Leipold,4812.76
2193,Roldan,Carrington,Male,66,1955-12-16,Developer III,Unknown,Mass Customer,Yes,6.0,62.0,60-69,9 Hauk Alley,3915.0,VIC,Australia,4.0,54,4,2957.42,2,1,3,213,High Risk Customer,8,Roldan Carrington,6086.66
2194,Johnette,O'Fergus,Female,79,1958-09-10,Electrical Engineer,Manufacturing,Affluent Customer,Yes,11.0,59.0,50-59,9045 Kings Avenue,4153.0,QLD,Australia,11.0,42,8,6198.41,3,4,4,344,Recent Customer,4,Johnette O'Fergus,8464.84
2195,Nevsa,Taill,Female,94,1987-05-02,GIS Technical Architect,Financial Services,Affluent Customer,Yes,13.0,31.0,30-39,9 Barnett Street,4179.0,QLD,Australia,10.0,2,6,4144.05,4,2,3,423,Becoming Loyal,3,Nevsa Taill,7278.62
2196,Skylar,Brise,Male,66,1976-06-08,Media Manager I,Retail,High Net Worth,Yes,7.0,42.0,40-49,6779 Melrose Way,2450.0,NSW,Australia,7.0,71,5,985.4700000000003,2,2,1,221,High Risk Customer,8,Skylar Brise,4425.25
2197,Filip,Willows,Male,32,1993-09-16,Programmer Analyst I,Financial Services,Mass Customer,No,7.0,24.0,20-29,42473 Sycamore Pass,3355.0,VIC,Australia,4.0,119,3,378.15000000000015,1,1,1,111,Lost Customer,11,Filip Willows,2284.5600000000004
2198,Marijn,Arnoll,Male,1,1998-01-10,Editor,Property,Affluent Customer,Yes,1.0,20.0,20-29,6631 Farragut Terrace,2148.0,NSW,Australia,6.0,25,4,2745.09,3,1,2,312,Late Bloomer,6,Marijn Arnoll,4003.11
2199,Leigha,Ranger,Female,89,1983-02-09,Account Coordinator,Property,High Net Worth,Yes,13.0,35.0,30-39,886 Rusk Pass,2321.0,NSW,Australia,4.0,24,4,2644.0299999999997,3,1,2,312,Late Bloomer,6,Leigha Ranger,4628.71
2200,Teodoor,Lovelace,Male,23,1986-07-13,Community Outreach Specialist,Unknown,Affluent Customer,Yes,16.0,31.0,30-39,3 Bashford Plaza,2267.0,NSW,Australia,5.0,79,2,761.0200000000001,2,1,1,211,Almost Lost Customer,9,Teodoor Lovelace,1040.71
2201,Trisha,Basset,Female,56,1998-12-12,Design Engineer,Financial Services,Affluent Customer,Yes,1.0,19.0,Under 20,11 Sage Place,4055.0,QLD,Australia,7.0,30,8,6291.68,3,4,4,344,Recent Customer,4,Trisha Basset,11020.84
2202,Diannne,Neissen,Female,46,1977-08-19,Physical Therapy Assistant,Financial Services,Affluent Customer,Yes,8.0,40.0,40-49,26049 Straubel Point,2099.0,NSW,Australia,11.0,58,9,5046.639999999999,2,4,4,244,Losing Customer,7,Diannne Neissen,8331.17
2203,Ganny,Alessandrelli,Male,13,1998-12-23,Sales Associate,Health,High Net Worth,Yes,2.0,19.0,Under 20,59929 West Alley,2026.0,NSW,Australia,10.0,49,5,3469.0499999999997,2,2,3,223,High Risk Customer,8,Ganny Alessandrelli,6421.1
2204,Kacie,Barthram,Female,16,1967-09-07,Librarian,Entertainment,High Net Worth,No,7.0,50.0,50-59,94 Vernon Parkway,2762.0,NSW,Australia,9.0,17,8,3346.58,4,4,3,443,Very Loyal,2,Kacie Barthram,7935.08
2205,Birk,Elphey,Unknown,76,,Accounting Assistant III,IT,Mass Customer,No,,,,8312 Dunning Crossing,3101.0,VIC,Australia,8.0,100,4,1781.9099999999999,1,1,1,111,Lost Customer,11,Birk Elphey,4547.9
2206,Osmond,McCamish,Male,60,1957-05-25,Structural Engineer,Financial Services,Affluent Customer,No,14.0,61.0,60-69,7 Novick Parkway,2160.0,NSW,Australia,5.0,58,4,1464.6599999999999,2,1,1,211,Almost Lost Customer,9,Osmond McCamish,4155.32
2207,Junia,Gall,Female,93,1979-01-26,Web Designer IV,Manufacturing,Mass Customer,Yes,16.0,39.0,30-39,02 Del Mar Center,4121.0,QLD,Australia,8.0,74,6,3604.1400000000003,2,2,3,223,High Risk Customer,8,Junia Gall,6263.82
2208,Lavena,Embling,Female,59,1954-05-07,Unknown,Unknown,Mass Customer,No,9.0,64.0,60-69,0 Shasta Terrace,2289.0,NSW,Australia,7.0,114,6,2177.68,1,2,2,122,Evasive Customer,10,Lavena Embling,5236.3099999999995
2209,Rriocard,Gavan,Male,4,1993-08-04,Registered Nurse,Health,Affluent Customer,Yes,3.0,24.0,20-29,90 East Way,2145.0,NSW,Australia,8.0,265,1,445.2099999999999,1,1,1,111,Lost Customer,11,Rriocard Gavan,1240.31
2210,Kirby,Cameron,Male,16,1985-11-24,Registered Nurse,Health,High Net Worth,No,5.0,32.0,30-39,2 Goodland Lane,3977.0,VIC,Australia,5.0,27,9,4888.71,3,4,4,344,Recent Customer,4,Kirby Cameron,8133.83
2211,Carmelita,Matuskiewicz,Female,3,1975-08-27,Unknown,Manufacturing,Mass Customer,Yes,18.0,42.0,40-49,7 Vernon Lane,2232.0,NSW,Australia,10.0,111,3,753.26,1,1,1,111,Lost Customer,11,Carmelita Matuskiewicz,1649.1599999999999
2212,Adrianne,Raoux,Female,22,1974-05-13,Technical Writer,Manufacturing,Affluent Customer,Yes,20.0,44.0,40-49,9 Killdeer Avenue,4227.0,QLD,Australia,7.0,41,6,2722.7200000000003,3,2,2,322,Late Bloomer,6,Adrianne Raoux,4951.08
2213,Jesse,Leyshon,Female,70,1996-05-07,Legal Assistant,Unknown,Affluent Customer,Yes,6.0,22.0,20-29,152 Larry Alley,2756.0,NSW,Australia,9.0,15,5,4212.469999999999,4,2,4,424,Becoming Loyal,3,Jesse Leyshon,7240.5
2214,Farlay,Plevey,Male,52,1957-03-26,Unknown,Manufacturing,High Net Worth,Yes,8.0,61.0,60-69,85 Hudson Street,2505.0,NSW,Australia,8.0,27,5,2328.51,3,2,2,322,Late Bloomer,6,Farlay Plevey,5053.05
2215,Viola,Wadhams,Female,50,1971-02-20,Structural Engineer,Financial Services,Mass Customer,Yes,18.0,47.0,40-49,6672 Butternut Avenue,3458.0,VIC,Australia,6.0,19,2,327.23,3,1,1,311,Late Bloomer,6,Viola Wadhams,1965.6799999999998
2216,Clarinda,Woffinden,Female,29,1962-01-02,Systems Administrator II,Property,High Net Worth,Yes,10.0,56.0,50-59,43491 Jenifer Street,2750.0,NSW,Australia,7.0,74,3,1644.6100000000001,2,1,1,211,Almost Lost Customer,9,Clarinda Woffinden,3352.32
2217,Kristofor,Juris,Male,98,1981-10-17,Paralegal,Financial Services,Mass Customer,No,16.0,36.0,30-39,47 Chinook Road,4421.0,QLD,Australia,2.0,22,8,3905.4199999999996,3,4,3,343,Potential Customer,5,Kristofor Juris,8779.73
2218,Madelena,Blincoe,Female,94,1992-05-27,Senior Sales Associate,Health,Affluent Customer,No,4.0,26.0,20-29,3468 Rigney Place,3505.0,VIC,Australia,1.0,21,3,2743.5600000000004,3,1,2,312,Late Bloomer,6,Madelena Blincoe,4304.09
2219,Ansel,Napier,Male,73,1982-03-01,Senior Quality Engineer,Unknown,High Net Worth,Yes,3.0,36.0,30-39,079 Katie Alley,3216.0,VIC,Australia,9.0,61,5,3493.02,2,2,3,223,High Risk Customer,8,Ansel Napier,6319.34
2220,Curr,Jancey,Male,35,1959-05-13,Legal Assistant,Financial Services,Mass Customer,Yes,13.0,59.0,50-59,681 Butterfield Lane,2233.0,NSW,Australia,9.0,85,4,2129.07,2,1,2,212,High Risk Customer,8,Curr Jancey,4529.9
2221,Tye,Scottini,Male,80,1995-11-07,General Manager,Argiculture,Affluent Customer,No,7.0,22.0,20-29,48 Laurel Parkway,4017.0,QLD,Australia,5.0,94,8,4651.259999999999,1,4,4,144,Almost Lost Customer,9,Tye Scottini,9100.52
2222,Caroline,Grabban,Female,20,1974-08-26,Professor,Financial Services,Mass Customer,No,14.0,43.0,40-49,9115 Mockingbird Crossing,2145.0,NSW,Australia,6.0,59,6,3821.2700000000004,2,2,3,223,High Risk Customer,8,Caroline Grabban,7051.67
2223,Sarita,Georgiev,Female,38,1981-01-29,Professor,Health,Mass Customer,No,12.0,37.0,30-39,2 Michigan Parkway,3006.0,VIC,Australia,5.0,54,7,3538.42,2,3,3,233,Losing Customer,7,Sarita Georgiev,5883.75
2224,Sydel,Seccombe,Female,3,1998-08-18,Budget/Accounting Analyst III,Retail,High Net Worth,Yes,4.0,19.0,Under 20,24 Hermina Alley,2262.0,NSW,Australia,6.0,287,3,1041.01,1,1,1,111,Lost Customer,11,Sydel Seccombe,2568.2200000000003
2225,Christina,Easum,Female,45,1988-04-02,Occupational Therapist,Health,Affluent Customer,No,19.0,30.0,30-39,82237 Dapin Court,4570.0,QLD,Australia,4.0,208,3,3512.1000000000004,1,1,3,113,Evasive Customer,10,Christina Easum,5546.31
2226,Hedvig,Flatt,Female,10,1955-07-22,Biostatistician II,Entertainment,Mass Customer,No,11.0,62.0,60-69,1 Basil Street,4037.0,QLD,Australia,8.0,49,8,3121.7000000000003,2,4,3,243,Losing Customer,7,Hedvig Flatt,8295.55
2227,Duff,Kemble,Male,45,1976-07-16,Systems Administrator I,Property,Affluent Customer,Yes,9.0,41.0,40-49,60650 Mcbride Point,3918.0,VIC,Australia,7.0,40,5,2168.4,3,2,2,322,Late Bloomer,6,Duff Kemble,5068.82
2228,Rosita,Soppeth,Female,12,1956-03-09,Geological Engineer,Manufacturing,High Net Worth,No,9.0,62.0,60-69,81 Lien Drive,3216.0,VIC,Australia,3.0,168,4,1425.2700000000002,1,1,1,111,Lost Customer,11,Rosita Soppeth,3579.45
2229,Linette,Gotmann,Female,76,1959-04-10,Cost Accountant,Financial Services,Affluent Customer,Yes,7.0,59.0,50-59,37353 Alpine Circle,2214.0,NSW,Australia,8.0,21,4,2114.24,3,1,2,312,Late Bloomer,6,Linette Gotmann,3937.92
2230,Gertruda,Shrimpling,Female,53,1977-12-22,Unknown,Unknown,Mass Customer,No,19.0,40.0,40-49,581 Granby Parkway,3025.0,VIC,Australia,8.0,44,8,3263.4,3,4,3,343,Potential Customer,5,Gertruda Shrimpling,9883.84
2231,Rasla,Landreth,Female,68,1959-09-25,Accounting Assistant II,Unknown,Mass Customer,No,13.0,58.0,50-59,3073 Golf View Terrace,4165.0,QLD,Australia,8.0,64,3,2685.1000000000004,2,1,2,212,High Risk Customer,8,Rasla Landreth,4555.37
2232,Nev,Malone,Male,69,1990-05-07,Help Desk Technician,Unknown,Mass Customer,Yes,11.0,28.0,20-29,95 Riverside Way,2640.0,NSW,Australia,1.0,59,6,2198.5600000000004,2,2,2,222,High Risk Customer,8,Nev Malone,5666.030000000001
2233,Cassi,Killingworth,Female,49,1973-09-04,Sales Associate,Unknown,Mass Customer,Yes,8.0,44.0,40-49,390 Meadow Vale Circle,2560.0,NSW,Australia,9.0,63,7,2332.5899999999997,2,3,2,232,Losing Customer,7,Cassi Killingworth,6778.26
2234,Dylan,Hanvey,Male,48,1986-09-09,Electrical Engineer,Manufacturing,Mass Customer,No,18.0,31.0,30-39,501 Reindahl Alley,2069.0,NSW,Australia,12.0,154,6,1409.35,1,2,1,121,Evasive Customer,10,Dylan Hanvey,3281.3599999999997
2235,Maxine,Cauldwell,Female,75,1979-10-02,Social Worker,Health,Affluent Customer,No,16.0,38.0,30-39,0 Mifflin Alley,4818.0,QLD,Australia,5.0,80,6,3649.92,2,2,3,223,High Risk Customer,8,Maxine Cauldwell,7834.27
2236,Arin,Crickmoor,Male,0,1968-04-16,Data Coordiator,Manufacturing,Affluent Customer,Yes,13.0,50.0,50-59,261 Mosinee Avenue,2335.0,NSW,Australia,5.0,1,3,2123.71,4,1,2,412,Recent Customer,4,Arin Crickmoor,4226.47
2237,Julia,Walden,Female,83,1969-06-26,Unknown,Unknown,Mass Customer,Yes,9.0,49.0,40-49,57 Boyd Avenue,2287.0,NSW,Australia,7.0,38,7,2501.42,3,3,2,332,Potential Customer,5,Julia Walden,7412.94
2238,Nata,Plinck,Female,96,1978-09-14,Director of Sales,Retail,Mass Customer,Yes,14.0,39.0,30-39,9 Washington Drive,3079.0,VIC,Australia,9.0,141,3,2411.83,1,1,2,112,Evasive Customer,10,Nata Plinck,4185.99
2239,Jocelyne,Pasquale,Female,0,1960-01-11,Associate Professor,Property,High Net Worth,Yes,8.0,58.0,50-59,48 Straubel Court,2400.0,NSW,Australia,1.0,32,2,736.73,3,1,1,311,Late Bloomer,6,Jocelyne Pasquale,1693.21
2240,Niall,Hallifax,Male,4,1969-07-25,Automation Specialist III,Manufacturing,High Net Worth,Yes,16.0,48.0,40-49,70 Old Gate Avenue,3043.0,VIC,Australia,7.0,31,12,6128.299999999999,3,4,4,344,Recent Customer,4,Niall Hallifax,13961.45
2241,Augy,Jerrems,Male,45,1975-02-23,Paralegal,Financial Services,High Net Worth,No,10.0,43.0,40-49,40062 Steensland Center,3977.0,VIC,Australia,6.0,17,4,1454.3900000000003,4,1,1,411,Recent Customer,4,Augy Jerrems,4335.0
2242,Elsy,Springell,Female,25,1977-09-24,VP Sales,Unknown,Mass Customer,Yes,21.0,40.0,40-49,39179 Bayside Terrace,3148.0,VIC,Australia,9.0,170,3,898.8199999999999,1,1,1,111,Lost Customer,11,Elsy Springell,2540.1099999999997
2243,Lena,Cronshaw,Female,76,1976-08-28,Business Systems Development Analyst,Unknown,Affluent Customer,Yes,7.0,41.0,40-49,04488 Amoth Parkway,2036.0,NSW,Australia,8.0,183,3,1115.15,1,1,1,111,Lost Customer,11,Lena Cronshaw,2141.05
2244,Sidney,Cargon,Male,97,1972-05-10,Software Test Engineer III,Manufacturing,Mass Customer,No,5.0,46.0,40-49,259 Homewood Pass,2092.0,NSW,Australia,10.0,63,5,1796.0,2,2,1,221,High Risk Customer,8,Sidney Cargon,5963.92
2245,Elsinore,Banbrook,Female,11,1980-04-21,Marketing Manager,Argiculture,Mass Customer,No,3.0,38.0,30-39,863 Crescent Oaks Hill,4215.0,QLD,Australia,1.0,74,7,3320.7799999999997,2,3,3,233,Losing Customer,7,Elsinore Banbrook,7779.9
2246,Giraldo,Lacer,Male,16,1979-01-24,Database Administrator III,Unknown,Mass Customer,Yes,13.0,39.0,30-39,353 Scott Road,2770.0,NSW,Australia,7.0,99,4,2217.49,1,1,2,112,Evasive Customer,10,Giraldo Lacer,4027.99
2247,Gweneth,Wilkins,Female,17,1995-01-20,Teacher,Retail,High Net Worth,Yes,1.0,23.0,20-29,97 Randy Junction,2040.0,NSW,Australia,12.0,29,7,4957.3,3,3,4,334,Potential Customer,5,Gweneth Wilkins,8149.4800000000005
2248,Helsa,Grandisson,Female,33,1996-05-23,Software Engineer I,Manufacturing,Mass Customer,No,1.0,22.0,20-29,047 Northfield Trail,3127.0,VIC,Australia,12.0,51,8,3914.5,2,4,3,243,Losing Customer,7,Helsa Grandisson,8369.31
2249,Kiele,Caghan,Female,7,1996-11-11,Unknown,Financial Services,Mass Customer,No,5.0,21.0,20-29,0132 Merrick Way,2770.0,NSW,Australia,9.0,112,5,2057.46,1,2,2,122,Evasive Customer,10,Kiele Caghan,5600.46
2250,De witt,Gleave,Male,72,1992-06-26,Unknown,Telecommunications,High Net Worth,No,7.0,26.0,20-29,9248 Ludington Circle,2714.0,NSW,Australia,1.0,124,3,1074.88,1,1,1,111,Lost Customer,11,De witt Gleave,3011.79
2251,Leslie,Shotboult,Male,68,1959-08-19,Unknown,Property,High Net Worth,No,19.0,58.0,50-59,81 Forest Dale Center,3555.0,VIC,Australia,3.0,15,7,2338.45,4,3,2,432,Becoming Loyal,3,Leslie Shotboult,5798.71
2252,Darcey,Annis,Unknown,31,,Teacher,IT,High Net Worth,Yes,,,,0 Blaine Point,3183.0,VIC,Australia,7.0,130,5,1866.8400000000001,1,2,2,122,Evasive Customer,10,Darcey Annis,5648.85
2253,Gracie,Kubacki,Female,28,1959-02-08,Office Assistant I,Manufacturing,Affluent Customer,Yes,13.0,59.0,50-59,90 2nd Lane,2768.0,NSW,Australia,10.0,84,5,1639.55,2,2,1,221,High Risk Customer,8,Gracie Kubacki,6843.67
2254,Ann,Beek,Female,36,1955-10-21,Programmer Analyst II,Health,Affluent Customer,No,18.0,62.0,60-69,8718 Warner Avenue,2148.0,NSW,Australia,8.0,3,5,2318.8900000000003,4,2,2,422,Becoming Loyal,3,Ann Beek,5373.7
2255,Iorgo,Krol,Male,92,1992-07-11,Dental Hygienist,Health,Affluent Customer,Yes,5.0,25.0,20-29,4 Mallory Hill,2880.0,NSW,Australia,1.0,143,3,1458.6999999999998,1,1,1,111,Lost Customer,11,Iorgo Krol,3400.21
2256,Mara,Rosterne,Female,28,1978-02-26,Marketing Manager,Retail,Mass Customer,No,15.0,40.0,40-49,29180 American Ash Circle,2560.0,NSW,Australia,9.0,169,3,1461.0,1,1,1,111,Lost Customer,11,Mara Rosterne,4499.85
2257,Siward,Corradino,Male,27,1977-10-13,Librarian,Entertainment,Mass Customer,No,15.0,40.0,40-49,6471 Meadow Valley Court,2097.0,NSW,Australia,11.0,64,5,4193.320000000001,2,2,4,224,Losing Customer,7,Siward Corradino,6440.81
2258,Cathy,Powter,Female,63,1974-03-21,Account Executive,Retail,High Net Worth,No,7.0,44.0,40-49,9 Waxwing Pass,2008.0,NSW,Australia,11.0,52,7,3957.53,2,3,3,233,Losing Customer,7,Cathy Powter,8399.53
2259,Leanora,Calbert,Female,83,1999-07-02,Environmental Specialist,Unknown,Affluent Customer,No,2.0,18.0,Under 20,8 Buell Crossing,2320.0,NSW,Australia,5.0,161,4,2600.4900000000002,1,1,2,112,Evasive Customer,10,Leanora Calbert,4205.21
2260,Jarad,Barthropp,Male,38,1967-02-09,Administrative Assistant IV,Argiculture,High Net Worth,No,11.0,51.0,50-59,40 Rigney Street,2200.0,NSW,Australia,8.0,17,6,5378.6,4,2,4,424,Becoming Loyal,3,Jarad Barthropp,8234.9
2261,Gerome,Monshall,Male,81,1980-09-21,Account Representative II,Health,Mass Customer,Yes,13.0,37.0,30-39,7035 Crest Line Place,3101.0,VIC,Australia,11.0,35,4,1465.1599999999999,3,1,1,311,Late Bloomer,6,Gerome Monshall,3875.61
2262,Nyssa,Banister,Female,90,1984-04-21,Pharmacist,Health,Mass Customer,Yes,2.0,34.0,30-39,9129 Gale Court,4226.0,QLD,Australia,8.0,75,4,1502.68,2,1,1,211,Almost Lost Customer,9,Nyssa Banister,3058.55
2263,Lois,Sorel,Female,79,1987-02-06,Professor,Argiculture,Mass Customer,Yes,21.0,31.0,30-39,71109 Vernon Way,3350.0,VIC,Australia,4.0,35,5,3371.48,3,2,3,323,Potential Customer,5,Lois Sorel,6359.93
2264,Tony,Shirley,Female,18,1972-07-17,Occupational Therapist,Health,Affluent Customer,No,9.0,45.0,40-49,883 Almo Terrace,3977.0,VIC,Australia,6.0,153,6,2557.62,1,2,2,122,Evasive Customer,10,Tony Shirley,5198.18
2265,Brendan,Vicent,Male,55,1980-07-29,Unknown,Property,Mass Customer,Yes,5.0,37.0,30-39,987 Victoria Trail,4006.0,QLD,Australia,8.0,95,3,1988.7599999999998,1,1,2,112,Evasive Customer,10,Brendan Vicent,3990.7799999999997
2266,Jeth,Tomes,Male,74,1998-10-11,Unknown,Retail,High Net Worth,No,1.0,19.0,Under 20,7037 North Park,2484.0,NSW,Australia,6.0,29,10,4169.83,3,4,4,344,Recent Customer,4,Jeth Tomes,8911.6
2267,Andrei,Mulchrone,Female,78,1964-04-28,Business Systems Development Analyst,Unknown,Affluent Customer,No,14.0,54.0,50-59,93 Shasta Avenue,4171.0,QLD,Australia,10.0,99,5,1799.9,1,2,1,121,Evasive Customer,10,Andrei Mulchrone,5466.639999999999
2268,Wilhelmina,Gothup,Female,66,1965-10-07,Pharmacist,Health,Mass Customer,No,19.0,52.0,50-59,9574 David Lane,3218.0,VIC,Australia,8.0,35,8,4473.32,3,4,4,344,Recent Customer,4,Wilhelmina Gothup,9258.43
2269,Beitris,Lamy,Female,33,1989-11-11,Product Engineer,Unknown,Mass Customer,No,9.0,28.0,20-29,1 Del Sol Center,2323.0,NSW,Australia,3.0,47,7,5404.64,2,3,4,234,Losing Customer,7,Beitris Lamy,9233.33
2270,Augustus,Edleston,Male,50,1966-09-28,Information Systems Manager,Retail,Affluent Customer,No,9.0,51.0,50-59,38 Valley Edge Plaza,3095.0,VIC,Australia,10.0,129,5,5154.679999999999,1,2,4,124,Almost Lost Customer,9,Augustus Edleston,7588.29
2271,King,Hoston,Male,96,1974-03-26,Unknown,Telecommunications,Mass Customer,Yes,18.0,44.0,40-49,004 Gulseth Junction,2619.0,NSW,Australia,8.0,177,1,1305.25,1,1,1,111,Lost Customer,11,King Hoston,1362.99
2272,Grete,Hindenburg,Female,82,1994-12-21,Internal Auditor,Manufacturing,Mass Customer,No,1.0,23.0,20-29,503 Clove Crossing,4306.0,QLD,Australia,4.0,104,6,3344.1300000000006,1,2,3,123,Evasive Customer,10,Grete Hindenburg,8116.8
2273,Rhetta,Lambrook,Female,71,1964-08-04,Assistant Professor,Unknown,Mass Customer,Yes,9.0,53.0,50-59,0346 Dayton Hill,2092.0,NSW,Australia,12.0,26,10,2795.34,3,4,2,342,Potential Customer,5,Rhetta Lambrook,9867.35
2274,Nada,Reinert,Female,15,1979-11-26,Budget/Accounting Analyst IV,Manufacturing,Mass Customer,Yes,13.0,38.0,30-39,5 Derek Pass,2090.0,NSW,Australia,10.0,55,2,35.739999999999995,2,1,1,211,Almost Lost Customer,9,Nada Reinert,142.98
2275,Ursulina,Carter,Female,77,1992-07-19,Human Resources Assistant II,Financial Services,High Net Worth,Yes,8.0,25.0,20-29,3417 Huxley Pass,3355.0,VIC,Australia,2.0,121,6,5688.289999999999,1,2,4,124,Almost Lost Customer,9,Ursulina Carter,8289.0
2276,Stormy,Caveney,Female,90,1985-10-06,Desktop Support Technician,Unknown,Mass Customer,Yes,12.0,32.0,30-39,163 Gale Center,2077.0,NSW,Australia,10.0,10,4,2304.77,4,1,2,412,Recent Customer,4,Stormy Caveney,4714.45
2277,Gillie,Ruben,Female,44,1963-08-22,Cost Accountant,Financial Services,High Net Worth,Yes,7.0,54.0,50-59,09 Grim Lane,3752.0,VIC,Australia,4.0,36,4,2713.72,3,1,2,312,Late Bloomer,6,Gillie Ruben,4721.53
2278,Gerri,Heliet,Male,11,1977-09-25,Product Engineer,Health,Affluent Customer,Yes,8.0,40.0,40-49,31953 Dixon Way,2580.0,NSW,Australia,4.0,34,5,279.77999999999986,3,2,1,321,Late Bloomer,6,Gerri Heliet,3123.04
2279,Garrett,Szymon,Male,42,1979-03-19,Human Resources Assistant II,Health,Mass Customer,No,3.0,39.0,30-39,463 Rowland Drive,2066.0,NSW,Australia,9.0,35,8,4008.7599999999998,3,4,3,343,Potential Customer,5,Garrett Szymon,7565.7
2280,Wrennie,Alexandersson,Female,93,1960-11-18,Budget/Accounting Analyst I,Unknown,Mass Customer,No,9.0,57.0,50-59,054 Mesta Drive,3620.0,VIC,Australia,1.0,24,5,1702.5299999999997,3,2,1,321,Late Bloomer,6,Wrennie Alexandersson,6373.32
2281,Valaria,Abrehart,Female,56,1989-05-10,Unknown,Unknown,High Net Worth,Yes,14.0,29.0,20-29,33550 Spohn Terrace,3630.0,VIC,Australia,1.0,38,7,4075.38,3,3,3,333,Potential Customer,5,Valaria Abrehart,8021.26
2282,Dominic,Gregoletti,Male,81,1957-02-25,Senior Financial Analyst,Financial Services,Affluent Customer,Yes,7.0,61.0,60-69,953 Del Sol Point,3630.0,VIC,Australia,4.0,14,6,3131.5100000000007,4,2,3,423,Becoming Loyal,3,Dominic Gregoletti,6818.610000000001
2283,Gaspar,Janaway,Male,44,1954-02-08,Software Consultant,Unknown,High Net Worth,No,16.0,64.0,60-69,369 Milwaukee Court,3630.0,VIC,Australia,2.0,30,7,4474.63,3,3,4,334,Potential Customer,5,Gaspar Janaway,7052.93
2284,Ola,Lenoir,Female,83,1974-02-16,Staff Accountant IV,Telecommunications,High Net Worth,No,14.0,44.0,40-49,10055 Old Shore Lane,3630.0,VIC,Australia,1.0,34,7,4735.67,3,3,4,334,Potential Customer,5,Ola Lenoir,7556.9400000000005
2285,Maritsa,Bellison,Female,71,1973-10-27,Quality Control Specialist,Health,High Net Worth,No,5.0,44.0,40-49,018 Porter Court,3631.0,VIC,Australia,6.0,39,7,1796.2899999999997,3,3,1,331,Potential Customer,5,Maritsa Bellison,4829.54
2286,Katuscha,Sapsed,Female,20,1995-06-02,Staff Scientist,Manufacturing,High Net Worth,No,5.0,23.0,20-29,67 Elka Court,3630.0,VIC,Australia,3.0,49,5,2878.73,2,2,3,223,High Risk Customer,8,Katuscha Sapsed,4606.01
2287,Gisela,Partener,Female,53,1974-04-22,Human Resources Assistant I,Telecommunications,High Net Worth,No,20.0,44.0,40-49,5086 Meadow Ridge Circle,3350.0,VIC,Australia,7.0,159,2,273.70000000000005,1,1,1,111,Lost Customer,11,Gisela Partener,1083.52
2288,Cirillo,Hook,Male,63,1964-05-04,Staff Scientist,Manufacturing,High Net Worth,No,8.0,54.0,50-59,66 Talmadge Terrace,3630.0,VIC,Australia,1.0,29,6,4438.469999999999,3,2,4,324,Potential Customer,5,Cirillo Hook,6972.7
2289,Kissie,Steanson,Female,97,1980-09-25,Research Nurse,Health,Affluent Customer,Yes,13.0,37.0,30-39,09356 Badeau Drive,3630.0,VIC,Australia,1.0,59,5,3855.0,2,2,3,223,High Risk Customer,8,Kissie Steanson,6450.51
2290,Myca,Standley,Male,18,1981-03-10,Account Executive,Manufacturing,Mass Customer,Yes,5.0,37.0,30-39,1032 Killdeer Place,3631.0,VIC,Australia,3.0,72,6,5235.79,2,2,4,224,Losing Customer,7,Myca Standley,7476.58
2291,Guido,Meynell,Male,67,1971-04-13,Accountant IV,Manufacturing,Affluent Customer,Yes,4.0,47.0,40-49,91 Ilene Parkway,3630.0,VIC,Australia,1.0,107,1,198.22000000000003,1,1,1,111,Lost Customer,11,Guido Meynell,792.9
2292,Christie,MacClure,Female,17,1998-06-02,Research Nurse,Health,Mass Customer,Yes,2.0,20.0,20-29,5015 Pawling Park,2525.0,NSW,Australia,9.0,45,7,4768.849999999999,2,3,4,234,Losing Customer,7,Christie MacClure,8732.619999999999
2293,Engracia,Newcom,Female,70,1958-03-07,Financial Advisor,Financial Services,Affluent Customer,No,16.0,60.0,60-69,5701 Sugar Court,2880.0,NSW,Australia,1.0,85,5,1410.5300000000004,2,2,1,221,High Risk Customer,8,Engracia Newcom,5018.52
2294,Skipton,Cordie,Male,25,1987-06-16,Associate Professor,Manufacturing,Mass Customer,No,21.0,31.0,30-39,7 Melrose Circle,4017.0,QLD,Australia,5.0,73,7,5050.259999999999,2,3,4,234,Losing Customer,7,Skipton Cordie,9680.22
2295,Farris,Hazelby,Unknown,35,,Internal Auditor,IT,Mass Customer,Yes,,,,33 Novick Parkway,2156.0,NSW,Australia,12.0,17,4,3690.2599999999998,4,1,3,413,Recent Customer,4,Farris Hazelby,5830.14
2296,Nathalia,Sanger,Female,16,2002-01-01,Geologist IV,Retail,Affluent Customer,No,1.0,16.0,Under 20,23 Village Way,4215.0,QLD,Australia,9.0,36,4,3592.5,3,1,3,313,Late Bloomer,6,Nathalia Sanger,5259.05
2297,Pauletta,Taffee,Female,16,1971-11-27,Geological Engineer,Manufacturing,Affluent Customer,Yes,19.0,46.0,40-49,834 Pierstorff Lane,4228.0,QLD,Australia,10.0,37,5,4274.88,3,2,4,324,Potential Customer,5,Pauletta Taffee,6232.6900000000005
2298,Brigham,Vyse,Male,64,1997-10-28,Environmental Tech,Property,Mass Customer,Yes,5.0,20.0,20-29,974 Fisk Alley,3977.0,VIC,Australia,4.0,45,5,2337.75,2,2,2,222,High Risk Customer,8,Brigham Vyse,4992.1900000000005
2299,Mahmoud,Dagworthy,Male,11,1986-10-21,Computer Systems Analyst I,Property,High Net Worth,Yes,7.0,31.0,30-39,531 Springview Lane,3101.0,VIC,Australia,10.0,59,6,3142.75,2,2,3,223,High Risk Customer,8,Mahmoud Dagworthy,4359.32
2300,Cary,Cockerham,Male,20,1998-09-26,Unknown,Financial Services,Mass Customer,Yes,3.0,19.0,Under 20,2 Nova Street,4228.0,QLD,Australia,8.0,17,4,2812.1099999999997,4,1,2,412,Recent Customer,4,Cary Cockerham,7346.110000000001
2301,Ken,Vashchenko,Male,66,1966-10-30,Senior Cost Accountant,Financial Services,Mass Customer,Yes,19.0,51.0,50-59,3242 Arizona Junction,4101.0,QLD,Australia,10.0,5,6,5945.24,4,2,4,424,Becoming Loyal,3,Ken Vashchenko,10038.68
2302,Loraine,Beamish,Female,43,1999-01-09,Mechanical Systems Engineer,Retail,Mass Customer,Yes,4.0,19.0,Under 20,4 Delaware Terrace,3804.0,VIC,Australia,8.0,53,3,2611.15,2,1,2,212,High Risk Customer,8,Loraine Beamish,4412.84
2303,Alair,Combe,Male,22,1993-04-13,Database Administrator IV,Retail,Mass Customer,Yes,4.0,25.0,20-29,1913 Magdeline Point,2022.0,NSW,Australia,12.0,144,2,969.6199999999999,1,1,1,111,Lost Customer,11,Alair Combe,2696.8599999999997
2304,Shelia,Bellew,Female,65,1957-06-01,Unknown,Unknown,Mass Customer,Yes,11.0,61.0,60-69,54 Annamark Place,2565.0,NSW,Australia,8.0,3,7,4121.780000000001,4,3,3,433,Very Loyal,2,Shelia Bellew,9747.9
2305,Aeriell,Greeding,Female,91,1984-07-09,Chief Design Engineer,Financial Services,Affluent Customer,Yes,13.0,33.0,30-39,84 Main Lane,3149.0,VIC,Australia,10.0,78,4,2178.3199999999997,2,1,2,212,High Risk Customer,8,Aeriell Greeding,4233.89
2306,Hilary,Tregunna,Female,98,1960-04-19,Paralegal,Financial Services,High Net Worth,Yes,9.0,58.0,50-59,9 Lake View Avenue,3178.0,VIC,Australia,9.0,6,4,2513.7799999999993,4,1,2,412,Recent Customer,4,Hilary Tregunna,4938.639999999999
2307,Corina,Shadwick,Female,57,1978-06-28,Desktop Support Technician,Retail,High Net Worth,Yes,13.0,40.0,40-49,015 Fulton Pass,4568.0,QLD,Australia,8.0,81,11,3887.07,2,4,3,243,Losing Customer,7,Corina Shadwick,10123.71
2308,Nancey,Hastie,Female,52,1963-03-19,Paralegal,Financial Services,Mass Customer,Yes,17.0,55.0,50-59,00 Marcy Crossing,3115.0,VIC,Australia,9.0,13,9,5077.969999999999,4,4,4,444,Platinum Customer,1,Nancey Hastie,11438.369999999999
2309,Herc,McIlhone,Male,40,1985-01-13,Accounting Assistant I,Manufacturing,Affluent Customer,No,14.0,33.0,30-39,0991 Commercial Road,4300.0,QLD,Australia,5.0,53,12,7161.99,2,4,4,244,Losing Customer,7,Herc McIlhone,16122.34
2310,Jed,Humpherston,Male,12,1970-02-10,Executive Secretary,Unknown,High Net Worth,Yes,11.0,48.0,40-49,24198 Almo Crossing,2021.0,NSW,Australia,12.0,15,7,4022.41,4,3,3,433,Very Loyal,2,Jed Humpherston,9599.97
2311,Addi,,Female,49,1989-02-15,Design Engineer,Health,Mass Customer,No,16.0,29.0,20-29,01268 Stuart Hill,2145.0,NSW,Australia,10.0,66,5,4460.120000000001,2,2,4,224,Losing Customer,7,Addi,6375.870000000001
2312,Ronnica,Grebner,Female,72,1979-08-10,Assistant Manager,Manufacturing,Mass Customer,No,18.0,38.0,30-39,25139 Rockefeller Center,4350.0,QLD,Australia,2.0,41,4,1578.0600000000004,3,1,1,311,Late Bloomer,6,Ronnica Grebner,5159.04
2313,Christa,Pauley,Female,54,1966-07-10,Chemical Engineer,Manufacturing,Mass Customer,No,12.0,51.0,50-59,159 Graceland Terrace,4343.0,QLD,Australia,1.0,44,6,2842.4700000000003,3,2,3,323,Potential Customer,5,Christa Pauley,4657.8
2314,Ravid,Lapenna,Male,59,1993-12-22,Registered Nurse,Health,High Net Worth,Yes,7.0,24.0,20-29,0522 Nelson Crossing,4304.0,QLD,Australia,3.0,48,3,2355.7599999999998,2,1,2,212,High Risk Customer,8,Ravid Lapenna,4114.37
2315,Pernell,MacCheyne,Male,25,1994-03-01,Community Outreach Specialist,Financial Services,Affluent Customer,No,8.0,24.0,20-29,90609 Charing Cross Lane,2250.0,NSW,Australia,7.0,152,5,600.7599999999998,1,2,1,121,Evasive Customer,10,Pernell MacCheyne,2737.7999999999997
2316,Vernen,Bourgaize,Male,79,1978-03-21,Computer Systems Analyst IV,Financial Services,Affluent Customer,Yes,11.0,40.0,40-49,360 Troy Parkway,3223.0,VIC,Australia,6.0,46,4,1437.54,2,1,1,211,Almost Lost Customer,9,Vernen Bourgaize,2908.85
2317,Alwin,Cuberley,Male,97,1976-12-07,Tax Accountant,Health,Mass Customer,Yes,16.0,41.0,40-49,08475 Shoshone Park,3116.0,VIC,Australia,9.0,53,5,2715.29,2,2,2,222,High Risk Customer,8,Alwin Cuberley,6735.95
2318,Willa,Malyan,Female,30,1988-03-01,Automation Specialist I,Manufacturing,Mass Customer,Yes,6.0,30.0,30-39,44778 Bellgrove Crossing,3205.0,VIC,Australia,10.0,16,7,3627.4799999999996,4,3,3,433,Very Loyal,2,Willa Malyan,8129.61
2319,David,Darrigrand,Male,63,1985-05-03,Librarian,Entertainment,High Net Worth,No,18.0,33.0,30-39,69444 Mccormick Junction,2539.0,NSW,Australia,9.0,9,4,4564.900000000001,4,1,4,414,Recent Customer,4,David Darrigrand,7191.200000000001
2320,Kaylyn,Throssell,Female,14,1965-12-21,Senior Developer,Manufacturing,Affluent Customer,No,16.0,52.0,50-59,64 Macpherson Junction,2208.0,NSW,Australia,11.0,24,3,1690.96,3,1,1,311,Late Bloomer,6,Kaylyn Throssell,2655.46
2321,Libbi,Freeberne,Female,27,1980-03-25,Nuclear Power Engineer,Manufacturing,Mass Customer,Yes,20.0,38.0,30-39,386 Jay Junction,4218.0,QLD,Australia,3.0,161,3,3183.5299999999997,1,1,3,113,Evasive Customer,10,Libbi Freeberne,5473.58
2322,Hazlett,Rosenschein,Male,72,1992-05-24,Biostatistician III,Health,Mass Customer,Yes,2.0,26.0,20-29,496 Summit Road,2120.0,NSW,Australia,10.0,67,4,2585.1499999999996,2,1,2,212,High Risk Customer,8,Hazlett Rosenschein,4035.5099999999998
2323,Adair,Piser,Male,2,1988-04-30,Desktop Support Technician,Property,High Net Worth,No,13.0,30.0,30-39,54970 Veith Hill,4125.0,QLD,Australia,7.0,212,3,1959.79,1,1,2,112,Evasive Customer,10,Adair Piser,4599.45
2324,Jerrold,Robben,Male,44,1966-08-05,Sales Associate,Manufacturing,Mass Customer,Yes,16.0,51.0,50-59,33477 Trailsway Park,4818.0,QLD,Australia,5.0,78,5,1322.2199999999998,2,2,1,221,High Risk Customer,8,Jerrold Robben,5621.34
2325,Emmett,Whatsize,Male,50,1964-01-06,Database Administrator IV,Retail,High Net Worth,Yes,12.0,54.0,50-59,92 Schlimgen Hill,3023.0,VIC,Australia,8.0,12,6,3013.77,4,2,3,423,Becoming Loyal,3,Emmett Whatsize,7084.51
2326,Trev,Boothebie,Male,64,1966-06-22,Programmer Analyst I,Retail,High Net Worth,No,14.0,52.0,50-59,3 Talisman Court,3204.0,VIC,Australia,11.0,112,1,309.80999999999995,1,1,1,111,Lost Customer,11,Trev Boothebie,774.53
2327,Alie,Sowle,Female,19,1963-04-05,Budget/Accounting Analyst II,Unknown,Affluent Customer,No,6.0,55.0,50-59,69893 Loomis Junction,2229.0,NSW,Australia,10.0,224,3,2601.79,1,1,2,112,Evasive Customer,10,Alie Sowle,4153.110000000001
2328,Gayler,Shackle,Male,63,1986-06-03,Dental Hygienist,Health,Mass Customer,Yes,8.0,32.0,30-39,6505 Fieldstone Alley,4037.0,QLD,Australia,8.0,151,1,356.5,1,1,1,111,Lost Customer,11,Gayler Shackle,441.49
2329,Donny,Stiven,Female,7,1957-12-19,Computer Systems Analyst II,IT,Affluent Customer,No,20.0,60.0,60-69,5 1st Park,2285.0,NSW,Australia,6.0,8,5,2276.9,4,2,2,422,Becoming Loyal,3,Donny Stiven,4252.36
2330,Claresta,Bonnor,Female,5,1990-01-17,Account Coordinator,Property,Mass Customer,No,9.0,28.0,20-29,83 American Ash Drive,2261.0,NSW,Australia,8.0,4,3,1203.34,4,1,1,411,Recent Customer,4,Claresta Bonnor,2391.06
2331,Marybelle,Antal,Female,48,1963-04-11,Database Administrator III,Financial Services,Mass Customer,Yes,10.0,55.0,50-59,94 Twin Pines Trail,2567.0,NSW,Australia,8.0,19,7,3707.24,3,3,3,333,Potential Customer,5,Marybelle Antal,5341.04
2332,Jeff,Goodere,Male,99,1977-04-20,Developer III,Property,High Net Worth,Yes,10.0,41.0,40-49,034 Eagan Avenue,2560.0,NSW,Australia,6.0,31,4,651.6399999999999,3,1,1,311,Late Bloomer,6,Jeff Goodere,1972.9
2333,Ives,Adolfson,Male,82,1966-04-19,Structural Analysis Engineer,Financial Services,Mass Customer,Yes,10.0,52.0,50-59,3 Mariners Cove Terrace,3108.0,VIC,Australia,10.0,92,4,2113.9000000000005,1,1,2,112,Evasive Customer,10,Ives Adolfson,5216.82
2334,Zebulen,Hefford,Male,30,1996-03-16,Food Chemist,Health,Affluent Customer,No,5.0,22.0,20-29,2 Raven Way,3106.0,VIC,Australia,10.0,69,3,1315.76,2,1,1,211,Almost Lost Customer,9,Zebulen Hefford,3616.74
2335,Payton,Sheach,Unknown,42,,Account Executive,IT,Mass Customer,No,,,,4527 Butterfield Circle,2076.0,NSW,Australia,9.0,11,7,4112.98,4,3,3,433,Very Loyal,2,Payton Sheach,7350.46
2336,Karney,Labrone,Male,59,1978-01-19,Dental Hygienist,Health,Affluent Customer,No,17.0,40.0,40-49,366 Hovde Park,2566.0,NSW,Australia,8.0,74,9,5853.82,2,4,4,244,Losing Customer,7,Karney Labrone,10942.55
2337,Odilia,Bick,Female,47,2000-01-11,Programmer Analyst II,Health,Mass Customer,No,1.0,18.0,Under 20,2 Straubel Lane,2477.0,NSW,Australia,6.0,172,3,398.42999999999995,1,1,1,111,Lost Customer,11,Odilia Bick,2169.36
2338,Clarie,Hackworth,Female,13,1986-11-28,Programmer Analyst IV,Manufacturing,Mass Customer,No,5.0,31.0,30-39,0 Butterfield Junction,2340.0,NSW,Australia,5.0,23,7,3574.3100000000004,3,3,3,333,Potential Customer,5,Clarie Hackworth,7546.18
2339,Damien,Haddeston,Male,3,1958-12-28,Web Designer II,Property,Affluent Customer,Yes,16.0,59.0,50-59,7174 Thackeray Point,2153.0,NSW,Australia,10.0,25,8,3077.71,3,4,3,343,Potential Customer,5,Damien Haddeston,8860.49
2340,Joachim,Amer,Male,33,1978-03-29,Research Assistant IV,Health,Mass Customer,Yes,16.0,40.0,40-49,29 Portage Street,4070.0,QLD,Australia,7.0,5,9,4585.400000000001,4,4,4,444,Platinum Customer,1,Joachim Amer,9442.23
2341,Caterina,Scedall,Unknown,41,,Web Designer II,IT,Mass Customer,Yes,,,,35 Lakewood Gardens Junction,3806.0,VIC,Australia,9.0,13,8,4952.23,4,4,4,444,Platinum Customer,1,Caterina Scedall,11392.11
2342,Clara,Jakel,Female,87,1999-09-17,Unknown,Unknown,Mass Customer,No,2.0,18.0,Under 20,5 Stoughton Parkway,2099.0,NSW,Australia,9.0,65,4,2092.72,2,1,2,212,High Risk Customer,8,Clara Jakel,4988.86
2343,Wilhelm,Corteis,Male,6,1959-03-24,Nurse Practicioner,Argiculture,High Net Worth,Yes,5.0,59.0,50-59,533 Ramsey Center,4507.0,QLD,Australia,5.0,62,3,3275.66,2,1,3,213,High Risk Customer,8,Wilhelm Corteis,4215.4
2344,Wat,Robelin,Male,93,1993-03-04,Nurse,Financial Services,Mass Customer,Yes,7.0,25.0,20-29,694 Northwestern Court,2155.0,NSW,Australia,10.0,47,6,2605.0899999999997,2,2,2,222,High Risk Customer,8,Wat Robelin,6947.3
2345,Arden,Godard,Female,50,1986-07-15,Systems Administrator I,Retail,Affluent Customer,Yes,3.0,31.0,30-39,4 Huxley Alley,4070.0,QLD,Australia,8.0,0,5,4719.95,4,2,4,424,Becoming Loyal,3,Arden Godard,7439.41
2346,Joey,Scheffler,Male,89,1979-09-16,Information Systems Manager,Unknown,Mass Customer,Yes,4.0,38.0,30-39,03961 Sullivan Park,2114.0,NSW,Australia,12.0,162,5,3315.3199999999997,1,2,3,123,Evasive Customer,10,Joey Scheffler,6429.33
2347,L;urette,Annott,Female,79,1957-03-04,Programmer Analyst I,Unknown,High Net Worth,No,11.0,61.0,60-69,1081 Laurel Park,2049.0,NSW,Australia,12.0,87,9,5640.43,1,4,4,144,Almost Lost Customer,9,L;urette Annott,10730.51
2348,Keeley,Winslet,Female,2,1957-11-07,Web Designer IV,Manufacturing,Mass Customer,No,16.0,60.0,60-69,24 Corben Terrace,2164.0,NSW,Australia,8.0,60,4,831.6700000000001,2,1,1,211,Almost Lost Customer,9,Keeley Winslet,2451.77
2349,Julee,Garwell,Female,23,1979-03-05,Executive Secretary,Telecommunications,High Net Worth,No,3.0,39.0,30-39,99 Eastlawn Way,2360.0,NSW,Australia,1.0,54,5,2500.26,2,2,2,222,High Risk Customer,8,Julee Garwell,3608.1400000000003
2350,Lorinda,Malpass,Female,32,1959-03-17,Nurse Practicioner,Unknown,Mass Customer,Yes,14.0,59.0,50-59,6 Anniversary Place,2213.0,NSW,Australia,10.0,180,6,1292.2299999999998,1,2,1,121,Evasive Customer,10,Lorinda Malpass,5770.32
2351,Felicity,Beirne,Female,35,1992-03-15,Assistant Professor,Retail,Affluent Customer,Yes,10.0,26.0,20-29,0866 Pennsylvania Junction,3181.0,VIC,Australia,10.0,55,8,5612.84,2,4,4,244,Losing Customer,7,Felicity Beirne,8325.25
2352,Cilka,Dabbes,Female,76,1971-10-22,Statistician II,Unknown,Mass Customer,Yes,13.0,46.0,40-49,2 Continental Park,3194.0,VIC,Australia,10.0,36,1,1279.4,3,1,1,311,Late Bloomer,6,Cilka Dabbes,1292.84
2353,Lyn,Luquet,Male,93,1978-12-27,Health Coach IV,Health,Affluent Customer,Yes,12.0,39.0,30-39,22774 Pennsylvania Hill,2262.0,NSW,Australia,6.0,81,10,4842.52,2,4,4,244,Losing Customer,7,Lyn Luquet,11013.74
2354,Tammie,Fisbey,Female,99,1958-12-19,Product Engineer,Retail,Mass Customer,No,17.0,59.0,50-59,9 Merrick Plaza,3138.0,VIC,Australia,8.0,36,5,3458.1499999999996,3,2,3,323,Potential Customer,5,Tammie Fisbey,4817.55
2355,Shaughn,,Male,87,1993-12-19,Operator,Manufacturing,Mass Customer,Yes,4.0,24.0,20-29,52593 Iowa Place,2529.0,NSW,Australia,8.0,70,5,4351.82,2,2,4,224,Losing Customer,7,Shaughn,5619.5599999999995
2356,Arluene,Manchester,Female,58,1994-12-17,Geological Engineer,Manufacturing,Affluent Customer,No,3.0,23.0,20-29,3 School Drive,4173.0,QLD,Australia,7.0,146,4,2674.92,1,1,2,112,Evasive Customer,10,Arluene Manchester,5020.27
2357,Lisette,Mingardi,Female,39,1962-10-15,Civil Engineer,Manufacturing,Mass Customer,No,6.0,55.0,50-59,9292 Mcguire Plaza,2073.0,NSW,Australia,12.0,40,4,2741.81,3,1,2,312,Late Bloomer,6,Lisette Mingardi,5811.12
2358,Ave,Peatt,Male,26,1959-05-01,Senior Sales Associate,Retail,High Net Worth,Yes,15.0,59.0,50-59,6 Graceland Court,4301.0,QLD,Australia,2.0,3,11,3682.73,4,4,3,443,Very Loyal,2,Ave Peatt,8523.43
2359,Merlina,Bream,Female,80,1986-03-25,Mechanical Systems Engineer,Property,High Net Worth,Yes,7.0,32.0,30-39,24 Lerdahl Street,4825.0,QLD,Australia,3.0,82,8,2688.57,2,4,2,242,Losing Customer,7,Merlina Bream,9029.74
2360,Karleen,McGenn,Female,0,1974-11-03,VP Accounting,Financial Services,High Net Worth,Yes,5.0,43.0,40-49,801 Kings Parkway,2227.0,NSW,Australia,10.0,27,6,4962.2,3,2,4,324,Potential Customer,5,Karleen McGenn,8601.41
2361,Jeannette,Cerman,Female,55,1954-11-28,Help Desk Operator,Unknown,High Net Worth,Yes,20.0,63.0,60-69,89 Pawling Court,4020.0,QLD,Australia,7.0,22,7,4178.450000000001,3,3,4,334,Potential Customer,5,Jeannette Cerman,7640.51
2362,Herbie,Machans,Male,49,1972-06-05,Developer II,Financial Services,Affluent Customer,Yes,19.0,46.0,40-49,89972 Graedel Point,2176.0,NSW,Australia,9.0,45,3,959.32,2,1,1,211,Almost Lost Customer,9,Herbie Machans,3007.23
2363,Bobby,Farmiloe,Male,92,1983-12-30,Nurse,Entertainment,Mass Customer,Yes,16.0,34.0,30-39,17123 Northport Circle,4223.0,QLD,Australia,9.0,58,6,3222.99,2,2,3,223,High Risk Customer,8,Bobby Farmiloe,5473.37
2364,Fielding,Linklater,Male,19,1995-09-22,Speech Pathologist,Unknown,Mass Customer,Yes,13.0,22.0,20-29,20 Bluestem Way,4152.0,QLD,Australia,9.0,43,5,4826.5,3,2,4,324,Potential Customer,5,Fielding Linklater,8404.81
2365,Lauretta,Furmonger,Female,2,1998-10-18,Structural Analysis Engineer,Argiculture,Mass Customer,Yes,3.0,19.0,Under 20,743 Stone Corner Parkway,4127.0,QLD,Australia,6.0,1,5,2411.63,4,2,2,422,Becoming Loyal,3,Lauretta Furmonger,5448.58
2366,Idette,Mapam,Female,51,1975-06-15,Web Designer I,Health,Mass Customer,Yes,15.0,43.0,40-49,33 Prentice Street,2300.0,NSW,Australia,9.0,19,5,2554.42,3,2,2,322,Late Bloomer,6,Idette Mapam,5543.95
2367,Lorne,Sabin,Male,40,1957-05-22,Electrical Engineer,Manufacturing,Mass Customer,Yes,16.0,61.0,60-69,5 Columbus Crossing,3040.0,VIC,Australia,10.0,25,7,4636.8,3,3,4,334,Potential Customer,5,Lorne Sabin,9334.85
2368,Rowe,Losbie,Female,98,1993-01-22,Chemical Engineer,Manufacturing,Mass Customer,No,10.0,25.0,20-29,29 Basil Point,2284.0,NSW,Australia,5.0,74,6,4675.969999999999,2,2,4,224,Losing Customer,7,Rowe Losbie,7617.099999999999
2369,Averyl,Gosz,Female,80,1996-10-28,Financial Analyst,Financial Services,Mass Customer,Yes,1.0,21.0,20-29,1 Bay Pass,3219.0,VIC,Australia,5.0,1,8,6854.59,4,4,4,444,Platinum Customer,1,Averyl Gosz,11223.94
2370,Juliane,Calltone,Female,35,1996-03-19,Analyst Programmer,Property,High Net Worth,No,7.0,22.0,20-29,89 Oak Hill,2508.0,NSW,Australia,10.0,20,3,1902.53,3,1,2,312,Late Bloomer,6,Juliane Calltone,3107.9700000000003
2371,Rory,Lokier,Female,22,1966-11-18,Staff Scientist,Manufacturing,High Net Worth,Yes,8.0,51.0,50-59,03 Clarendon Way,2099.0,NSW,Australia,10.0,93,5,2642.95,1,2,2,122,Evasive Customer,10,Rory Lokier,7720.1
2372,Jim,Shoppee,Male,14,1977-09-10,Clinical Specialist,Health,Affluent Customer,No,10.0,40.0,40-49,0 Gateway Road,3149.0,VIC,Australia,12.0,0,8,2940.0299999999997,4,4,3,443,Very Loyal,2,Jim Shoppee,8067.12
2373,Cordy,Readshall,Female,51,1982-05-22,Structural Engineer,Manufacturing,High Net Worth,Yes,16.0,36.0,30-39,631 Fuller Parkway,3023.0,VIC,Australia,7.0,45,4,2381.7400000000002,2,1,2,212,High Risk Customer,8,Cordy Readshall,4758.4400000000005
2374,Dolf,Baudichon,Male,6,1993-06-15,Design Engineer,Financial Services,Mass Customer,No,9.0,25.0,20-29,43898 Prentice Court,3025.0,VIC,Australia,9.0,14,7,5300.04,4,3,4,434,Very Loyal,2,Dolf Baudichon,7495.68
2375,Alika,Milbourne,Female,21,1987-03-17,Sales Representative,Retail,Affluent Customer,No,8.0,31.0,30-39,2 Melody Alley,3172.0,VIC,Australia,8.0,43,7,5641.47,3,3,4,334,Potential Customer,5,Alika Milbourne,9972.86
2376,Eada,Narbett,Female,84,1958-10-23,Community Outreach Specialist,Unknown,High Net Worth,Yes,12.0,59.0,50-59,01 Dunning Drive,2064.0,NSW,Australia,9.0,11,4,2137.9399999999996,4,1,2,412,Recent Customer,4,Eada Narbett,5599.33
2377,Kristien,Dunne,Female,29,1998-10-02,Analog Circuit Design manager,IT,High Net Worth,No,2.0,19.0,Under 20,86686 Novick Center,3147.0,VIC,Australia,11.0,7,5,4707.549999999999,4,2,4,424,Becoming Loyal,3,Kristien Dunne,8081.98
2378,Aggi,Farncombe,Female,41,1994-04-25,Research Assistant II,Manufacturing,Affluent Customer,No,1.0,24.0,20-29,51 Leroy Place,2065.0,NSW,Australia,10.0,10,5,2777.48,4,2,2,422,Becoming Loyal,3,Aggi Farncombe,5040.639999999999
2379,Trixie,Piscopiello,Female,85,1981-05-05,Occupational Therapist,Health,Affluent Customer,Yes,15.0,37.0,30-39,5390 Park Meadow Park,2222.0,NSW,Australia,10.0,3,11,8252.73,4,4,4,444,Platinum Customer,1,Trixie Piscopiello,13030.07
2380,Merissa,Milella,Female,44,1956-04-09,Technical Writer,Retail,Mass Customer,Yes,15.0,62.0,60-69,4 Judy Park,2016.0,NSW,Australia,10.0,42,7,5231.29,3,3,4,334,Potential Customer,5,Merissa Milella,7948.44
2381,Dulsea,Pladen,Female,91,1973-02-12,Programmer I,Argiculture,Affluent Customer,Yes,5.0,45.0,40-49,9 American Ash Plaza,2015.0,NSW,Australia,9.0,29,7,2731.88,3,3,2,332,Potential Customer,5,Dulsea Pladen,7877.93
2382,Turner,Huggens,Male,79,1971-07-05,Accounting Assistant III,Retail,Mass Customer,Yes,4.0,46.0,40-49,3 Riverside Drive,4034.0,QLD,Australia,8.0,38,7,1301.43,3,3,1,331,Potential Customer,5,Turner Huggens,3369.77
2383,Zaria,Eberz,Female,34,1978-09-15,Compensation Analyst,Financial Services,Mass Customer,No,15.0,39.0,30-39,25925 Service Crossing,2147.0,NSW,Australia,9.0,21,9,5876.070000000001,3,4,4,344,Recent Customer,4,Zaria Eberz,13104.08
2384,Garey,Letrange,Male,96,1961-07-16,Operator,Health,High Net Worth,Yes,6.0,56.0,50-59,080 Pond Alley,2065.0,NSW,Australia,9.0,59,6,3796.7,2,2,3,223,High Risk Customer,8,Garey Letrange,5845.17
2385,Gaultiero,Lissenden,Male,70,1958-12-17,Dental Hygienist,Health,Mass Customer,No,8.0,59.0,50-59,1816 Monument Park,3074.0,VIC,Australia,7.0,31,8,4797.129999999999,3,4,4,344,Recent Customer,4,Gaultiero Lissenden,7901.9400000000005
2386,Adrianne,Lowerson,Female,93,1997-07-06,Compensation Analyst,Financial Services,Mass Customer,No,2.0,20.0,20-29,1 Nova Avenue,2200.0,NSW,Australia,9.0,12,7,5453.860000000001,4,3,4,434,Very Loyal,2,Adrianne Lowerson,7710.12
2387,Roy,Jone,Male,33,1977-08-30,Nurse,Unknown,High Net Worth,Yes,9.0,40.0,40-49,98 Mesta Street,2038.0,NSW,Australia,11.0,182,2,147.82999999999996,1,1,1,111,Lost Customer,11,Roy Jone,591.31
2388,Quincy,Weben,Male,84,1997-05-28,Cost Accountant,Financial Services,Mass Customer,No,1.0,21.0,20-29,7256 Forster Crossing,2533.0,NSW,Australia,8.0,113,7,5387.65,1,3,4,134,Almost Lost Customer,9,Quincy Weben,10013.26
2389,Sibyl,Gudge,Male,18,1973-12-28,Desktop Support Technician,Retail,High Net Worth,No,7.0,44.0,40-49,249 Burning Wood Point,2758.0,NSW,Australia,8.0,8,3,1030.19,4,1,1,411,Recent Customer,4,Sibyl Gudge,2456.1800000000003
2390,Tonya,Nealand,Female,48,1964-05-06,Legal Assistant,Property,Mass Customer,No,12.0,54.0,50-59,12651 Lake View Point,4209.0,QLD,Australia,7.0,69,7,5593.6,2,3,4,234,Losing Customer,7,Tonya Nealand,9982.43
2391,Corny,Millott,Female,72,1961-04-22,Nurse Practicioner,Health,Mass Customer,No,14.0,57.0,50-59,9501 Melby Avenue,4178.0,QLD,Australia,7.0,12,9,4852.43,4,4,4,444,Platinum Customer,1,Corny Millott,9000.68
2392,Isadora,Gronaller,Female,48,2001-01-11,Marketing Assistant,Manufacturing,Affluent Customer,No,2.0,17.0,Under 20,69810 Westridge Avenue,2573.0,NSW,Australia,6.0,26,5,1547.88,3,2,1,321,Late Bloomer,6,Isadora Gronaller,5215.18
2393,Dorian,Colledge,Female,68,1981-06-21,Registered Nurse,Health,High Net Worth,Yes,11.0,37.0,30-39,422 Crownhardt Court,4179.0,QLD,Australia,7.0,122,2,192.9699999999999,1,1,1,111,Lost Customer,11,Dorian Colledge,1228.76
2394,Ferne,Reese,Female,31,1995-11-12,GIS Technical Architect,Unknown,Mass Customer,Yes,7.0,22.0,20-29,4 Londonderry Junction,4159.0,QLD,Australia,7.0,90,1,745.94,1,1,1,111,Lost Customer,11,Ferne Reese,980.37
2395,Ashlin,Kesby,Male,23,1966-02-26,Executive Secretary,Unknown,High Net Worth,No,16.0,52.0,50-59,7346 Luster Circle,4131.0,QLD,Australia,5.0,62,1,57.72999999999999,2,1,1,211,Almost Lost Customer,9,Ashlin Kesby,230.91
2396,Elmira,Wildblood,Female,40,1973-08-02,Recruiter,Retail,Affluent Customer,Yes,7.0,44.0,40-49,43 Commercial Road,4128.0,QLD,Australia,7.0,0,5,2700.55,4,2,2,422,Becoming Loyal,3,Elmira Wildblood,5478.09
2397,Cassius,Birchenough,Male,33,1985-06-10,Analyst Programmer,Retail,Affluent Customer,Yes,4.0,33.0,30-39,44083 Village Court,2142.0,NSW,Australia,7.0,53,9,4002.3199999999997,2,4,3,243,Losing Customer,7,Cassius Birchenough,10464.01
2398,Mirelle,,Female,6,2000-10-11,Administrative Assistant IV,Financial Services,High Net Worth,Yes,1.0,17.0,Under 20,57 Tennessee Alley,4034.0,QLD,Australia,5.0,113,3,746.1999999999999,1,1,1,111,Lost Customer,11,Mirelle,2426.93
2399,Devonne,McPolin,Female,20,1980-06-11,Software Consultant,Manufacturing,High Net Worth,Yes,14.0,38.0,30-39,57 Debra Terrace,2259.0,NSW,Australia,6.0,38,6,2724.93,3,2,2,322,Late Bloomer,6,Devonne McPolin,6424.44
2400,Lindsay,Stollsteiner,Male,73,1978-02-28,Office Assistant III,Property,Mass Customer,Yes,22.0,40.0,40-49,846 Carberry Street,4218.0,QLD,Australia,11.0,19,8,5205.75,3,4,4,344,Recent Customer,4,Lindsay Stollsteiner,10452.28
2401,Drake,Riguard,Male,7,1977-07-31,Staff Scientist,Unknown,Mass Customer,Yes,15.0,40.0,40-49,4 Center Park,3807.0,VIC,Australia,6.0,21,8,5804.28,3,4,4,344,Recent Customer,4,Drake Riguard,10935.93
2402,Merrielle,Strafen,Female,99,1957-06-07,Cost Accountant,Financial Services,Mass Customer,Yes,8.0,61.0,60-69,1 Coolidge Plaza,2150.0,NSW,Australia,7.0,78,3,788.2799999999997,2,1,1,211,Almost Lost Customer,9,Merrielle Strafen,4490.75
2403,Karalee,Tremlett,Female,41,1977-10-25,Technical Writer,Financial Services,Affluent Customer,No,12.0,40.0,40-49,544 Northland Place,2190.0,NSW,Australia,10.0,150,4,767.56,1,1,1,111,Lost Customer,11,Karalee Tremlett,2707.12
2404,Conney,Grouse,Male,13,1960-03-14,Graphic Designer,Retail,Mass Customer,No,6.0,58.0,50-59,91 Norway Maple Hill,2065.0,NSW,Australia,11.0,2,6,2978.2499999999995,4,2,3,423,Becoming Loyal,3,Conney Grouse,9279.27
2405,Quintana,Merricks,Female,16,1957-07-28,Structural Analysis Engineer,Unknown,Mass Customer,No,18.0,60.0,60-69,5 Myrtle Trail,2285.0,NSW,Australia,5.0,45,6,1853.8600000000001,2,2,2,222,High Risk Customer,8,Quintana Merricks,3528.3599999999997
2406,Randal,Messager,Male,34,1973-06-11,Executive Secretary,Unknown,Affluent Customer,Yes,9.0,45.0,40-49,645 Thackeray Street,4879.0,QLD,Australia,6.0,80,4,1341.22,2,1,1,211,Almost Lost Customer,9,Randal Messager,4117.37
2407,Merrily,,Female,24,1959-03-30,Unknown,Financial Services,High Net Worth,Yes,6.0,59.0,50-59,1439 Utah Court,2176.0,NSW,Australia,9.0,68,6,1792.3899999999999,2,2,1,221,High Risk Customer,8,Merrily,6205.71
2408,Celestia,,Female,38,1955-10-10,VP Marketing,Health,Mass Customer,No,16.0,62.0,60-69,9 Hollow Ridge Circle,2500.0,NSW,Australia,8.0,24,3,2824.16,3,1,2,312,Late Bloomer,6,Celestia,3920.17
2409,Carolan,Ortler,Female,23,1989-07-13,Unknown,Health,Mass Customer,No,12.0,28.0,20-29,4177 Bluejay Street,2560.0,NSW,Australia,8.0,49,7,3077.56,2,3,3,233,Losing Customer,7,Carolan Ortler,7117.35
2410,Eugenia,Verey,Female,75,1974-08-24,Geological Engineer,Manufacturing,Mass Customer,Yes,21.0,43.0,40-49,75351 Ridgeview Lane,3181.0,VIC,Australia,11.0,36,7,3695.7300000000005,3,3,3,333,Potential Customer,5,Eugenia Verey,7649.62
2411,Casey,McDade,Male,0,1964-05-27,Technical Writer,Financial Services,High Net Worth,No,13.0,54.0,50-59,4006 Algoma Crossing,2041.0,NSW,Australia,12.0,223,4,3483.39,1,1,3,113,Evasive Customer,10,Casey McDade,6535.39
2412,Tiffi,Havercroft,Female,77,1981-05-26,Chemical Engineer,Manufacturing,Affluent Customer,No,8.0,37.0,30-39,881 Debs Center,4051.0,QLD,Australia,8.0,17,6,3903.5699999999997,4,2,3,423,Becoming Loyal,3,Tiffi Havercroft,7097.639999999999
2413,Abbey,Murrow,Male,27,1943-08-11,Environmental Specialist,Manufacturing,High Net Worth,Yes,17.0,74.0,70-79,423 Debra Terrace,3082.0,VIC,Australia,8.0,58,7,4523.23,2,3,4,234,Losing Customer,7,Abbey Murrow,8666.869999999999
2414,Basile,Bowlas,Unknown,18,,Registered Nurse,Health,Mass Customer,Yes,,,,1369 Wayridge Terrace,3802.0,VIC,Australia,7.0,4,4,2209.13,4,1,2,412,Recent Customer,4,Basile Bowlas,5682.46
2415,Tanner,Harp,Male,56,1978-11-05,Web Designer II,Manufacturing,Mass Customer,No,3.0,39.0,30-39,6142 Grayhawk Lane,2298.0,NSW,Australia,8.0,43,5,1844.8799999999999,3,2,2,322,Late Bloomer,6,Tanner Harp,4412.09
2416,Eberhard,Shalcras,Male,19,1959-12-29,Office Assistant I,Health,Affluent Customer,No,16.0,58.0,50-59,5 Steensland Hill,2768.0,NSW,Australia,10.0,222,2,300.0899999999999,1,1,1,111,Lost Customer,11,Eberhard Shalcras,2220.23
2417,Cacilia,Swetland,Female,27,1974-06-24,Nurse,Unknown,Affluent Customer,No,22.0,44.0,40-49,37983 Logan Street,2154.0,NSW,Australia,11.0,22,1,451.6500000000001,3,1,1,311,Late Bloomer,6,Cacilia Swetland,1129.13
2418,Elspeth,Brazil,Female,82,1970-04-05,Software Engineer III,Property,Mass Customer,Yes,13.0,48.0,40-49,31168 Messerschmidt Street,3024.0,VIC,Australia,5.0,2,7,5457.09,4,3,4,434,Very Loyal,2,Elspeth Brazil,9068.28
2419,Aron,Karlsen,Male,96,1978-07-04,Physical Therapy Assistant,Property,High Net Worth,No,9.0,39.0,30-39,240 Lake View Road,4118.0,QLD,Australia,5.0,51,8,2702.5,2,4,2,242,Losing Customer,7,Aron Karlsen,8651.87
2420,Celie,Guyers,Female,10,1976-08-26,Staff Scientist,Financial Services,High Net Worth,No,16.0,41.0,40-49,290 Jay Drive,4210.0,QLD,Australia,3.0,139,3,1749.57,1,1,1,111,Lost Customer,11,Celie Guyers,2367.71
2421,Marilee,Garbott,Female,54,1954-08-16,Research Nurse,Health,Affluent Customer,Yes,13.0,63.0,60-69,1369 Morrow Plaza,3046.0,VIC,Australia,8.0,0,6,409.8000000000001,4,2,1,421,Becoming Loyal,3,Marilee Garbott,2836.38
2422,Crysta,Woliter,Female,96,1978-11-30,Librarian,Entertainment,High Net Worth,No,13.0,39.0,30-39,61976 Emmet Junction,2178.0,NSW,Australia,10.0,32,5,2606.6,3,2,2,322,Late Bloomer,6,Crysta Woliter,4670.18
2423,Lenci,Symcox,Male,49,1981-02-20,Professor,IT,Mass Customer,Yes,20.0,37.0,30-39,7585 Rutledge Trail,3161.0,VIC,Australia,9.0,59,1,50.66,2,1,1,211,Almost Lost Customer,9,Lenci Symcox,202.62
2424,Loren,Batkin,Male,17,1982-01-06,Unknown,Unknown,Affluent Customer,Yes,15.0,36.0,30-39,9 Northwestern Pass,4879.0,QLD,Australia,6.0,67,7,2446.2,2,3,2,232,Losing Customer,7,Loren Batkin,5910.3099999999995
2425,Barn,Sainsberry,Male,32,1976-03-19,Help Desk Technician,Unknown,Mass Customer,Yes,11.0,42.0,40-49,16 Dwight Court,2154.0,NSW,Australia,10.0,8,9,3921.8199999999997,4,4,3,443,Very Loyal,2,Barn Sainsberry,8310.5
2426,Yancy,Ovett,Unknown,64,,Unknown,IT,Affluent Customer,Yes,,,,4 Becker Center,2145.0,NSW,Australia,10.0,16,5,3721.5,4,2,3,423,Becoming Loyal,3,Yancy Ovett,8399.89
2427,Myrta,Whibley,Female,20,1998-10-15,Senior Developer,Unknown,High Net Worth,Yes,2.0,19.0,Under 20,96 Hintze Point,2147.0,NSW,Australia,8.0,3,6,4388.13,4,2,4,424,Becoming Loyal,3,Myrta Whibley,7962.36
2428,Pauly,Keightley,Male,74,1968-07-26,Help Desk Operator,Unknown,Mass Customer,Yes,9.0,49.0,40-49,34222 Vera Circle,3240.0,VIC,Australia,7.0,10,9,6462.95,4,4,4,444,Platinum Customer,1,Pauly Keightley,10167.49
2429,Emeline,Baldi,Female,54,1980-11-11,Assistant Professor,Manufacturing,Mass Customer,Yes,3.0,37.0,30-39,338 Little Fleur Avenue,2170.0,NSW,Australia,9.0,222,3,2883.65,1,1,3,113,Evasive Customer,10,Emeline Baldi,3811.29
2430,Humbert,Dikles,Male,38,1968-09-06,Quality Engineer,Unknown,Mass Customer,No,5.0,49.0,40-49,57769 Gulseth Lane,2040.0,NSW,Australia,10.0,115,4,2664.7099999999996,1,1,2,112,Evasive Customer,10,Humbert Dikles,3385.21
2431,Alvy,Tyndall,Male,15,1999-12-24,Senior Cost Accountant,Financial Services,Mass Customer,Yes,2.0,18.0,Under 20,309 Shopko Center,4211.0,QLD,Australia,10.0,218,2,167.62999999999997,1,1,1,111,Lost Customer,11,Alvy Tyndall,1447.1799999999998
2432,Ebba,Melhuish,Female,67,1981-02-21,Nuclear Power Engineer,Manufacturing,Affluent Customer,Yes,5.0,37.0,30-39,37 Roth Place,2144.0,NSW,Australia,10.0,32,7,2253.09,3,3,2,332,Potential Customer,5,Ebba Melhuish,4898.05
2433,Burty,Strutz,Male,38,1976-07-19,Nurse Practicioner,Unknown,High Net Worth,Yes,8.0,41.0,40-49,618 Kropf Drive,2261.0,NSW,Australia,9.0,26,10,5108.660000000001,3,4,4,344,Recent Customer,4,Burty Strutz,10945.11
2434,Lenci,Soars,Male,40,1956-11-17,Environmental Specialist,Unknown,Affluent Customer,No,18.0,61.0,60-69,1966 Glendale Avenue,4207.0,QLD,Australia,4.0,0,9,6874.53,4,4,4,444,Platinum Customer,1,Lenci Soars,10024.41
2435,Orly,Ceney,Female,69,1961-08-12,Account Coordinator,Manufacturing,Mass Customer,No,14.0,56.0,50-59,401 Pond Circle,4019.0,QLD,Australia,7.0,123,5,2656.6699999999996,1,2,2,122,Evasive Customer,10,Orly Ceney,6950.49
2436,Jaymie,Wellesley,Male,37,1986-03-21,Help Desk Technician,IT,Mass Customer,No,4.0,32.0,30-39,582 Kropf Avenue,2032.0,NSW,Australia,11.0,16,4,1700.17,4,1,1,411,Recent Customer,4,Jaymie Wellesley,3919.84
2437,Simonette,Cressingham,Female,90,1977-05-01,Marketing Manager,Financial Services,Mass Customer,Yes,18.0,41.0,40-49,2 Columbus Park,3075.0,VIC,Australia,7.0,198,2,375.02,1,1,1,111,Lost Customer,11,Simonette Cressingham,1436.8
2438,Lorianne,Ethersey,Female,76,1983-01-29,Speech Pathologist,Manufacturing,Mass Customer,Yes,4.0,35.0,30-39,99739 Coolidge Crossing,2760.0,NSW,Australia,7.0,27,7,3058.7299999999996,3,3,3,333,Potential Customer,5,Lorianne Ethersey,6007.49
2439,Shelly,Yakebovitch,Female,44,1967-10-02,Unknown,Manufacturing,Affluent Customer,No,15.0,50.0,50-59,75 Westerfield Park,4570.0,QLD,Australia,1.0,18,6,2615.46,3,2,2,322,Late Bloomer,6,Shelly Yakebovitch,5841.8
2440,Lethia,Juanes,Female,17,1959-09-21,Engineer II,Manufacturing,Affluent Customer,No,8.0,58.0,50-59,62842 Pearson Point,2508.0,NSW,Australia,9.0,53,3,1067.29,2,1,1,211,Almost Lost Customer,9,Lethia Juanes,4414.99
2441,Loutitia,Pinkie,Female,52,1959-03-29,Unknown,Property,High Net Worth,Yes,5.0,59.0,50-59,78426 Fulton Plaza,4223.0,QLD,Australia,9.0,28,2,443.53,3,1,1,311,Late Bloomer,6,Loutitia Pinkie,2059.61
2442,Odie,Enrrico,Male,8,1957-10-13,Social Worker,Health,Affluent Customer,Yes,17.0,60.0,60-69,336 Service Pass,2073.0,NSW,Australia,11.0,80,6,2619.54,2,2,2,222,High Risk Customer,8,Odie Enrrico,5014.139999999999
2443,Towny,Python,Male,30,1990-02-13,Computer Systems Analyst I,Property,High Net Worth,No,20.0,28.0,20-29,4 Northridge Center,2076.0,NSW,Australia,11.0,12,6,3040.0600000000004,4,2,3,423,Becoming Loyal,3,Towny Python,6182.68
2444,Emmet,Cristoforo,Male,22,1977-05-13,Associate Professor,Manufacturing,High Net Worth,No,11.0,41.0,40-49,8 Superior Court,3174.0,VIC,Australia,5.0,44,4,3270.22,3,1,3,313,Late Bloomer,6,Emmet Cristoforo,5166.36
2445,Johnnie,Prujean,Male,46,1976-03-11,Quality Control Specialist,Retail,Affluent Customer,No,18.0,42.0,40-49,8147 Dapin Hill,2280.0,NSW,Australia,8.0,17,5,2205.8,4,2,2,422,Becoming Loyal,3,Johnnie Prujean,5245.21
2446,Lovell,Kiss,Male,33,1956-09-07,Unknown,Retail,Affluent Customer,No,17.0,61.0,60-69,047 Kedzie Park,2206.0,NSW,Australia,11.0,71,7,5417.47,2,3,4,234,Losing Customer,7,Lovell Kiss,9602.64
2447,Richard,Poor,Male,55,1997-01-06,Tax Accountant,Unknown,Affluent Customer,Yes,2.0,21.0,20-29,9346 Sunfield Plaza,2671.0,NSW,Australia,1.0,39,7,3068.1800000000003,3,3,3,333,Potential Customer,5,Richard Poor,7729.64
2448,Lorri,Iston,Female,5,1992-12-18,Structural Analysis Engineer,Property,High Net Worth,No,10.0,25.0,20-29,11 Dunning Pass,2219.0,NSW,Australia,10.0,6,6,2580.59,4,2,2,422,Becoming Loyal,3,Lorri Iston,5418.88
2449,Oates,Broadberrie,Male,54,1982-06-01,Tax Accountant,Unknown,Affluent Customer,No,8.0,36.0,30-39,67 Crowley Drive,3216.0,VIC,Australia,4.0,76,6,4455.63,2,2,4,224,Losing Customer,7,Oates Broadberrie,8199.95
2450,Jayson,Breheny,Male,64,1974-06-21,Structural Engineer,Retail,Affluent Customer,Yes,7.0,44.0,40-49,76 Schiller Pass,4455.0,QLD,Australia,3.0,40,2,2365.9300000000003,3,1,2,312,Late Bloomer,6,Jayson Breheny,3861.74
2451,Upton,Orford,Male,33,1973-03-09,Editor,Argiculture,Affluent Customer,Yes,18.0,45.0,40-49,71761 Almo Street,4178.0,QLD,Australia,7.0,17,3,1602.8200000000002,4,1,1,411,Recent Customer,4,Upton Orford,3247.8500000000004
2452,Sophronia,Yerrill,Female,93,1975-07-24,Chemical Engineer,Manufacturing,Mass Customer,Yes,17.0,42.0,40-49,4898 Buell Terrace,3043.0,VIC,Australia,7.0,9,4,1147.86,4,1,1,411,Recent Customer,4,Sophronia Yerrill,4209.71
2453,Ruthe,Campe,Female,22,1992-08-05,Safety Technician II,Telecommunications,High Net Worth,No,9.0,25.0,20-29,6 Morningstar Way,2165.0,NSW,Australia,7.0,56,6,2587.7999999999997,2,2,2,222,High Risk Customer,8,Ruthe Campe,4683.469999999999
2454,Gene,Brome,Female,81,1960-02-13,Senior Sales Associate,Property,Mass Customer,Yes,12.0,58.0,50-59,15 Shelley Hill,2164.0,NSW,Australia,8.0,29,11,6272.209999999999,3,4,4,344,Recent Customer,4,Gene Brome,11914.73
2455,Kathe,Heatlie,Female,64,1977-10-09,Unknown,Manufacturing,Mass Customer,No,21.0,40.0,40-49,1556 Sheridan Hill,4165.0,QLD,Australia,5.0,75,8,4737.68,2,4,4,244,Losing Customer,7,Kathe Heatlie,8482.92
2456,Reidar,Pullin,Male,9,1991-05-29,Sales Associate,Unknown,Mass Customer,No,10.0,27.0,20-29,6568 Northridge Pass,3029.0,VIC,Australia,6.0,167,6,2439.35,1,2,2,122,Evasive Customer,10,Reidar Pullin,6887.07
2457,Benito,Vearnals,Male,70,1975-04-12,Developer IV,IT,High Net Worth,Yes,15.0,43.0,40-49,4694 Carioca Court,4060.0,QLD,Australia,10.0,52,6,2757.2299999999996,2,2,2,222,High Risk Customer,8,Benito Vearnals,8023.24
2458,Leilah,Liddel,Female,73,1964-04-20,Media Manager II,Manufacturing,High Net Worth,Yes,5.0,54.0,50-59,6 Ryan Drive,2165.0,NSW,Australia,10.0,4,7,7756.789999999998,4,3,4,434,Very Loyal,2,Leilah Liddel,11224.23
2459,Jeanna,Naulls,Female,67,1986-01-10,Quality Engineer,Manufacturing,High Net Worth,No,18.0,32.0,30-39,975 Annamark Hill,4034.0,QLD,Australia,6.0,53,11,4737.3,2,4,4,244,Losing Customer,7,Jeanna Naulls,11877.19
2460,Mick,Boutellier,Male,88,1976-05-17,Nurse Practicioner,Manufacturing,High Net Worth,Yes,12.0,42.0,40-49,40 Ilene Drive,3690.0,VIC,Australia,1.0,50,4,1204.2599999999998,2,1,1,211,Almost Lost Customer,9,Mick Boutellier,4291.639999999999
2461,Tully,,Male,89,1976-06-12,Speech Pathologist,Unknown,Affluent Customer,No,17.0,42.0,40-49,60 Sycamore Lane,2148.0,NSW,Australia,9.0,31,6,2067.4700000000003,3,2,2,322,Late Bloomer,6,Tully,4090.26
2462,Fletcher,Hutchens,Male,17,1980-07-05,Assistant Media Planner,Entertainment,Affluent Customer,No,21.0,37.0,30-39,8439 Katie Crossing,3028.0,VIC,Australia,8.0,24,5,3481.4500000000003,3,2,3,323,Potential Customer,5,Fletcher Hutchens,5679.63
2463,Krystle,Jovicevic,Female,54,1978-01-30,Pharmacist,Health,Mass Customer,No,12.0,40.0,40-49,22 Hayes Center,3156.0,VIC,Australia,10.0,64,8,5972.62,2,4,4,244,Losing Customer,7,Krystle Jovicevic,9906.89
2464,Cleve,Jindrak,Male,78,1983-04-06,Speech Pathologist,Retail,Mass Customer,No,6.0,35.0,30-39,3126 Butterfield Pass,2573.0,NSW,Australia,8.0,2,13,7817.1,4,4,4,444,Platinum Customer,1,Cleve Jindrak,14574.06
2465,Paloma,Nilles,Female,31,1984-06-12,Senior Editor,Unknown,Mass Customer,Yes,2.0,34.0,30-39,0 Moulton Plaza,2761.0,NSW,Australia,8.0,11,10,4384.09,4,4,4,444,Platinum Customer,1,Paloma Nilles,10135.89
2466,Araldo,Klamp,Male,62,1980-10-04,Software Test Engineer IV,Entertainment,High Net Worth,No,16.0,37.0,30-39,188 Carberry Point,4650.0,QLD,Australia,1.0,19,5,1576.8200000000002,3,2,1,321,Late Bloomer,6,Araldo Klamp,4796.14
2467,Ynez,Fawloe,Female,71,1975-07-15,Engineer III,Manufacturing,Affluent Customer,Yes,4.0,42.0,40-49,083 Farragut Avenue,2540.0,NSW,Australia,7.0,21,5,1961.7900000000002,3,2,2,322,Late Bloomer,6,Ynez Fawloe,2590.13
2468,Parker,Barenskie,Male,51,1995-12-12,Marketing Assistant,Retail,High Net Worth,No,1.0,22.0,20-29,62052 Loomis Avenue,4014.0,QLD,Australia,8.0,21,10,6900.79,3,4,4,344,Recent Customer,4,Parker Barenskie,13390.75
2469,Kermie,Hedger,Unknown,18,,Accounting Assistant II,IT,Mass Customer,Yes,,,,49 Talmadge Trail,2036.0,NSW,Australia,11.0,20,7,5796.209999999999,3,3,4,334,Potential Customer,5,Kermie Hedger,10397.56
2470,Roy,Dunaway,Male,70,1957-07-04,Unknown,Argiculture,Mass Customer,No,13.0,60.0,60-69,6247 Crest Line Terrace,2250.0,NSW,Australia,8.0,12,4,2823.58,4,1,2,412,Recent Customer,4,Roy Dunaway,3356.1
2471,Noland,Bresland,Male,55,1978-12-20,Geological Engineer,Manufacturing,Mass Customer,Yes,8.0,39.0,30-39,77 Armistice Alley,2208.0,NSW,Australia,10.0,13,5,2490.66,4,2,2,422,Becoming Loyal,3,Noland Bresland,5699.45
2472,Mathias,Element,Male,99,1989-06-02,Product Engineer,Health,High Net Worth,Yes,16.0,29.0,20-29,572 Meadow Ridge Drive,3160.0,VIC,Australia,7.0,85,6,4181.0,2,2,4,224,Losing Customer,7,Mathias Element,7612.35
2473,Davon,,Male,50,1970-05-10,Administrative Assistant I,Entertainment,Mass Customer,Yes,13.0,48.0,40-49,7 Mcguire Terrace,3754.0,VIC,Australia,6.0,113,5,2600.73,1,2,2,122,Evasive Customer,10,Davon,4256.68
2474,Chrysa,Burrett,Female,59,1980-06-08,Executive Secretary,Argiculture,High Net Worth,Yes,6.0,38.0,30-39,70 Erie Street,4814.0,QLD,Australia,2.0,31,8,4958.1,3,4,4,344,Recent Customer,4,Chrysa Burrett,7916.51
2475,Cammi,Ambrogioni,Female,68,1977-05-02,Quality Control Specialist,Unknown,Mass Customer,No,20.0,41.0,40-49,3 Talisman Place,4017.0,QLD,Australia,5.0,85,7,6245.25,2,3,4,234,Losing Customer,7,Cammi Ambrogioni,10009.91
2476,Hal,Braddon,Male,13,1956-09-25,Administrative Officer,Property,High Net Worth,No,17.0,61.0,60-69,567 Scott Park,4118.0,QLD,Australia,5.0,14,14,7493.2300000000005,4,4,4,444,Platinum Customer,1,Hal Braddon,14578.69
2477,Barney,Tilling,Male,25,1977-03-23,Electrical Engineer,Manufacturing,Affluent Customer,Yes,10.0,41.0,40-49,9248 Sugar Terrace,2530.0,NSW,Australia,9.0,40,1,802.26,3,1,1,311,Late Bloomer,6,Barney Tilling,2005.66
2478,Andreas,Lamke,Male,85,1966-07-07,Senior Cost Accountant,Financial Services,Affluent Customer,Yes,10.0,51.0,50-59,13 Tennyson Point,4370.0,QLD,Australia,6.0,114,7,2307.25,1,3,2,132,Almost Lost Customer,9,Andreas Lamke,5012.3099999999995
2479,Helge,Voller,Female,81,1996-11-06,Community Outreach Specialist,Retail,Mass Customer,No,5.0,21.0,20-29,88540 Scoville Plaza,3195.0,VIC,Australia,9.0,2,7,1732.26,4,3,1,431,Becoming Loyal,3,Helge Voller,3335.31
2480,Adey,Shevlin,Female,3,1971-12-26,Nuclear Power Engineer,Manufacturing,High Net Worth,Yes,16.0,46.0,40-49,22779 Graedel Road,4655.0,QLD,Australia,2.0,42,5,3382.4,3,2,3,323,Potential Customer,5,Adey Shevlin,6781.5
2481,Amber,Ruslin,Female,71,1979-01-20,Chief Design Engineer,Manufacturing,Mass Customer,Yes,12.0,39.0,30-39,51800 Meadow Vale Point,3023.0,VIC,Australia,7.0,20,7,3836.2400000000002,3,3,3,333,Potential Customer,5,Amber Ruslin,5825.4
2482,Regan,Siemens,Male,95,1953-12-10,Pharmacist,Health,Mass Customer,Yes,10.0,64.0,60-69,1 Trailsway Lane,2145.0,NSW,Australia,9.0,232,3,1400.8299999999997,1,1,1,111,Lost Customer,11,Regan Siemens,3110.6899999999996
2483,Greta,Cotterrill,Female,54,1987-06-06,Unknown,Manufacturing,Mass Customer,No,10.0,31.0,30-39,65662 Haas Trail,2560.0,NSW,Australia,7.0,69,4,859.0900000000001,2,1,1,211,Almost Lost Customer,9,Greta Cotterrill,2791.31
2484,Elise,Slimm,Female,77,1979-10-03,Senior Quality Engineer,Property,Mass Customer,Yes,14.0,38.0,30-39,0 Union Plaza,2444.0,NSW,Australia,7.0,24,6,2157.2399999999993,3,2,2,322,Late Bloomer,6,Elise Slimm,5472.78
2485,Ringo,Parkyn,Male,93,1955-07-27,Help Desk Technician,Unknown,Mass Customer,Yes,12.0,62.0,60-69,1 Forster Junction,2880.0,NSW,Australia,1.0,4,6,1698.9899999999998,4,2,1,421,Becoming Loyal,3,Ringo Parkyn,5955.21
2486,Alaine,Halbord,Female,77,1954-03-09,Structural Engineer,Manufacturing,Mass Customer,Yes,5.0,64.0,60-69,24877 3rd Circle,2063.0,NSW,Australia,12.0,229,2,1185.85,1,1,1,111,Lost Customer,11,Alaine Halbord,3246.42
2487,Elton,Piggford,Male,92,1978-01-13,Operator,IT,Affluent Customer,Yes,14.0,40.0,40-49,34797 Londonderry Trail,3806.0,VIC,Australia,7.0,98,4,2180.75,1,1,2,112,Evasive Customer,10,Elton Piggford,2978.64
2488,Idalia,Braunton,Female,32,1988-11-17,Senior Financial Analyst,Financial Services,Mass Customer,Yes,7.0,29.0,20-29,24649 Kennedy Street,2114.0,NSW,Australia,8.0,18,6,2774.4800000000005,3,2,2,322,Late Bloomer,6,Idalia Braunton,6900.389999999999
2489,Emma,Mates,Female,42,1976-06-12,Speech Pathologist,Retail,Mass Customer,No,15.0,42.0,40-49,9 Spaight Place,2102.0,NSW,Australia,9.0,40,8,6854.85,3,4,4,344,Recent Customer,4,Emma Mates,11411.16
2490,Clint,Krause,Male,28,1987-10-01,Unknown,Health,Mass Customer,Yes,5.0,30.0,30-39,711 Hayes Court,2120.0,NSW,Australia,10.0,38,5,1663.67,3,2,1,321,Late Bloomer,6,Clint Krause,7816.21
2491,Tabbie,Turone,Male,74,1977-05-08,Clinical Specialist,Health,Mass Customer,No,14.0,41.0,40-49,30624 John Wall Point,3101.0,VIC,Australia,7.0,105,6,2136.1800000000003,1,2,2,122,Evasive Customer,10,Tabbie Turone,3798.2
2492,Gayelord,Lipman,Male,35,1974-02-01,Design Engineer,Manufacturing,High Net Worth,No,9.0,44.0,40-49,46 Victoria Center,2770.0,NSW,Australia,9.0,7,10,8437.43,4,4,4,444,Platinum Customer,1,Gayelord Lipman,12661.35
2493,Rey,Collum,Male,56,1981-08-19,Assistant Media Planner,Entertainment,Mass Customer,Yes,17.0,36.0,30-39,99 Blackbird Court,2203.0,NSW,Australia,11.0,54,3,2303.0,2,1,2,212,High Risk Customer,8,Rey Collum,3796.09
2494,Donella,Emm,Female,98,1974-08-08,Senior Sales Associate,Manufacturing,High Net Worth,No,16.0,43.0,40-49,00 Rutledge Alley,2166.0,NSW,Australia,9.0,95,6,2938.5299999999997,1,2,3,123,Evasive Customer,10,Donella Emm,5949.05
2495,Gwenore,Suero,Female,89,1953-11-12,Assistant Professor,IT,Affluent Customer,No,17.0,64.0,60-69,719 Vahlen Way,2560.0,NSW,Australia,8.0,31,8,2232.7799999999997,3,4,2,342,Potential Customer,5,Gwenore Suero,5497.11
2496,Lew,Wittleton,Male,29,1980-08-26,Web Developer II,Manufacturing,Mass Customer,Yes,21.0,37.0,30-39,02 Declaration Lane,4551.0,QLD,Australia,7.0,196,5,707.5600000000002,1,2,1,121,Evasive Customer,10,Lew Wittleton,2095.52
2497,Gustav,Aaronsohn,Male,33,1969-04-05,Administrative Assistant IV,Property,Affluent Customer,No,12.0,49.0,40-49,9366 Judy Alley,4171.0,QLD,Australia,9.0,46,4,2981.3900000000003,2,1,3,213,High Risk Customer,8,Gustav Aaronsohn,4265.4400000000005
2498,Rosana,Emmatt,Female,70,1978-02-02,Software Test Engineer III,Retail,High Net Worth,No,8.0,40.0,40-49,07623 Mandrake Trail,2093.0,NSW,Australia,11.0,7,8,3423.2000000000007,4,4,3,443,Very Loyal,2,Rosana Emmatt,9981.91
2499,Doll,Tschirschky,Female,77,1973-08-30,Account Representative I,Retail,Mass Customer,No,14.0,44.0,40-49,050 Buell Lane,4055.0,QLD,Australia,7.0,175,3,2160.75,1,1,2,112,Evasive Customer,10,Doll Tschirschky,3848.07
2500,Micky,Livings,Female,35,1957-12-18,Senior Developer,Property,High Net Worth,Yes,17.0,60.0,60-69,556 Gale Road,4165.0,QLD,Australia,6.0,23,3,766.4200000000001,3,1,1,311,Late Bloomer,6,Micky Livings,2535.87
2501,Ora,Meaddowcroft,Female,80,1971-07-12,Actuary,Financial Services,Mass Customer,Yes,10.0,46.0,40-49,24 Helena Alley,2566.0,NSW,Australia,9.0,18,7,1813.87,3,3,1,331,Potential Customer,5,Ora Meaddowcroft,7685.12
2502,Concordia,Mussington,Female,6,1964-08-23,Structural Engineer,Manufacturing,Mass Customer,Yes,11.0,53.0,50-59,77410 Bluejay Street,3046.0,VIC,Australia,9.0,14,5,2014.63,4,2,2,422,Becoming Loyal,3,Concordia Mussington,4196.26
2503,Devlin,Laneham,Male,80,1967-07-16,Budget/Accounting Analyst I,Health,Affluent Customer,Yes,10.0,50.0,50-59,62 Doe Crossing Junction,2760.0,NSW,Australia,7.0,108,4,2609.51,1,1,2,112,Evasive Customer,10,Devlin Laneham,4951.0
2504,Aloysius,Huffer,Male,52,2000-04-29,Unknown,Property,Mass Customer,No,2.0,18.0,Under 20,7 Lake View Street,4060.0,QLD,Australia,9.0,93,5,3270.9399999999996,1,2,3,123,Evasive Customer,10,Aloysius Huffer,5458.179999999999
2505,Myrah,McCarry,Female,45,1980-08-25,VP Marketing,Financial Services,High Net Worth,No,3.0,37.0,30-39,30 Redwing Pass,2112.0,NSW,Australia,11.0,12,9,3340.35,4,4,3,443,Very Loyal,2,Myrah McCarry,10295.31
2506,Arlana,Ferrick,Female,97,1955-01-20,Unknown,Health,Affluent Customer,No,9.0,63.0,60-69,99488 Mccormick Terrace,2207.0,NSW,Australia,11.0,106,4,3636.9699999999993,1,1,3,113,Evasive Customer,10,Arlana Ferrick,5594.41
2507,Alysa,Galilee,Female,77,1986-06-25,Biostatistician III,Health,Affluent Customer,Yes,8.0,32.0,30-39,60 Banding Terrace,2880.0,NSW,Australia,1.0,47,4,3467.88,2,1,3,213,High Risk Customer,8,Alysa Galilee,5405.0
2508,Virgil,Borkett,Male,98,1996-11-04,Information Systems Manager,Unknown,Mass Customer,No,3.0,21.0,20-29,6220 Sugar Court,2300.0,NSW,Australia,8.0,56,10,6568.91,2,4,4,244,Losing Customer,7,Virgil Borkett,12948.97
2509,Danya,Beadles,Male,99,1971-07-07,Help Desk Technician,Financial Services,Mass Customer,No,7.0,46.0,40-49,53 Anthes Point,4341.0,QLD,Australia,2.0,25,8,3812.53,3,4,3,343,Potential Customer,5,Danya Beadles,8313.9
2510,Nealson,Lowdham,Male,43,1973-04-10,Human Resources Manager,Manufacturing,Mass Customer,Yes,7.0,45.0,40-49,0 Mosinee Lane,3250.0,VIC,Australia,4.0,111,6,5681.299999999999,1,2,4,124,Almost Lost Customer,9,Nealson Lowdham,8315.039999999999
2511,Jedidiah,Daulby,Male,20,1991-07-12,Technical Writer,Financial Services,Mass Customer,Yes,4.0,26.0,20-29,9 Caliangt Park,2087.0,NSW,Australia,11.0,32,4,2152.6899999999996,3,1,2,312,Late Bloomer,6,Jedidiah Daulby,5381.19
2512,Franzen,Halliday,Male,3,1968-05-22,Web Developer I,Unknown,High Net Worth,Yes,19.0,50.0,50-59,0192 Ridgeview Terrace,4655.0,QLD,Australia,6.0,111,6,1594.3400000000001,1,2,1,121,Evasive Customer,10,Franzen Halliday,5536.07
2513,Rustie,Ligoe,Male,55,1978-07-31,Structural Analysis Engineer,Property,Mass Customer,No,12.0,39.0,30-39,6534 New Castle Plaza,2033.0,NSW,Australia,12.0,106,7,3831.16,1,3,3,133,Almost Lost Customer,9,Rustie Ligoe,8203.29
2514,Vincenty,Sayer,Male,25,1975-08-11,Senior Financial Analyst,Financial Services,High Net Worth,Yes,17.0,42.0,40-49,6 Hoard Plaza,3111.0,VIC,Australia,10.0,46,3,1853.2999999999997,2,1,2,212,High Risk Customer,8,Vincenty Sayer,4414.05
2515,Manya,,Female,24,1995-03-07,Unknown,Retail,Affluent Customer,Yes,3.0,23.0,20-29,440 Shasta Crossing,2118.0,NSW,Australia,10.0,24,3,2628.42,3,1,2,312,Late Bloomer,6,Manya,4764.52
2516,Zoe,Kiddye,Female,42,1967-05-27,Registered Nurse,Health,Mass Customer,No,19.0,51.0,50-59,1127 Artisan Parkway,4070.0,QLD,Australia,5.0,83,3,825.2499999999999,2,1,1,211,Almost Lost Customer,9,Zoe Kiddye,1978.9299999999998
2517,Rozanna,Kegan,Female,1,1978-10-19,Research Nurse,Health,Mass Customer,Yes,9.0,39.0,30-39,23478 Ramsey Pass,2760.0,NSW,Australia,6.0,145,4,3021.3300000000004,1,1,3,113,Evasive Customer,10,Rozanna Kegan,5104.02
2518,Krystalle,Ives,Female,53,1954-08-22,Recruiting Manager,Unknown,Mass Customer,Yes,19.0,63.0,60-69,5 Warbler Avenue,3071.0,VIC,Australia,10.0,70,5,4636.719999999999,2,2,4,224,Losing Customer,7,Krystalle Ives,7538.469999999999
2519,Ryon,Dalliston,Male,76,1979-10-17,Senior Developer,Manufacturing,Mass Customer,Yes,5.0,38.0,30-39,685 International Lane,4825.0,QLD,Australia,2.0,108,4,456.6299999999999,1,1,1,111,Lost Customer,11,Ryon Dalliston,2487.22
2520,Gabie,Skett,Male,71,1974-05-27,Accountant III,Retail,Affluent Customer,Yes,10.0,44.0,40-49,6188 Anniversary Circle,4551.0,QLD,Australia,6.0,11,5,2283.5499999999997,4,2,2,422,Becoming Loyal,3,Gabie Skett,4496.29
2521,Kellia,Martugin,Female,35,1999-08-29,Chemical Engineer,Manufacturing,High Net Worth,Yes,3.0,18.0,Under 20,3 American Ash Parkway,3342.0,VIC,Australia,7.0,208,3,2105.3900000000003,1,1,2,112,Evasive Customer,10,Kellia Martugin,3422.3
2522,Benton,MacGragh,Male,42,1977-02-03,Unknown,Unknown,High Net Worth,No,14.0,41.0,40-49,9 Trailsway Court,2262.0,NSW,Australia,9.0,24,7,3060.84,3,3,3,333,Potential Customer,5,Benton MacGragh,8222.07
2523,Lauree,Shewery,Female,28,1961-10-29,VP Marketing,Financial Services,Mass Customer,Yes,9.0,56.0,50-59,9 Oak Park,4205.0,QLD,Australia,4.0,6,10,5877.28,4,4,4,444,Platinum Customer,1,Lauree Shewery,9855.77
2524,Rustie,Kingsland,Male,84,1969-05-29,Help Desk Technician,Retail,Mass Customer,Yes,8.0,49.0,40-49,82 Lukken Lane,2190.0,NSW,Australia,10.0,184,6,2222.3700000000003,1,2,2,122,Evasive Customer,10,Rustie Kingsland,4384.97
2525,Hans,Ison,Male,25,1992-10-03,Cost Accountant,Financial Services,Mass Customer,No,8.0,25.0,20-29,88551 Hollow Ridge Pass,3500.0,VIC,Australia,2.0,303,1,217.51,1,1,1,111,Lost Customer,11,Hans Ison,1977.36
2526,Izaak,Dopson,Male,89,1969-02-01,Software Test Engineer II,Manufacturing,Mass Customer,No,8.0,49.0,40-49,283 Claremont Hill,2138.0,NSW,Australia,9.0,53,6,2467.14,2,2,2,222,High Risk Customer,8,Izaak Dopson,6039.110000000001
2527,Arly,Petersen,Female,60,1980-07-19,Technical Writer,Unknown,Affluent Customer,Yes,16.0,37.0,30-39,633 Menomonie Junction,3523.0,VIC,Australia,2.0,40,7,4600.01,3,3,4,334,Potential Customer,5,Arly Petersen,8751.73
2528,Cassie,Toffaloni,Male,81,1978-09-23,Senior Editor,Financial Services,Affluent Customer,No,15.0,39.0,30-39,3 Myrtle Terrace,4161.0,QLD,Australia,7.0,25,7,4870.35,3,3,4,334,Potential Customer,5,Cassie Toffaloni,9485.91
2529,Ben,Laidler,Male,81,1954-05-11,Quality Engineer,Manufacturing,High Net Worth,Yes,10.0,64.0,60-69,3 Park Meadow Drive,3023.0,VIC,Australia,7.0,98,7,4083.33,1,3,3,133,Almost Lost Customer,9,Ben Laidler,9000.92
2530,Engracia,Foulcher,Female,63,1960-08-03,Business Systems Development Analyst,Property,Mass Customer,Yes,18.0,57.0,50-59,2757 Green Ridge Circle,2567.0,NSW,Australia,8.0,9,7,2746.93,4,3,2,432,Becoming Loyal,3,Engracia Foulcher,5560.28
2531,Brendan,Verbeke,Male,48,1981-08-20,Teacher,Property,High Net Worth,Yes,8.0,36.0,30-39,46 Dawn Way,2340.0,NSW,Australia,5.0,5,7,3162.37,4,3,3,433,Very Loyal,2,Brendan Verbeke,7233.38
2532,Milli,Hubbert,Female,27,1969-05-01,Unknown,Manufacturing,Mass Customer,No,11.0,49.0,40-49,53723 Dunning Street,2153.0,NSW,Australia,11.0,140,1,17.869999999999997,1,1,1,111,Lost Customer,11,Milli Hubbert,71.49
2533,Harper,Ioannidis,Male,11,1993-07-26,Speech Pathologist,Health,Affluent Customer,Yes,5.0,24.0,20-29,671 Mallory Pass,2177.0,NSW,Australia,8.0,18,3,1710.62,3,1,1,311,Late Bloomer,6,Harper Ioannidis,4689.75
2534,Estelle,Lithgow,Female,70,1965-06-21,Research Associate,Manufacturing,Affluent Customer,Yes,12.0,53.0,50-59,025 Knutson Terrace,2350.0,NSW,Australia,3.0,45,7,1900.9299999999996,2,3,2,232,Losing Customer,7,Estelle Lithgow,8069.62
2535,Butch,Broadnicke,Male,53,1981-08-20,Accountant III,Financial Services,Affluent Customer,No,13.0,36.0,30-39,778 Cambridge Street,4209.0,QLD,Australia,4.0,14,6,3065.02,4,2,3,423,Becoming Loyal,3,Butch Broadnicke,5517.49
2536,Aigneis,Brignall,Female,71,1964-06-10,Associate Professor,Health,Mass Customer,Yes,16.0,54.0,50-59,601 Dryden Way,2264.0,NSW,Australia,7.0,7,6,4622.41,4,2,4,424,Becoming Loyal,3,Aigneis Brignall,9145.1
2537,Peggi,Tolan,Female,8,1989-09-06,Senior Quality Engineer,Unknown,Affluent Customer,Yes,12.0,28.0,20-29,3144 Ruskin Trail,2046.0,NSW,Australia,11.0,22,11,6157.03,3,4,4,344,Recent Customer,4,Peggi Tolan,11743.039999999999
2538,Jacinta,Petrillo,Female,13,1959-01-22,Unknown,Unknown,High Net Worth,Yes,20.0,59.0,50-59,94554 Derek Trail,2009.0,NSW,Australia,10.0,35,9,5949.92,3,4,4,344,Recent Customer,4,Jacinta Petrillo,11849.7
2539,Tracie,Ashdown,Male,68,1967-04-22,Nuclear Power Engineer,Manufacturing,Affluent Customer,Yes,12.0,51.0,50-59,0166 Stephen Drive,2785.0,NSW,Australia,7.0,40,5,2862.41,3,2,3,323,Potential Customer,5,Tracie Ashdown,5493.46
2540,Donavon,,Unknown,14,,Executive Secretary,IT,Mass Customer,Yes,,,,49 Sheridan Circle,2560.0,NSW,Australia,7.0,20,7,3511.3599999999997,3,3,3,333,Potential Customer,5,Donavon,7819.73
2541,Cleveland,Islep,Male,17,2000-03-14,Software Engineer II,Financial Services,High Net Worth,Yes,2.0,18.0,Under 20,6865 Duke Trail,2234.0,NSW,Australia,10.0,20,2,1918.88,3,1,2,312,Late Bloomer,6,Cleveland Islep,3358.87
2542,Amanda,Leverington,Female,43,1966-03-11,Accounting Assistant I,Property,Affluent Customer,Yes,12.0,52.0,50-59,2 Larry Trail,2207.0,NSW,Australia,8.0,43,7,6559.26,3,3,4,334,Potential Customer,5,Amanda Leverington,10741.16
2543,Horacio,Kitchin,Male,41,1999-06-03,Web Developer III,Unknown,Affluent Customer,No,2.0,19.0,Under 20,1 Straubel Alley,2117.0,NSW,Australia,10.0,22,4,4303.86,3,1,4,314,Late Bloomer,6,Horacio Kitchin,5543.46
2544,Ellery,Bowra,Male,73,1988-01-31,VP Marketing,Manufacturing,Mass Customer,Yes,16.0,30.0,30-39,440 Ronald Regan Pass,2261.0,NSW,Australia,7.0,32,6,3044.7999999999993,3,2,3,323,Potential Customer,5,Ellery Bowra,6633.58
2545,Grayce,Aumerle,Female,33,1978-04-11,Tax Accountant,Manufacturing,Mass Customer,Yes,16.0,40.0,40-49,709 Rieder Terrace,3995.0,VIC,Australia,2.0,117,3,1970.7799999999997,1,1,2,112,Evasive Customer,10,Grayce Aumerle,2916.92
2546,Marinna,Hancke,Female,45,1980-04-10,Assistant Professor,Manufacturing,High Net Worth,No,11.0,38.0,30-39,688 Kropf Circle,3351.0,VIC,Australia,5.0,19,4,974.54,3,1,1,311,Late Bloomer,6,Marinna Hancke,2419.01
2547,Aili,Scruby,Female,91,1985-07-08,Social Worker,Health,Mass Customer,Yes,14.0,32.0,30-39,5463 Arapahoe Point,4503.0,QLD,Australia,4.0,184,3,703.8300000000002,1,1,1,111,Lost Customer,11,Aili Scruby,2217.0600000000004
2548,Kristien,Robberts,Female,11,1971-07-30,Chief Design Engineer,Unknown,Mass Customer,No,13.0,46.0,40-49,12 Fairfield Parkway,3029.0,VIC,Australia,7.0,3,12,5981.75,4,4,4,444,Platinum Customer,1,Kristien Robberts,13610.1
2549,Mike,Geggus,Male,12,1998-08-07,Pharmacist,Health,Mass Customer,Yes,4.0,19.0,Under 20,01 Burning Wood Terrace,2323.0,NSW,Australia,9.0,57,4,2211.5599999999995,2,1,2,212,High Risk Customer,8,Mike Geggus,6211.0
2550,Dionysus,Elmhurst,Male,34,1997-08-12,Pharmacist,Health,Mass Customer,Yes,4.0,20.0,20-29,92427 Norway Maple Street,3000.0,VIC,Australia,6.0,11,5,3128.27,4,2,3,423,Becoming Loyal,3,Dionysus Elmhurst,6139.76
2551,Gabrila,Gobbett,Female,0,1987-10-10,VP Quality Control,Unknown,Mass Customer,No,5.0,30.0,30-39,35 Shelley Court,3156.0,VIC,Australia,8.0,265,4,2445.3,1,1,2,112,Evasive Customer,10,Gabrila Gobbett,4894.98
2552,Allard,Skipton,Male,1,1973-11-02,Unknown,Manufacturing,Affluent Customer,Yes,17.0,44.0,40-49,25 Coleman Circle,2214.0,NSW,Australia,9.0,35,6,4292.35,3,2,4,324,Potential Customer,5,Allard Skipton,8603.02
2553,Buddy,Morfell,Male,42,1981-10-09,Unknown,Unknown,High Net Worth,Yes,13.0,36.0,30-39,463 Atwood Court,4160.0,QLD,Australia,7.0,150,7,3134.7999999999993,1,3,3,133,Almost Lost Customer,9,Buddy Morfell,8252.1
2554,Fan,Gaythwaite,Female,76,1982-08-21,Software Engineer III,Unknown,High Net Worth,No,12.0,35.0,30-39,8561 Alpine Center,2380.0,NSW,Australia,3.0,59,5,2883.96,2,2,3,223,High Risk Customer,8,Fan Gaythwaite,4993.71
2555,Brad,Tenman,Male,43,1976-09-19,Health Coach IV,Health,Affluent Customer,No,11.0,41.0,40-49,48 Lighthouse Bay Point,2430.0,NSW,Australia,7.0,1,6,5495.54,4,2,4,424,Becoming Loyal,3,Brad Tenman,9456.4
2556,Chucho,Francey,Male,39,1988-08-11,Unknown,Health,Mass Customer,Yes,15.0,29.0,20-29,0 Dunning Plaza,2462.0,NSW,Australia,2.0,14,2,419.68000000000006,4,1,1,411,Recent Customer,4,Chucho Francey,1917.48
2557,Lian,Zarfai,Female,37,1978-08-19,Unknown,Unknown,Mass Customer,No,19.0,39.0,30-39,255 Bonner Lane,3076.0,VIC,Australia,8.0,30,3,4540.469999999999,3,1,4,314,Late Bloomer,6,Lian Zarfai,5222.06
2558,Imojean,Bosquet,Female,84,1974-10-19,Unknown,Health,High Net Worth,Yes,20.0,43.0,40-49,02485 Bellgrove Road,3015.0,VIC,Australia,9.0,32,4,2907.42,3,1,3,313,Late Bloomer,6,Imojean Bosquet,5684.29
2559,Fulvia,Bernini,Female,7,1969-06-21,Assistant Media Planner,Entertainment,High Net Worth,No,8.0,49.0,40-49,3934 Karstens Circle,2650.0,NSW,Australia,2.0,12,8,2385.42,4,4,2,442,Very Loyal,2,Fulvia Bernini,5364.14
2560,Sherm,Tythe,Male,7,1980-10-01,Developer IV,Unknown,Mass Customer,No,21.0,37.0,30-39,583 Eagle Crest Road,2000.0,NSW,Australia,8.0,45,11,5595.44,2,4,4,244,Losing Customer,7,Sherm Tythe,9706.619999999999
2561,Elga,McWard,Female,44,1963-09-06,Unknown,Manufacturing,High Net Worth,Yes,15.0,54.0,50-59,67 Lerdahl Parkway,4670.0,QLD,Australia,1.0,1,4,4283.02,4,1,4,414,Recent Customer,4,Elga McWard,7146.860000000001
2562,Boonie,Withams,Male,98,1980-09-26,Internal Auditor,Retail,Mass Customer,No,13.0,37.0,30-39,0 Truax Trail,3677.0,VIC,Australia,5.0,101,7,3848.22,1,3,3,133,Almost Lost Customer,9,Boonie Withams,8220.23
2563,Perla,Sabatier,Female,49,1990-03-08,Administrative Assistant IV,Unknown,Mass Customer,Yes,20.0,28.0,20-29,65 Waxwing Drive,2121.0,NSW,Australia,11.0,57,5,1715.61,2,2,1,221,High Risk Customer,8,Perla Sabatier,4716.139999999999
2564,Bell,Carley,Female,18,1976-04-29,Engineer III,Health,Mass Customer,No,15.0,42.0,40-49,1 Mendota Drive,2107.0,NSW,Australia,11.0,47,5,1144.35,2,2,1,221,High Risk Customer,8,Bell Carley,2828.34
2565,Joannes,Harbron,Female,62,1969-08-17,Junior Executive,Health,Affluent Customer,Yes,9.0,48.0,40-49,4821 Schlimgen Avenue,2007.0,NSW,Australia,11.0,29,9,7496.36,3,4,4,344,Recent Customer,4,Joannes Harbron,11516.51
2566,Nani,Brilleman,Female,48,1996-10-29,Accountant II,Entertainment,Affluent Customer,Yes,6.0,21.0,20-29,54 Miller Parkway,3041.0,VIC,Australia,8.0,17,10,3154.7799999999997,4,4,3,443,Very Loyal,2,Nani Brilleman,8489.6
2567,Tobe,Spirit,Male,97,1975-01-13,Systems Administrator IV,Financial Services,Mass Customer,No,22.0,43.0,40-49,4 Barby Avenue,2705.0,NSW,Australia,5.0,71,4,1829.58,2,1,2,212,High Risk Customer,8,Tobe Spirit,5954.21
2568,Anna-diana,Slyne,Female,42,1983-02-16,Staff Scientist,Manufacturing,Mass Customer,No,18.0,35.0,30-39,084 Brickson Park Park,3177.0,VIC,Australia,5.0,72,4,1232.95,2,1,1,211,Almost Lost Customer,9,Anna-diana Slyne,3918.87
2569,Sig,Sellan,Male,62,1985-05-03,VP Quality Control,Retail,Mass Customer,No,16.0,33.0,30-39,147 Golden Leaf Pass,2061.0,NSW,Australia,10.0,75,7,3935.08,2,3,3,233,Losing Customer,7,Sig Sellan,9585.83
2570,Hirsch,Peele,Male,13,1977-09-10,Professor,Financial Services,Mass Customer,Yes,18.0,40.0,40-49,457 Merry Pass,4812.0,QLD,Australia,3.0,93,7,4345.31,1,3,4,134,Almost Lost Customer,9,Hirsch Peele,7426.35
2571,Chariot,Keefe,Male,97,1986-11-17,Internal Auditor,Health,Affluent Customer,Yes,7.0,31.0,30-39,94 Marquette Way,2010.0,NSW,Australia,11.0,45,3,2222.29,2,1,2,212,High Risk Customer,8,Chariot Keefe,3652.28
2572,Sheila,McInulty,Female,30,1980-12-30,Engineer III,Financial Services,Mass Customer,No,13.0,37.0,30-39,711 Summerview Junction,2075.0,NSW,Australia,10.0,79,8,4558.42,2,4,4,244,Losing Customer,7,Sheila McInulty,10111.81
2573,Tera,Van Weedenburg,Female,72,1954-09-23,Software Engineer I,Unknown,Mass Customer,No,10.0,63.0,60-69,22 Debs Point,2233.0,NSW,Australia,9.0,14,4,2007.83,4,1,2,412,Recent Customer,4,Tera Van Weedenburg,4088.91
2574,Humfrey,Boyse,Male,73,1979-12-21,Unknown,Manufacturing,Mass Customer,No,4.0,38.0,30-39,15952 Mockingbird Court,2470.0,NSW,Australia,3.0,27,11,6276.370000000001,3,4,4,344,Recent Customer,4,Humfrey Boyse,11811.560000000001
2575,Hagan,Abrahmer,Male,87,1974-06-07,Business Systems Development Analyst,Financial Services,High Net Worth,Yes,16.0,44.0,40-49,18 Towne Way,2171.0,NSW,Australia,9.0,10,5,2118.0,4,2,2,422,Becoming Loyal,3,Hagan Abrahmer,4119.53
2576,Lotty,Szubert,Female,15,1959-05-30,Associate Professor,Manufacturing,Mass Customer,No,13.0,59.0,50-59,55501 Sugar Street,2548.0,NSW,Australia,7.0,78,7,2522.18,2,3,2,232,Losing Customer,7,Lotty Szubert,8271.03
2577,Thor,Rickardsson,Male,78,1976-03-19,Operator,Unknown,Mass Customer,Yes,10.0,42.0,40-49,80 Cambridge Plaza,2159.0,NSW,Australia,11.0,93,6,2095.22,1,2,2,122,Evasive Customer,10,Thor Rickardsson,5240.639999999999
2578,Felice,McVane,Male,49,1991-02-27,Tax Accountant,Retail,High Net Worth,No,3.0,27.0,20-29,71725 Goodland Lane,4509.0,QLD,Australia,7.0,38,4,1955.7800000000002,3,1,2,312,Late Bloomer,6,Felice McVane,4676.02
2579,Celka,Demsey,Female,35,1970-12-31,Desktop Support Technician,Manufacturing,Mass Customer,No,16.0,47.0,40-49,7282 Prairie Rose Trail,3184.0,VIC,Australia,9.0,49,3,788.5,2,1,1,211,Almost Lost Customer,9,Celka Demsey,2288.84
2580,Kalinda,,Female,27,1988-07-04,Teacher,Financial Services,Mass Customer,Yes,13.0,29.0,20-29,63785 Anthes Circle,3260.0,VIC,Australia,1.0,64,8,5690.45,2,4,4,244,Losing Customer,7,Kalinda,9493.86
2581,Gwenette,Appleton,Female,49,1974-06-10,Unknown,Manufacturing,Affluent Customer,Yes,11.0,44.0,40-49,6 Loomis Trail,2099.0,NSW,Australia,11.0,134,5,3541.7000000000003,1,2,3,123,Evasive Customer,10,Gwenette Appleton,5903.89
2582,Harv,Pavey,Male,98,1977-08-10,Director of Sales,Health,Mass Customer,No,7.0,40.0,40-49,6551 Atwood Road,4216.0,QLD,Australia,7.0,52,5,2912.8100000000004,2,2,3,223,High Risk Customer,8,Harv Pavey,5104.43
2583,Appolonia,Oxe,Female,34,1963-09-12,Human Resources Assistant I,Property,Mass Customer,No,15.0,54.0,50-59,258 Bunker Hill Hill,2138.0,NSW,Australia,8.0,92,4,2652.07,1,1,2,112,Evasive Customer,10,Appolonia Oxe,4046.62
2584,Sharia,,Female,86,1980-07-07,Technical Writer,Financial Services,High Net Worth,No,12.0,37.0,30-39,592 Oak Valley Center,2534.0,NSW,Australia,9.0,38,5,2208.2400000000002,3,2,2,322,Late Bloomer,6,Sharia,3983.61
2585,Sly,Passo,Male,15,1994-06-22,Geologist III,Unknown,Affluent Customer,No,7.0,24.0,20-29,83441 Donald Pass,4565.0,QLD,Australia,7.0,5,7,3498.11,4,3,3,433,Very Loyal,2,Sly Passo,7066.38
2586,Heywood,Sollett,Male,10,1979-09-12,Tax Accountant,Financial Services,Mass Customer,Yes,13.0,38.0,30-39,9106 Thompson Hill,2032.0,NSW,Australia,8.0,19,3,1145.04,3,1,1,311,Late Bloomer,6,Heywood Sollett,3379.79
2587,Maren,Dachs,Female,76,1979-03-30,Data Coordiator,Unknown,Affluent Customer,No,4.0,39.0,30-39,0671 Vera Drive,4812.0,QLD,Australia,5.0,64,9,4776.43,2,4,4,244,Losing Customer,7,Maren Dachs,9007.27
2588,Kimball,Martinho,Male,37,2001-01-02,Professor,Unknown,High Net Worth,No,2.0,17.0,Under 20,50 Londonderry Park,2034.0,NSW,Australia,10.0,178,3,3493.49,1,1,3,113,Evasive Customer,10,Kimball Martinho,5656.6900000000005
2589,Alvera,Kiddle,Female,42,1965-08-02,Unknown,Unknown,High Net Worth,No,8.0,52.0,50-59,1817 Bluejay Avenue,4218.0,QLD,Australia,10.0,67,5,3494.16,2,2,3,223,High Risk Customer,8,Alvera Kiddle,5101.54
2590,Roslyn,Tewkesbury.,Female,48,1964-09-22,General Manager,Financial Services,Affluent Customer,Yes,11.0,53.0,50-59,27 Grayhawk Alley,2102.0,NSW,Australia,11.0,50,6,5482.999999999999,2,2,4,224,Losing Customer,7,Roslyn Tewkesbury.,8720.42
2591,Estevan,Rylett,Male,50,1974-02-04,Unknown,Retail,High Net Worth,No,13.0,44.0,40-49,5342 Hallows Lane,2021.0,NSW,Australia,12.0,42,6,5839.219999999999,3,2,4,324,Potential Customer,5,Estevan Rylett,9027.71
2592,Archibaldo,Argrave,Male,84,1995-06-19,Help Desk Operator,Financial Services,Mass Customer,Yes,1.0,23.0,20-29,303 Michigan Avenue,3977.0,VIC,Australia,5.0,37,8,6490.299999999999,3,4,4,344,Recent Customer,4,Archibaldo Argrave,11062.61
2593,Sharona,Yorkston,Female,69,1973-07-26,Nuclear Power Engineer,Manufacturing,Affluent Customer,No,19.0,44.0,40-49,6 Forest Avenue,2870.0,NSW,Australia,4.0,60,4,937.82,2,1,1,211,Almost Lost Customer,9,Sharona Yorkston,3940.27
2594,Sigismond,Stockow,Male,90,1997-06-23,Internal Auditor,Manufacturing,Mass Customer,No,2.0,21.0,20-29,3 Pennsylvania Terrace,2197.0,NSW,Australia,9.0,91,6,4895.55,1,2,4,124,Almost Lost Customer,9,Sigismond Stockow,9467.470000000001
2595,Land,Bangley,Male,56,1977-08-17,Nurse Practicioner,Unknown,Affluent Customer,Yes,8.0,40.0,40-49,755 Ramsey Terrace,4152.0,QLD,Australia,6.0,44,8,4631.38,3,4,4,344,Recent Customer,4,Land Bangley,10273.25
2596,Lexis,Deason,Female,51,1976-08-20,Assistant Professor,Unknown,Affluent Customer,Yes,13.0,41.0,40-49,33782 Doe Crossing Terrace,2280.0,NSW,Australia,7.0,72,5,3854.79,2,2,3,223,High Risk Customer,8,Lexis Deason,7674.39
2597,Carita,Kemwall,Female,58,1980-10-25,Civil Engineer,Manufacturing,High Net Worth,Yes,11.0,37.0,30-39,97 Waxwing Terrace,4217.0,QLD,Australia,10.0,5,6,4017.66,4,2,3,423,Becoming Loyal,3,Carita Kemwall,7670.71
2598,Lindsay,Maydway,Male,23,1980-03-26,Senior Developer,Manufacturing,Affluent Customer,No,9.0,38.0,30-39,2 Marquette Drive,2204.0,NSW,Australia,8.0,87,6,3931.13,1,2,3,123,Evasive Customer,10,Lindsay Maydway,7871.62
2599,Pauly,Eilles,Female,9,1954-05-03,VP Marketing,Manufacturing,Mass Customer,No,5.0,64.0,60-69,357 Elgar Alley,3910.0,VIC,Australia,9.0,53,7,4275.0,2,3,4,234,Losing Customer,7,Pauly Eilles,7725.21
2600,Darnell,Wistance,Male,55,2001-03-03,Senior Financial Analyst,Financial Services,Mass Customer,Yes,1.0,17.0,Under 20,37258 Stephen Place,4116.0,QLD,Australia,9.0,171,3,3233.77,1,1,3,113,Evasive Customer,10,Darnell Wistance,4973.54
2601,Morgana,Wardel,Female,48,1975-01-18,Software Engineer III,Financial Services,Affluent Customer,No,13.0,43.0,40-49,9 Cambridge Junction,2315.0,NSW,Australia,7.0,36,8,4582.12,3,4,4,344,Recent Customer,4,Morgana Wardel,9798.03
2602,Jessamine,Butcher,Female,46,1977-03-22,Structural Analysis Engineer,Health,Mass Customer,No,3.0,41.0,40-49,10 American Alley,2066.0,NSW,Australia,12.0,71,7,4041.79,2,3,3,233,Losing Customer,7,Jessamine Butcher,7403.1900000000005
2603,Mercy,Jost,Female,44,1962-02-04,Nurse,Financial Services,High Net Worth,No,11.0,56.0,50-59,84 Stuart Lane,3146.0,VIC,Australia,11.0,14,7,4657.99,4,3,4,434,Very Loyal,2,Mercy Jost,7817.9400000000005
2604,Lewiss,Jaeggi,Male,91,1975-05-08,Account Executive,Retail,Mass Customer,Yes,7.0,43.0,40-49,6 Carioca Avenue,3185.0,VIC,Australia,9.0,86,6,2795.79,2,2,2,222,High Risk Customer,8,Lewiss Jaeggi,6086.83
2605,Had,Gilling,Male,50,1965-02-03,Marketing Manager,Health,High Net Worth,Yes,18.0,53.0,50-59,75688 Maple Court,3618.0,VIC,Australia,1.0,115,5,4346.569999999999,1,2,4,124,Almost Lost Customer,9,Had Gilling,6656.209999999999
2606,Addi,Seager,Female,56,1978-08-19,Electrical Engineer,Manufacturing,High Net Worth,No,12.0,39.0,30-39,906 Toban Lane,2093.0,NSW,Australia,10.0,5,10,4718.429999999999,4,4,4,444,Platinum Customer,1,Addi Seager,12338.51
2607,Laurent,Ainslee,Male,90,1992-05-08,Registered Nurse,Health,Affluent Customer,Yes,7.0,26.0,20-29,76085 Eagan Crossing,3071.0,VIC,Australia,10.0,5,8,1943.5099999999998,4,4,2,442,Very Loyal,2,Laurent Ainslee,7870.34
2608,Fenelia,Dockrell,Female,44,1975-11-05,Budget/Accounting Analyst III,Health,Affluent Customer,Yes,6.0,42.0,40-49,28634 Nova Circle,3127.0,VIC,Australia,12.0,17,7,1553.4599999999998,4,3,1,431,Becoming Loyal,3,Fenelia Dockrell,4403.82
2609,Genvieve,Kobes,Female,17,1964-12-18,Compensation Analyst,Financial Services,Mass Customer,Yes,14.0,53.0,50-59,34 Colorado Pass,2287.0,NSW,Australia,6.0,181,8,2569.9399999999996,1,4,2,142,Almost Lost Customer,9,Genvieve Kobes,8362.17
2610,Arliene,Bartolijn,Female,41,1954-04-30,Account Coordinator,IT,Mass Customer,No,10.0,64.0,60-69,1031 Kennedy Way,4507.0,QLD,Australia,7.0,112,8,5598.91,1,4,4,144,Almost Lost Customer,9,Arliene Bartolijn,8499.220000000001
2611,Aeriel,Lejeune,Female,36,1991-02-18,Tax Accountant,Financial Services,Affluent Customer,No,9.0,27.0,20-29,23426 Transport Center,2218.0,NSW,Australia,10.0,2,7,2609.86,4,3,2,432,Becoming Loyal,3,Aeriel Lejeune,5700.59
2612,Bran,Sauven,Male,33,1969-04-30,Statistician I,Retail,Affluent Customer,No,18.0,49.0,40-49,20 Del Mar Circle,2450.0,NSW,Australia,9.0,209,2,1145.41,1,1,1,111,Lost Customer,11,Bran Sauven,1924.4700000000003
2613,Trenton,Casaccio,Male,78,1966-06-13,Unknown,Health,Mass Customer,Yes,16.0,52.0,50-59,3024 Butternut Crossing,2087.0,NSW,Australia,11.0,98,5,2848.7899999999995,1,2,3,123,Evasive Customer,10,Trenton Casaccio,4933.99
2614,Anatollo,Stendell,Male,65,1957-10-16,Unknown,Retail,High Net Worth,No,18.0,60.0,60-69,93124 Monterey Plaza,3000.0,VIC,Australia,7.0,20,4,3002.51,3,1,3,313,Late Bloomer,6,Anatollo Stendell,6322.41
2615,Cordelia,,Female,23,1998-08-13,Nurse,Financial Services,Mass Customer,Yes,1.0,19.0,Under 20,51313 Fulton Junction,2580.0,NSW,Australia,7.0,55,9,5517.12,2,4,4,244,Losing Customer,7,Cordelia,13460.630000000001
2616,Andee,Ormrod,Female,28,1970-06-11,Nurse,Unknown,High Net Worth,Yes,13.0,48.0,40-49,889 Sundown Trail,2162.0,NSW,Australia,9.0,42,11,6417.95,3,4,4,344,Recent Customer,4,Andee Ormrod,13134.119999999999
2617,Vanda,Donnellan,Female,79,1959-10-20,Unknown,Health,High Net Worth,No,18.0,58.0,50-59,55590 Ridgeview Court,2147.0,NSW,Australia,9.0,126,7,6814.219999999999,1,3,4,134,Almost Lost Customer,9,Vanda Donnellan,10695.449999999999
2618,Jay,Prue,Male,85,1977-12-14,Administrative Assistant IV,Unknown,Mass Customer,No,4.0,40.0,40-49,2271 Fordem Plaza,2780.0,NSW,Australia,8.0,7,10,3007.9300000000003,4,4,3,443,Very Loyal,2,Jay Prue,9670.59
2619,Lavinia,Niess,Female,62,1978-07-05,Web Designer I,Financial Services,High Net Worth,Yes,14.0,39.0,30-39,25 Parkside Terrace,4570.0,QLD,Australia,3.0,76,2,2659.5699999999997,2,1,2,212,High Risk Customer,8,Lavinia Niess,3869.2699999999995
2620,Henderson,Koubek,Male,26,1999-04-30,Civil Engineer,Manufacturing,Mass Customer,No,1.0,19.0,Under 20,61 Northfield Pass,2190.0,NSW,Australia,10.0,30,8,4919.549999999999,3,4,4,344,Recent Customer,4,Henderson Koubek,8317.97
2621,Moreen,Zoren,Female,24,1974-02-21,Assistant Media Planner,Entertainment,High Net Worth,No,15.0,44.0,40-49,536 Crowley Crossing,2167.0,NSW,Australia,7.0,9,7,3235.99,4,3,3,433,Very Loyal,2,Moreen Zoren,6926.01
2622,Natty,Sisneros,Male,13,1979-12-10,Staff Accountant I,Financial Services,Mass Customer,No,16.0,38.0,30-39,0 Erie Lane,4405.0,QLD,Australia,1.0,16,7,3800.0299999999997,4,3,3,433,Very Loyal,2,Natty Sisneros,6595.22
2623,Zackariah,Catteroll,Male,42,1982-07-28,Media Manager III,Property,Mass Customer,Yes,15.0,35.0,30-39,9837 Granby Alley,2445.0,NSW,Australia,7.0,10,5,4136.08,4,2,3,423,Becoming Loyal,3,Zackariah Catteroll,6916.33
2624,Winfield,Lampitt,Male,37,1964-07-08,Community Outreach Specialist,Retail,Mass Customer,Yes,11.0,53.0,50-59,8 Lake View Way,3977.0,VIC,Australia,7.0,27,5,2159.3100000000004,3,2,2,322,Late Bloomer,6,Winfield Lampitt,5629.39
2625,Kristal,McRobbie,Female,45,1972-03-16,Research Assistant I,Manufacturing,Affluent Customer,Yes,8.0,46.0,40-49,1567 Schiller Street,3810.0,VIC,Australia,6.0,84,4,1764.47,2,1,1,211,Almost Lost Customer,9,Kristal McRobbie,3403.67
2626,Gerome,Lawrenz,Male,42,1998-10-24,Account Coordinator,Property,Affluent Customer,Yes,4.0,19.0,Under 20,6 Warbler Road,2462.0,NSW,Australia,5.0,41,4,2023.9499999999998,3,1,2,312,Late Bloomer,6,Gerome Lawrenz,4263.71
2627,Hildegaard,Gennrich,Female,7,1971-10-29,Budget/Accounting Analyst II,Retail,Mass Customer,Yes,12.0,46.0,40-49,383 Little Fleur Circle,2753.0,NSW,Australia,7.0,33,6,4375.2699999999995,3,2,4,324,Potential Customer,5,Hildegaard Gennrich,9321.82
2628,Giselbert,Gudyer,Male,29,2001-05-21,Assistant Media Planner,Entertainment,Affluent Customer,No,1.0,17.0,Under 20,804 Shelley Junction,2567.0,NSW,Australia,7.0,173,4,1808.92,1,1,1,111,Lost Customer,11,Giselbert Gudyer,4668.82
2629,Nomi,Bushell,Female,60,1976-08-13,Engineer IV,Entertainment,High Net Worth,No,19.0,41.0,40-49,2 Beilfuss Plaza,2000.0,NSW,Australia,9.0,44,5,4119.0599999999995,3,2,3,323,Potential Customer,5,Nomi Bushell,5608.95
2630,Jonathon,,Male,76,1978-12-17,Senior Sales Associate,Retail,Mass Customer,No,10.0,39.0,30-39,78019 Manley Center,2304.0,NSW,Australia,5.0,62,10,4794.58,2,4,4,244,Losing Customer,7,Jonathon,10514.539999999999
2631,Antonio,Brewis,Male,4,1995-05-11,Software Engineer I,Financial Services,Mass Customer,Yes,2.0,23.0,20-29,34 Warrior Trail,2759.0,NSW,Australia,8.0,27,3,866.46,3,1,1,311,Late Bloomer,6,Antonio Brewis,3539.6800000000003
2632,Krishna,Frood,Male,18,1965-09-29,Unknown,Argiculture,Mass Customer,No,16.0,52.0,50-59,688 Straubel Junction,2113.0,NSW,Australia,9.0,7,4,4100.59,4,1,3,413,Recent Customer,4,Krishna Frood,6590.860000000001
2633,Shayla,Colnett,Female,47,1969-01-18,Unknown,Property,Mass Customer,Yes,12.0,49.0,40-49,1945 Loomis Alley,2871.0,NSW,Australia,1.0,15,9,3696.87,4,4,3,443,Very Loyal,2,Shayla Colnett,10392.61
2634,Silvester,Scowcroft,Male,85,1980-07-14,Quality Engineer,Financial Services,High Net Worth,No,15.0,37.0,30-39,87 Elka Terrace,2034.0,NSW,Australia,12.0,189,3,798.28,1,1,1,111,Lost Customer,11,Silvester Scowcroft,2614.21
2635,Arty,Mac Geaney,Male,45,1959-01-03,Nurse,Retail,Mass Customer,No,14.0,59.0,50-59,13 Dexter Lane,3279.0,VIC,Australia,8.0,68,8,5178.5599999999995,2,4,4,244,Losing Customer,7,Arty Mac Geaney,10781.21
2636,Carly,Struys,Female,35,1974-01-05,Nuclear Power Engineer,Manufacturing,High Net Worth,Yes,14.0,44.0,40-49,701 Talisman Crossing,2000.0,NSW,Australia,10.0,30,3,407.9600000000001,3,1,1,311,Late Bloomer,6,Carly Struys,3411.77
2637,Marcile,Christley,Female,28,1972-07-30,Help Desk Operator,Retail,Mass Customer,Yes,11.0,45.0,40-49,518 Colorado Trail,2100.0,NSW,Australia,10.0,54,11,11222.649999999998,2,4,4,244,Losing Customer,7,Marcile Christley,13895.71
2638,Moritz,Brognot,Male,1,1977-02-10,Budget/Accounting Analyst III,IT,Mass Customer,Yes,15.0,41.0,40-49,3 Forest Dale Lane,2100.0,NSW,Australia,11.0,83,10,4047.2499999999995,2,4,3,243,Losing Customer,7,Moritz Brognot,9883.4
2639,Mufi,O'Kielt,Female,70,1986-07-03,Geologist IV,Entertainment,Mass Customer,Yes,10.0,31.0,30-39,9 Huxley Hill,4503.0,QLD,Australia,6.0,31,5,3676.2200000000003,3,2,3,323,Potential Customer,5,Mufi O'Kielt,7255.96
2640,Curran,McMeekan,Male,75,1978-08-24,Computer Systems Analyst IV,Unknown,Affluent Customer,No,12.0,39.0,30-39,55 Fordem Street,3147.0,VIC,Australia,10.0,67,11,4246.5599999999995,2,4,4,244,Losing Customer,7,Curran McMeekan,11643.47
2641,Vina,Tackell,Female,71,1977-03-22,Software Test Engineer I,Unknown,Mass Customer,Yes,12.0,41.0,40-49,52753 Logan Hill,2031.0,NSW,Australia,12.0,11,7,2661.43,4,3,2,432,Becoming Loyal,3,Vina Tackell,6132.32
2642,Arabelle,Rentelll,Unknown,36,,VP Accounting,Financial Services,High Net Worth,No,,,,3 Old Gate Hill,4106.0,QLD,Australia,5.0,20,2,1915.8700000000001,3,1,2,312,Late Bloomer,6,Arabelle Rentelll,3229.6400000000003
2643,Dulsea,Maffi,Female,53,1989-10-11,Nurse,Unknown,Affluent Customer,No,18.0,28.0,20-29,42 Manitowish Hill,4352.0,QLD,Australia,5.0,54,3,348.0899999999999,2,1,1,211,Almost Lost Customer,9,Dulsea Maffi,1897.1999999999998
2644,Brooke,Alastair,Male,72,1977-09-03,VP Sales,IT,Mass Customer,No,12.0,40.0,40-49,008 6th Center,3141.0,VIC,Australia,7.0,60,2,1607.27,2,1,1,211,Almost Lost Customer,9,Brooke Alastair,1697.24
2645,Ado,Yaldren,Male,20,2000-06-26,Technical Writer,IT,High Net Worth,Yes,1.0,18.0,Under 20,78 Shasta Place,2135.0,NSW,Australia,12.0,32,6,1500.81,3,2,1,321,Late Bloomer,6,Ado Yaldren,5168.14
2646,Jesselyn,Di Biaggi,Female,14,1972-10-11,Sales Representative,Retail,Mass Customer,Yes,17.0,45.0,40-49,40 Veith Circle,4701.0,QLD,Australia,1.0,119,5,2013.52,1,2,2,122,Evasive Customer,10,Jesselyn Di Biaggi,4987.72
2647,Marcelia,Blannin,Unknown,1,,Physical Therapy Assistant,IT,High Net Worth,No,,,,10 Kedzie Pass,2770.0,NSW,Australia,7.0,17,7,3791.2,4,3,3,433,Very Loyal,2,Marcelia Blannin,6760.95
2648,Saunder,Newens,Male,60,1998-05-09,Account Representative I,Unknown,Affluent Customer,No,1.0,20.0,20-29,736 Tomscot Center,4503.0,QLD,Australia,5.0,35,5,4384.85,3,2,4,324,Potential Customer,5,Saunder Newens,6102.13
2649,Merwyn,MacPhail,Male,7,1986-01-16,Dental Hygienist,Health,Affluent Customer,Yes,20.0,32.0,30-39,9521 Old Shore Trail,2769.0,NSW,Australia,10.0,129,4,3870.9599999999996,1,1,3,113,Evasive Customer,10,Merwyn MacPhail,6633.45
2650,Candice,Patriskson,Female,33,1995-08-20,Business Systems Development Analyst,IT,Affluent Customer,Yes,10.0,22.0,20-29,99 Homewood Place,4213.0,QLD,Australia,8.0,25,6,2394.8200000000006,3,2,2,322,Late Bloomer,6,Candice Patriskson,5688.65
2651,Silvan,Ellison,Male,10,1978-10-20,Nuclear Power Engineer,Manufacturing,Mass Customer,Yes,10.0,39.0,30-39,6876 Mandrake Avenue,2298.0,NSW,Australia,6.0,15,8,6073.490000000001,4,4,4,444,Platinum Customer,1,Silvan Ellison,9395.470000000001
2652,Kelbee,Bernat,Male,96,1957-12-15,Biostatistician II,Unknown,Affluent Customer,Yes,15.0,60.0,60-69,16 Hudson Alley,2234.0,NSW,Australia,10.0,23,5,5319.91,3,2,4,324,Potential Customer,5,Kelbee Bernat,7176.639999999999
2653,Aylmer,Glenwright,Male,80,1995-01-05,Food Chemist,Health,Affluent Customer,No,1.0,23.0,20-29,7163 2nd Point,3931.0,VIC,Australia,8.0,3,9,7365.4800000000005,4,4,4,444,Platinum Customer,1,Aylmer Glenwright,12316.0
2654,Dawn,Yakovitch,Female,83,1977-11-28,Tax Accountant,Telecommunications,Mass Customer,No,13.0,40.0,40-49,30 Parkside Terrace,2210.0,NSW,Australia,10.0,108,9,5504.95,1,4,4,144,Almost Lost Customer,9,Dawn Yakovitch,9905.2
2655,York,Strongman,Male,56,1966-06-11,Nuclear Power Engineer,Manufacturing,Mass Customer,No,15.0,52.0,50-59,19 Fairview Road,4012.0,QLD,Australia,3.0,157,6,4527.9400000000005,1,2,4,124,Almost Lost Customer,9,York Strongman,8575.35
2656,Halli,Littledike,Female,80,1959-05-02,Statistician III,Unknown,Mass Customer,Yes,10.0,59.0,50-59,444 Spaight Crossing,3070.0,VIC,Australia,10.0,138,7,4142.75,1,3,3,133,Almost Lost Customer,9,Halli Littledike,9051.86
2657,Coop,Stancer,Male,20,1991-12-16,Recruiter,Unknown,Mass Customer,No,5.0,26.0,20-29,447 Delaware Park,3911.0,VIC,Australia,5.0,182,3,2648.85,1,1,2,112,Evasive Customer,10,Coop Stancer,3891.5
2658,Inger,Barnham,Female,82,1964-02-11,Unknown,Manufacturing,Mass Customer,Yes,6.0,54.0,50-59,96 Dayton Park,2190.0,NSW,Australia,9.0,36,5,1329.09,3,2,1,321,Late Bloomer,6,Inger Barnham,3853.98
2659,Konstance,Elgey,Female,81,1974-06-14,Professor,Argiculture,High Net Worth,Yes,11.0,44.0,40-49,882 Mitchell Place,4151.0,QLD,Australia,4.0,0,12,8143.929999999999,4,4,4,444,Platinum Customer,1,Konstance Elgey,11948.48
2661,Dorrie,Meaden,Female,59,1976-12-26,VP Marketing,Financial Services,High Net Worth,Yes,12.0,41.0,40-49,17 South Crossing,2770.0,NSW,Australia,7.0,8,5,3638.75,4,2,3,423,Becoming Loyal,3,Dorrie Meaden,5712.01
2662,Louisette,Cullimore,Female,53,1977-12-21,Accountant IV,Property,Mass Customer,Yes,16.0,40.0,40-49,648 Rigney Pass,2460.0,NSW,Australia,2.0,62,9,6500.299999999999,2,4,4,244,Losing Customer,7,Louisette Cullimore,10546.039999999999
2663,Royce,Pietrowicz,Male,69,1956-08-01,Environmental Tech,Health,Mass Customer,Yes,19.0,61.0,60-69,1 Ronald Regan Hill,2756.0,NSW,Australia,8.0,164,5,2037.0199999999998,1,2,2,122,Evasive Customer,10,Royce Pietrowicz,7423.2300000000005
2664,Raynor,Olech,Male,83,1966-01-16,Engineer II,Unknown,Mass Customer,No,15.0,52.0,50-59,359 Briar Crest Road,2155.0,NSW,Australia,10.0,134,7,3303.71,1,3,3,133,Almost Lost Customer,9,Raynor Olech,6587.43
2665,Seth,Murdie,Male,43,1965-03-28,Project Manager,Telecommunications,Mass Customer,Yes,17.0,53.0,50-59,4543 Service Terrace,2566.0,NSW,Australia,8.0,30,3,3383.62,3,1,3,313,Late Bloomer,6,Seth Murdie,5364.68
2666,Lyle,Eager,Male,2,1971-02-16,Occupational Therapist,Health,Mass Customer,No,9.0,47.0,40-49,0 Knutson Crossing,2151.0,NSW,Australia,8.0,256,4,1424.8200000000002,1,1,1,111,Lost Customer,11,Lyle Eager,4534.9
2667,Randene,Brown,Female,65,1958-07-17,Product Engineer,Manufacturing,Affluent Customer,Yes,6.0,59.0,50-59,28156 School Park,3188.0,VIC,Australia,10.0,98,5,2515.43,1,2,2,122,Evasive Customer,10,Randene Brown,5817.66
2668,Allan,Govan,Male,27,1978-07-26,Senior Quality Engineer,Health,Mass Customer,No,18.0,39.0,30-39,920 Manley Crossing,4226.0,QLD,Australia,8.0,61,5,1542.41,2,2,1,221,High Risk Customer,8,Allan Govan,3342.3
2669,Carrol,Jordin,Male,95,1995-02-18,Business Systems Development Analyst,Property,Affluent Customer,No,1.0,23.0,20-29,38 Armistice Lane,3250.0,VIC,Australia,2.0,48,3,1280.07,2,1,1,211,Almost Lost Customer,9,Carrol Jordin,3552.54
2670,Cam,MacFadyen,Male,53,1977-05-13,VP Accounting,Financial Services,High Net Worth,Yes,18.0,41.0,40-49,6988 Waxwing Hill,4700.0,QLD,Australia,3.0,58,3,1311.3899999999999,2,1,1,211,Almost Lost Customer,9,Cam MacFadyen,3290.68
2671,Bridget,Bussons,Female,11,1990-11-09,Analyst Programmer,Unknown,Mass Customer,No,11.0,27.0,20-29,84 Southridge Lane,2799.0,NSW,Australia,2.0,100,7,3015.8299999999995,1,3,3,133,Almost Lost Customer,9,Bridget Bussons,8811.26
2672,Talbert,Folliss,Male,21,1986-01-16,Clinical Specialist,Health,Affluent Customer,No,4.0,32.0,30-39,8 Eagle Crest Circle,2137.0,NSW,Australia,12.0,15,8,2415.1600000000003,4,4,2,442,Very Loyal,2,Talbert Folliss,8417.05
2673,Esma,McOwen,Female,27,1985-04-20,Software Consultant,Unknown,Mass Customer,Yes,14.0,33.0,30-39,571 Golf Alley,2650.0,NSW,Australia,5.0,90,5,1142.5399999999997,1,2,1,121,Evasive Customer,10,Esma McOwen,4576.389999999999
2674,Lynsey,Broady,Female,59,1993-02-12,Food Chemist,Health,High Net Worth,No,5.0,25.0,20-29,52408 Autumn Leaf Road,3030.0,VIC,Australia,7.0,44,5,3478.1400000000003,3,2,3,323,Potential Customer,5,Lynsey Broady,6395.9
2675,Dayle,Girardetti,Female,24,1973-02-25,Media Manager IV,Retail,Mass Customer,No,7.0,45.0,40-49,4 Loomis Hill,2527.0,NSW,Australia,7.0,95,5,2643.24,1,2,2,122,Evasive Customer,10,Dayle Girardetti,5429.8
2676,Stinky,Marlen,Male,33,1957-01-21,Product Engineer,Retail,Mass Customer,Yes,12.0,61.0,60-69,1411 Jenifer Center,4670.0,QLD,Australia,3.0,5,6,2943.8799999999997,4,2,3,423,Becoming Loyal,3,Stinky Marlen,7274.78
2677,Zollie,Exell,Male,34,1954-10-08,Unknown,Financial Services,Mass Customer,No,10.0,63.0,60-69,336 Fordem Trail,2088.0,NSW,Australia,12.0,27,5,1891.72,3,2,2,322,Late Bloomer,6,Zollie Exell,5446.05
2678,Amble,Tandy,Male,33,1976-12-30,Sales Associate,Health,Mass Customer,No,11.0,41.0,40-49,59 Hoepker Lane,3191.0,VIC,Australia,11.0,113,5,2932.34,1,2,3,123,Evasive Customer,10,Amble Tandy,5004.09
2679,Padriac,Apple,Male,5,1990-06-06,Director of Sales,Financial Services,High Net Worth,No,10.0,28.0,20-29,2864 Corscot Parkway,2756.0,NSW,Australia,8.0,85,6,3337.8700000000003,2,2,3,223,High Risk Customer,8,Padriac Apple,5660.31
2680,Noella,Firk,Female,0,1959-05-11,Financial Analyst,Financial Services,Mass Customer,Yes,14.0,59.0,50-59,4658 Tennessee Street,3121.0,VIC,Australia,11.0,16,8,3542.31,4,4,3,443,Very Loyal,2,Noella Firk,9105.78
2681,Liza,LeEstut,Female,78,1974-09-15,Programmer Analyst III,Manufacturing,Affluent Customer,Yes,18.0,43.0,40-49,53485 Sycamore Junction,3192.0,VIC,Australia,8.0,50,5,2561.48,2,2,2,222,High Risk Customer,8,Liza LeEstut,4606.83
2682,Annamarie,Bouzan,Female,54,1987-11-01,Accountant III,Manufacturing,High Net Worth,Yes,20.0,30.0,30-39,446 Warrior Pass,4740.0,QLD,Australia,5.0,38,8,3092.62,3,4,3,343,Potential Customer,5,Annamarie Bouzan,6122.34
2683,Myrta,Rentilll,Female,81,1965-04-14,Biostatistician II,Unknown,Affluent Customer,Yes,6.0,53.0,50-59,25567 Linden Court,4564.0,QLD,Australia,8.0,16,6,4760.68,4,2,4,424,Becoming Loyal,3,Myrta Rentilll,7829.89
2684,Erastus,Payley,Male,96,1964-03-14,Health Coach IV,Health,Mass Customer,Yes,12.0,54.0,50-59,111 Hooker Avenue,4860.0,QLD,Australia,2.0,38,9,6337.4,3,4,4,344,Recent Customer,4,Erastus Payley,11938.039999999999
2685,Demetria,Shoobridge,Female,42,1978-08-06,Unknown,Unknown,Mass Customer,No,9.0,39.0,30-39,51 Dixon Court,2570.0,NSW,Australia,8.0,44,6,3039.4700000000003,3,2,3,323,Potential Customer,5,Demetria Shoobridge,5323.86
2686,Cully,Takos,Male,63,1996-05-21,Automation Specialist II,Financial Services,Affluent Customer,No,4.0,22.0,20-29,16639 Bunting Circle,3174.0,VIC,Australia,8.0,24,11,6119.73,3,4,4,344,Recent Customer,4,Cully Takos,13237.88
2687,Fabe,Smallbone,Male,67,1962-01-28,Chemical Engineer,Manufacturing,High Net Worth,Yes,20.0,56.0,50-59,40923 Truax Drive,2208.0,NSW,Australia,10.0,17,7,3107.24,4,3,3,433,Very Loyal,2,Fabe Smallbone,6724.23
2688,Shelden,Lorent,Male,53,1977-05-18,Database Administrator III,Property,Mass Customer,No,13.0,41.0,40-49,22 Moulton Place,4878.0,QLD,Australia,4.0,88,3,1017.75,1,1,1,111,Lost Customer,11,Shelden Lorent,3018.69
2689,Tore,Doerr,Male,17,1978-03-23,Senior Developer,Unknown,Mass Customer,No,10.0,40.0,40-49,52541 Lakewood Gardens Court,3922.0,VIC,Australia,2.0,1,5,1614.96,4,2,1,421,Becoming Loyal,3,Tore Doerr,3956.18
2690,Sissie,Giordano,Female,17,1980-11-06,Registered Nurse,Health,Affluent Customer,Yes,12.0,37.0,30-39,39746 Eliot Center,2177.0,NSW,Australia,9.0,109,4,1082.15,1,1,1,111,Lost Customer,11,Sissie Giordano,5860.55
2691,Stearn,Boutton,Male,41,1975-11-03,Librarian,Entertainment,Mass Customer,No,18.0,42.0,40-49,7 Springview Lane,2256.0,NSW,Australia,6.0,60,8,3088.92,2,4,3,243,Losing Customer,7,Stearn Boutton,8562.05
2692,Jacklyn,Bromehed,Female,57,1988-12-19,Research Associate,Health,High Net Worth,Yes,22.0,29.0,20-29,8658 Maple Wood Plaza,3020.0,VIC,Australia,7.0,40,3,854.24,3,1,1,311,Late Bloomer,6,Jacklyn Bromehed,1662.12
2693,Abram,Phillipson,Male,91,1968-04-11,Research Assistant III,Health,High Net Worth,Yes,16.0,50.0,50-59,03 Old Shore Terrace,4078.0,QLD,Australia,7.0,1,6,2772.31,4,2,2,422,Becoming Loyal,3,Abram Phillipson,5128.639999999999
2694,Teddi,De la Yglesias,Female,48,1985-12-28,Quality Engineer,Retail,Mass Customer,No,6.0,32.0,30-39,99565 Warrior Alley,4510.0,QLD,Australia,3.0,29,4,1536.9,3,1,1,311,Late Bloomer,6,Teddi De la Yglesias,2766.09
2695,Kippy,Heater,Female,88,1976-08-16,Statistician II,Manufacturing,Mass Customer,Yes,19.0,41.0,40-49,718 Fair Oaks Point,2068.0,NSW,Australia,12.0,4,9,8243.81,4,4,4,444,Platinum Customer,1,Kippy Heater,11703.11
2696,Isabelle,Bursnoll,Unknown,42,,Social Worker,Health,Mass Customer,Yes,,,,0 Little Fleur Avenue,4031.0,QLD,Australia,8.0,151,4,4142.869999999999,1,1,3,113,Evasive Customer,10,Isabelle Bursnoll,5519.58
2697,Klarika,Yerby,Unknown,70,,Legal Assistant,IT,High Net Worth,No,,,,541 Southridge Trail,2067.0,NSW,Australia,12.0,33,7,4623.16,3,3,4,334,Potential Customer,5,Klarika Yerby,6415.43
2698,Nedi,MacClay,Female,19,1974-06-15,Administrative Officer,Health,High Net Worth,No,20.0,44.0,40-49,77196 West Crossing,2166.0,NSW,Australia,8.0,12,7,3987.65,4,3,3,433,Very Loyal,2,Nedi MacClay,9054.05
2699,Michal,Woltering,Male,93,1978-05-25,Account Representative IV,Manufacturing,Affluent Customer,Yes,16.0,40.0,40-49,7 Fordem Point,3057.0,VIC,Australia,7.0,60,5,1757.44,2,2,1,221,High Risk Customer,8,Michal Woltering,3428.76
2700,Ingaberg,Cornillot,Female,22,1994-11-24,GIS Technical Architect,Unknown,Mass Customer,No,2.0,23.0,20-29,58 Shelley Crossing,2570.0,NSW,Australia,8.0,71,4,1652.12,2,1,1,211,Almost Lost Customer,9,Ingaberg Cornillot,4497.46
2701,Ileana,Timms,Female,13,1960-07-28,Dental Hygienist,Health,Affluent Customer,Yes,7.0,57.0,50-59,41 Westport Center,3280.0,VIC,Australia,4.0,52,9,4863.469999999999,2,4,4,244,Losing Customer,7,Ileana Timms,11558.89
2702,Saraann,Gilliard,Female,34,1976-11-30,Electrical Engineer,Manufacturing,Affluent Customer,Yes,11.0,41.0,40-49,8598 Nova Parkway,2758.0,NSW,Australia,9.0,19,9,7613.2699999999995,3,4,4,344,Recent Customer,4,Saraann Gilliard,12880.3
2703,Peria,Amis,Female,37,1980-04-12,Unknown,Manufacturing,Affluent Customer,Yes,18.0,38.0,30-39,4826 Crowley Park,2779.0,NSW,Australia,7.0,19,7,3679.59,3,3,3,333,Potential Customer,5,Peria Amis,7330.05
2704,Orlando,Gniewosz,Male,6,1999-02-08,Account Representative IV,Retail,Affluent Customer,Yes,3.0,19.0,Under 20,3 Vermont Alley,2261.0,NSW,Australia,5.0,235,3,513.5799999999999,1,1,1,111,Lost Customer,11,Orlando Gniewosz,1517.27
2705,Madalena,MacCaughey,Female,11,1996-10-20,Nuclear Power Engineer,Manufacturing,Mass Customer,No,3.0,21.0,20-29,7107 Manitowish Road,4815.0,QLD,Australia,2.0,2,9,6879.610000000001,4,4,4,444,Platinum Customer,1,Madalena MacCaughey,12147.34
2706,Kelly,Bilyard,Male,59,1964-07-21,Desktop Support Technician,Retail,Affluent Customer,No,6.0,53.0,50-59,9304 Birchwood Junction,2070.0,NSW,Australia,12.0,123,3,1343.6100000000001,1,1,1,111,Lost Customer,11,Kelly Bilyard,2769.36
2707,Tabb,Haberjam,Male,56,1988-12-26,Account Coordinator,Property,High Net Worth,Yes,5.0,29.0,20-29,91655 Rowland Point,4123.0,QLD,Australia,8.0,43,3,1323.2199999999998,3,1,1,311,Late Bloomer,6,Tabb Haberjam,3934.6
2708,Sophey,Wawer,Female,34,1980-06-18,Product Engineer,Unknown,Mass Customer,Yes,10.0,38.0,30-39,76 Aberg Hill,3028.0,VIC,Australia,6.0,11,3,1879.3200000000002,4,1,2,412,Recent Customer,4,Sophey Wawer,3437.08
2709,Simone,Boanas,Male,6,1995-03-20,Unknown,Financial Services,High Net Worth,No,6.0,23.0,20-29,6418 Sachs Trail,2810.0,NSW,Australia,1.0,2,4,2039.8700000000001,4,1,2,412,Recent Customer,4,Simone Boanas,3569.92
2710,Flory,Standering,Male,77,1998-01-30,Unknown,Retail,Mass Customer,No,2.0,20.0,20-29,86445 Bonner Junction,4660.0,QLD,Australia,3.0,8,4,977.4100000000001,4,1,1,411,Recent Customer,4,Flory Standering,3931.54
2711,Steven,Keetley,Male,52,1970-08-31,Biostatistician II,Health,Affluent Customer,No,6.0,47.0,40-49,9235 Walton Park,2095.0,NSW,Australia,11.0,63,6,2814.87,2,2,2,222,High Risk Customer,8,Steven Keetley,6439.08
2712,Carissa,Hassent,Female,0,1987-06-26,Tax Accountant,Manufacturing,High Net Worth,Yes,11.0,31.0,30-39,18652 Springs Plaza,2259.0,NSW,Australia,7.0,16,6,4116.13,4,2,3,423,Becoming Loyal,3,Carissa Hassent,6967.02
2713,Hadlee,Mackro,Male,55,1954-11-03,Statistician II,Retail,Affluent Customer,Yes,5.0,63.0,60-69,29895 Crest Line Point,2049.0,NSW,Australia,11.0,0,3,942.6899999999999,4,1,1,411,Recent Customer,4,Hadlee Mackro,3426.37
2714,Emmy,Jenton,Female,50,1998-03-17,Occupational Therapist,Health,High Net Worth,Yes,1.0,20.0,20-29,65 Sunbrook Road,2284.0,NSW,Australia,4.0,8,5,1252.4600000000003,4,2,1,421,Becoming Loyal,3,Emmy Jenton,4081.8100000000004
2715,Umberto,Cappineer,Male,27,1962-11-14,Civil Engineer,Manufacturing,Affluent Customer,No,11.0,55.0,50-59,75 Loftsgordon Hill,3147.0,VIC,Australia,11.0,104,5,3221.81,1,2,3,123,Evasive Customer,10,Umberto Cappineer,6644.62
2716,Claribel,,Female,46,1967-07-14,Systems Administrator I,Entertainment,Mass Customer,No,7.0,50.0,50-59,122 Chinook Center,2112.0,NSW,Australia,11.0,143,4,1036.0500000000002,1,1,1,111,Lost Customer,11,Claribel,4529.24
2717,Frederic,McGown,Male,31,1981-03-25,Registered Nurse,Health,Mass Customer,No,13.0,37.0,30-39,6994 Hanson Place,2580.0,NSW,Australia,5.0,41,10,4576.02,3,4,4,344,Recent Customer,4,Frederic McGown,10140.5
2718,Vernen,Hakonsen,Male,69,1976-12-12,Software Test Engineer II,Unknown,High Net Worth,Yes,14.0,41.0,40-49,00662 Ludington Court,3228.0,VIC,Australia,9.0,221,6,3484.03,1,2,3,123,Evasive Customer,10,Vernen Hakonsen,6050.71
2719,Alleyn,Clear,Male,69,1988-08-24,Teacher,Telecommunications,Affluent Customer,Yes,6.0,29.0,20-29,62 Linden Drive,4209.0,QLD,Australia,4.0,10,3,1101.08,4,1,1,411,Recent Customer,4,Alleyn Clear,3061.49
2720,Shirline,Yellowlee,Female,0,1983-09-02,Account Coordinator,Retail,High Net Worth,No,10.0,34.0,30-39,831 Daystar Circle,2038.0,NSW,Australia,12.0,148,5,902.0399999999998,1,2,1,121,Evasive Customer,10,Shirline Yellowlee,5273.07
2721,Alf,Farnie,Male,3,1969-02-03,Unknown,Manufacturing,Mass Customer,Yes,17.0,49.0,40-49,1 Forest Junction,2620.0,NSW,Australia,10.0,114,2,1655.4199999999998,1,1,1,111,Lost Customer,11,Alf Farnie,2292.96
2722,Faustine,Peert,Female,1,1987-03-28,Unknown,Health,Mass Customer,No,8.0,31.0,30-39,8 Bobwhite Court,3127.0,VIC,Australia,10.0,73,6,1950.52,2,2,2,222,High Risk Customer,8,Faustine Peert,4806.32
2723,Morganne,Smitham,Female,71,1978-04-20,Associate Professor,Manufacturing,Mass Customer,Yes,18.0,40.0,40-49,8941 Harbort Point,2148.0,NSW,Australia,9.0,40,8,6591.0,3,4,4,344,Recent Customer,4,Morganne Smitham,10565.119999999999
2724,Gerome,Dutteridge,Male,92,1994-01-10,Mechanical Systems Engineer,Financial Services,Mass Customer,No,4.0,24.0,20-29,3 Independence Street,4073.0,QLD,Australia,6.0,142,4,1980.71,1,1,2,112,Evasive Customer,10,Gerome Dutteridge,4604.3
2725,Sibylla,Langmuir,Female,20,1965-06-19,Senior Quality Engineer,Property,Affluent Customer,No,11.0,53.0,50-59,8 Holmberg Street,2444.0,NSW,Australia,7.0,176,4,353.3500000000002,1,1,1,111,Lost Customer,11,Sibylla Langmuir,2094.38
2726,Bradford,Monkton,Male,49,1976-03-18,Administrative Officer,Financial Services,Affluent Customer,No,4.0,42.0,40-49,15776 Thackeray Alley,2261.0,NSW,Australia,7.0,27,10,5318.75,3,4,4,344,Recent Customer,4,Bradford Monkton,10263.47
2727,Kim,Gabbitis,Female,88,1988-07-22,Administrative Officer,Financial Services,High Net Worth,Yes,2.0,29.0,20-29,05 Lerdahl Place,4215.0,QLD,Australia,6.0,49,5,4757.21,2,2,4,224,Losing Customer,7,Kim Gabbitis,8567.85
2728,Imojean,Atyeo,Female,55,1959-03-26,Physical Therapy Assistant,IT,High Net Worth,No,19.0,59.0,50-59,512 Forest Run Center,3188.0,VIC,Australia,11.0,7,8,4054.59,4,4,3,443,Very Loyal,2,Imojean Atyeo,9659.77
2729,Meggi,Shipcott,Female,76,2000-05-10,General Manager,Unknown,Mass Customer,Yes,1.0,18.0,Under 20,304 Moland Street,3810.0,VIC,Australia,5.0,6,6,5280.349999999999,4,2,4,424,Becoming Loyal,3,Meggi Shipcott,8706.47
2730,Taddeo,Karlicek,Male,15,1960-11-27,Senior Financial Analyst,Financial Services,Mass Customer,No,11.0,57.0,50-59,63 International Drive,4165.0,QLD,Australia,7.0,4,7,1604.23,4,3,1,431,Becoming Loyal,3,Taddeo Karlicek,4649.51
2731,Meagan,Ferry,Female,74,2000-05-18,Accounting Assistant III,Retail,Mass Customer,Yes,1.0,18.0,Under 20,04 Schmedeman Court,2196.0,NSW,Australia,10.0,3,4,1513.52,4,1,1,411,Recent Customer,4,Meagan Ferry,2409.89
2732,Clarine,Yushkin,Female,36,1961-03-01,Help Desk Operator,Health,Mass Customer,No,7.0,57.0,50-59,5705 Spaight Place,3067.0,VIC,Australia,9.0,16,10,2833.91,4,4,2,442,Very Loyal,2,Clarine Yushkin,6703.58
2733,Jordanna,Skyme,Female,89,1985-03-07,Analog Circuit Design manager,Manufacturing,Mass Customer,Yes,17.0,33.0,30-39,81254 Buhler Trail,4740.0,QLD,Australia,2.0,28,10,7827.409999999999,3,4,4,344,Recent Customer,4,Jordanna Skyme,13266.619999999999
2734,Hetty,Thormann,Female,35,1957-03-07,Unknown,Manufacturing,High Net Worth,No,10.0,61.0,60-69,27 Fuller Trail,2233.0,NSW,Australia,8.0,55,3,999.03,2,1,1,211,Almost Lost Customer,9,Hetty Thormann,2148.54
2735,Ricoriki,Burree,Male,18,1958-09-06,Associate Professor,Financial Services,High Net Worth,Yes,14.0,59.0,50-59,313 Mifflin Center,4504.0,QLD,Australia,5.0,148,2,836.04,1,1,1,111,Lost Customer,11,Ricoriki Burree,1340.77
2736,Max,Awcock,Male,40,1993-01-18,Accounting Assistant IV,Unknown,Affluent Customer,Yes,9.0,25.0,20-29,18 Logan Alley,2159.0,NSW,Australia,11.0,42,5,2449.81,3,2,2,322,Late Bloomer,6,Max Awcock,4311.28
2737,Andras,Yurocjkin,Male,28,1998-07-20,Unknown,Retail,Mass Customer,Yes,3.0,19.0,Under 20,86 Hansons Parkway,2211.0,NSW,Australia,8.0,5,9,5371.57,4,4,4,444,Platinum Customer,1,Andras Yurocjkin,10510.1
2738,Lurleen,Shoebridge,Female,77,1997-01-06,Research Nurse,Health,Mass Customer,No,5.0,21.0,20-29,8476 Village Green Park,2774.0,NSW,Australia,9.0,59,4,1177.2100000000003,2,1,1,211,Almost Lost Customer,9,Lurleen Shoebridge,4501.1900000000005
2739,Alair,Cullingford,Male,48,1985-07-18,Mechanical Systems Engineer,Health,High Net Worth,Yes,15.0,32.0,30-39,45454 Spenser Center,3149.0,VIC,Australia,12.0,242,2,456.41999999999996,1,1,1,111,Lost Customer,11,Alair Cullingford,743.0500000000001
2740,Godiva,Bulward,Female,61,1963-02-02,Administrative Officer,Financial Services,Affluent Customer,Yes,12.0,55.0,50-59,28820 Monica Circle,2226.0,NSW,Australia,7.0,26,8,4905.530000000001,3,4,4,344,Recent Customer,4,Godiva Bulward,10497.95
2741,Reinwald,Sinkins,Male,6,1999-02-28,Statistician II,Property,High Net Worth,No,4.0,19.0,Under 20,259 Summerview Center,4740.0,QLD,Australia,2.0,19,2,1246.79,3,1,1,311,Late Bloomer,6,Reinwald Sinkins,1825.0700000000002
2742,Osgood,Risby,Male,50,1979-04-14,Actuary,Financial Services,High Net Worth,Yes,15.0,39.0,30-39,82206 Dennis Place,4124.0,QLD,Australia,8.0,95,3,2031.17,1,1,2,112,Evasive Customer,10,Osgood Risby,3741.05
2743,Carr,Muckley,Male,67,1979-05-25,Social Worker,Health,High Net Worth,Yes,20.0,39.0,30-39,5837 Hayes Court,2113.0,NSW,Australia,11.0,46,2,1428.62,2,1,1,211,Almost Lost Customer,9,Carr Muckley,2956.8
2744,Bjorn,Isitt,Male,59,1999-01-25,Senior Financial Analyst,Financial Services,Mass Customer,No,3.0,19.0,Under 20,33297 Hoepker Way,2843.0,NSW,Australia,1.0,125,3,1264.73,1,1,1,111,Lost Customer,11,Bjorn Isitt,3148.36
2745,Moyra,Mount,Female,8,1977-01-06,Chemical Engineer,Manufacturing,Mass Customer,Yes,18.0,41.0,40-49,198 Garrison Pass,2767.0,NSW,Australia,8.0,267,2,2772.0999999999995,1,1,2,112,Evasive Customer,10,Moyra Mount,3322.62
2746,Carmelia,Egle of Germany,Female,97,1953-10-25,Actuary,Financial Services,High Net Worth,Yes,7.0,64.0,60-69,77 Golf Course Junction,3027.0,VIC,Australia,8.0,8,3,2316.34,4,1,2,412,Recent Customer,4,Carmelia Egle of Germany,3056.2200000000003
2747,Anna-diane,Crumpe,Female,5,1955-09-23,Software Test Engineer III,Unknown,Affluent Customer,No,11.0,62.0,60-69,5 Lakewood Gardens Court,2118.0,NSW,Australia,9.0,14,9,6371.150000000001,4,4,4,444,Platinum Customer,1,Anna-diane Crumpe,11417.36
2748,Dolorita,Dufaur,Female,96,1967-08-29,Quality Engineer,Financial Services,Mass Customer,No,4.0,50.0,50-59,4320 Toban Avenue,2260.0,NSW,Australia,11.0,6,4,2059.8299999999995,4,1,2,412,Recent Customer,4,Dolorita Dufaur,3952.7
2749,Cale,Cunningham,Male,3,1979-01-12,Sales Representative,Retail,Mass Customer,No,5.0,39.0,30-39,129 Mallory Junction,2196.0,NSW,Australia,10.0,34,1,327.9799999999999,3,1,1,311,Late Bloomer,6,Cale Cunningham,1061.56
2750,Sybille,Maddison,Female,42,1980-10-18,Unknown,Property,High Net Worth,No,20.0,37.0,30-39,68730 Hermina Place,3130.0,VIC,Australia,10.0,42,11,5964.05,3,4,4,344,Recent Customer,4,Sybille Maddison,12349.36
2751,Cordell,Coxhell,Male,94,1979-07-27,Sales Associate,Retail,High Net Worth,Yes,12.0,38.0,30-39,25 Ronald Regan Point,4035.0,QLD,Australia,7.0,3,8,3819.81,4,4,3,443,Very Loyal,2,Cordell Coxhell,9856.48
2752,Cissiee,Jobern,Female,11,1960-05-10,Sales Representative,Retail,Affluent Customer,Yes,14.0,58.0,50-59,79 Eggendart Trail,3977.0,VIC,Australia,8.0,12,4,3250.7200000000003,4,1,3,413,Recent Customer,4,Cissiee Jobern,5737.59
2753,Bale,Ney,Male,26,1985-02-12,Nuclear Power Engineer,Manufacturing,Mass Customer,Yes,7.0,33.0,30-39,744 Hazelcrest Way,2155.0,NSW,Australia,9.0,67,11,5203.18,2,4,4,244,Losing Customer,7,Bale Ney,9649.8
2754,Waring,Selwyn,Male,17,1963-06-23,Chief Design Engineer,Retail,Mass Customer,No,11.0,55.0,50-59,91973 Boyd Street,2287.0,NSW,Australia,7.0,186,3,3273.01,1,1,3,113,Evasive Customer,10,Waring Selwyn,5568.64
2755,Karen,La Wille,Female,66,1999-07-28,Automation Specialist I,Manufacturing,Mass Customer,Yes,1.0,18.0,Under 20,2241 Pearson Plaza,4503.0,QLD,Australia,6.0,28,13,6606.679999999999,3,4,4,344,Recent Customer,4,Karen La Wille,14088.24
2756,Cymbre,Sloey,Female,11,1969-01-17,Unknown,Entertainment,Mass Customer,No,8.0,49.0,40-49,244 Burrows Center,3088.0,VIC,Australia,9.0,56,4,1610.9700000000003,2,1,1,211,Almost Lost Customer,9,Cymbre Sloey,5196.93
2757,Leodora,Carillo,Female,65,1961-02-18,Unknown,Financial Services,Affluent Customer,No,8.0,57.0,50-59,2992 Scott Hill,3046.0,VIC,Australia,8.0,144,3,3030.83,1,1,3,113,Evasive Customer,10,Leodora Carillo,3501.37
2758,Fabien,Whittlesea,Male,17,1955-05-24,Unknown,Manufacturing,Affluent Customer,No,19.0,63.0,60-69,5565 Park Meadow Trail,2155.0,NSW,Australia,9.0,15,4,670.1500000000001,4,1,1,411,Recent Customer,4,Fabien Whittlesea,4188.4
2759,Melodee,Hendrik,Female,16,2001-11-14,Operator,Health,Affluent Customer,Yes,1.0,16.0,Under 20,68111 Bartillon Court,3995.0,VIC,Australia,3.0,110,5,3775.9,1,2,3,123,Evasive Customer,10,Melodee Hendrik,5619.73
2760,Early,Saggs,Male,55,1976-04-19,Teacher,Property,Mass Customer,No,11.0,42.0,40-49,18 School Alley,4655.0,QLD,Australia,3.0,31,5,1757.19,3,2,1,321,Late Bloomer,6,Early Saggs,5241.94
2761,Agathe,Weafer,Female,78,1961-11-11,Information Systems Manager,Financial Services,Mass Customer,No,19.0,56.0,50-59,8 Anderson Lane,2214.0,NSW,Australia,9.0,7,9,5082.0199999999995,4,4,4,444,Platinum Customer,1,Agathe Weafer,10079.42
2762,Rozamond,Franceschino,Female,34,1992-11-27,Unknown,Manufacturing,Mass Customer,No,9.0,25.0,20-29,2121 Dapin Center,3977.0,VIC,Australia,7.0,16,9,8019.9800000000005,4,4,4,444,Platinum Customer,1,Rozamond Franceschino,13093.9
2763,Dalila,Snawdon,Female,30,1979-03-04,Actuary,Financial Services,Mass Customer,Yes,10.0,39.0,30-39,5772 Ridgeway Place,3066.0,VIC,Australia,10.0,19,9,2910.2,3,4,3,343,Potential Customer,5,Dalila Snawdon,6496.64
2764,Callie,Coltart,Female,12,1955-03-29,Unknown,Financial Services,Mass Customer,Yes,20.0,63.0,60-69,1 Wayridge Park,4301.0,QLD,Australia,1.0,51,4,593.56,2,1,1,211,Almost Lost Customer,9,Callie Coltart,3651.92
2765,Bartholomew,Gowdy,Male,68,1985-04-12,Unknown,IT,Mass Customer,Yes,7.0,33.0,30-39,10369 Sunbrook Way,4051.0,QLD,Australia,8.0,46,6,2995.1800000000003,2,2,3,223,High Risk Customer,8,Bartholomew Gowdy,8522.02
2766,Rozanna,Chartman,Female,93,1989-03-19,Financial Advisor,Financial Services,High Net Worth,Yes,8.0,29.0,20-29,95 Meadow Valley Plaza,2203.0,NSW,Australia,9.0,47,6,6233.3,2,2,4,224,Losing Customer,7,Rozanna Chartman,8740.06
2767,Sybil,Scramage,Female,84,1988-02-22,Desktop Support Technician,Property,High Net Worth,No,22.0,30.0,30-39,14 Pennsylvania Alley,2225.0,NSW,Australia,10.0,48,3,803.97,2,1,1,211,Almost Lost Customer,9,Sybil Scramage,2597.41
2768,Forest,Knowling,Male,86,1995-09-26,Executive Secretary,Manufacturing,Mass Customer,No,3.0,22.0,20-29,9 Cascade Junction,2016.0,NSW,Australia,12.0,23,6,3420.58,3,2,3,323,Potential Customer,5,Forest Knowling,6811.9400000000005
2769,Trevor,Itschakov,Male,31,1978-09-10,Product Engineer,Manufacturing,Affluent Customer,Yes,15.0,39.0,30-39,077 Clemons Road,2203.0,NSW,Australia,11.0,46,6,4177.84,2,2,4,224,Losing Customer,7,Trevor Itschakov,8004.25
2770,Olvan,Loadwick,Male,24,1977-01-30,VP Quality Control,Manufacturing,High Net Worth,Yes,13.0,41.0,40-49,3 Buena Vista Crossing,2444.0,NSW,Australia,6.0,30,9,10028.8,3,4,4,344,Recent Customer,4,Olvan Loadwick,13728.7
2771,Jamie,Gildersleeve,Female,6,1969-10-05,Recruiting Manager,Retail,Affluent Customer,Yes,10.0,48.0,40-49,83007 Bartillon Lane,2830.0,NSW,Australia,4.0,44,5,4754.2,3,2,4,324,Potential Customer,5,Jamie Gildersleeve,8579.48
2772,Reynolds,Vreede,Male,15,1954-10-25,Quality Engineer,Property,Affluent Customer,Yes,13.0,63.0,60-69,542 Hayes Plaza,2750.0,NSW,Australia,9.0,25,5,2446.21,3,2,2,322,Late Bloomer,6,Reynolds Vreede,5138.68
2773,Page,Farthin,Male,69,1976-03-21,Structural Engineer,Manufacturing,Mass Customer,Yes,20.0,42.0,40-49,0 Debs Lane,3204.0,VIC,Australia,7.0,4,4,2293.1299999999997,4,1,2,412,Recent Customer,4,Page Farthin,4179.19
2774,Danella,Chevers,Female,50,1956-07-28,Unknown,Manufacturing,Mass Customer,No,14.0,61.0,60-69,23 Clyde Gallagher Alley,3840.0,VIC,Australia,1.0,84,5,1542.6800000000003,2,2,1,221,High Risk Customer,8,Danella Chevers,4479.04
2775,Dael,Glentz,Female,40,1966-12-02,Account Executive,Manufacturing,Mass Customer,Yes,7.0,51.0,50-59,75642 Kinsman Terrace,4014.0,QLD,Australia,8.0,12,6,1922.1899999999996,4,2,2,422,Becoming Loyal,3,Dael Glentz,6201.93
2776,Tyson,Pearcy,Male,59,1980-08-05,Unknown,Unknown,Mass Customer,No,16.0,37.0,30-39,9 Swallow Way,4115.0,QLD,Australia,7.0,46,4,2295.62,2,1,2,212,High Risk Customer,8,Tyson Pearcy,4205.06
2777,Dita,Darlison,Female,0,1997-02-26,Safety Technician III,Health,Mass Customer,Yes,1.0,21.0,20-29,39 Badeau Court,2572.0,NSW,Australia,8.0,103,6,3307.11,1,2,3,123,Evasive Customer,10,Dita Darlison,6216.71
2778,Micheil,Pockey,Male,50,1978-08-13,Paralegal,Financial Services,Mass Customer,No,12.0,39.0,30-39,0 Summit Trail,2287.0,NSW,Australia,5.0,9,5,3348.4700000000003,4,2,3,423,Becoming Loyal,3,Micheil Pockey,5669.9
2779,Douglas,Wrout,Male,54,1985-02-24,Unknown,Unknown,Affluent Customer,Yes,11.0,33.0,30-39,5108 Springview Circle,2128.0,NSW,Australia,7.0,11,5,3277.5799999999995,4,2,3,423,Becoming Loyal,3,Douglas Wrout,6558.76
2780,Papageno,Beare,Male,77,1985-11-16,Actuary,Financial Services,Affluent Customer,Yes,16.0,32.0,30-39,4362 Morningstar Place,4869.0,QLD,Australia,2.0,2,5,3092.1200000000003,4,2,3,423,Becoming Loyal,3,Papageno Beare,6150.43
2781,Linnea,Jeacop,Female,4,1997-09-01,VP Sales,Financial Services,Affluent Customer,Yes,5.0,20.0,20-29,99 Alpine Lane,3064.0,VIC,Australia,7.0,73,4,1289.3500000000001,2,1,1,211,Almost Lost Customer,9,Linnea Jeacop,4131.86
2782,Gillian,Scrimshire,Female,91,1988-05-11,Tax Accountant,IT,Mass Customer,No,12.0,30.0,30-39,39 Lindbergh Drive,2170.0,NSW,Australia,8.0,170,5,3450.83,1,2,3,123,Evasive Customer,10,Gillian Scrimshire,4995.43
2783,Antonin,Gleaves,Male,14,1978-08-24,Sales Representative,Retail,Affluent Customer,Yes,7.0,39.0,30-39,13392 Emmet Parkway,2171.0,NSW,Australia,9.0,73,11,2757.77,2,4,2,242,Losing Customer,7,Antonin Gleaves,9019.44
2784,Thurston,McKennan,Male,6,1989-08-09,Geological Engineer,Manufacturing,Mass Customer,No,13.0,28.0,20-29,526 Schiller Road,4157.0,QLD,Australia,7.0,74,3,1075.06,2,1,1,211,Almost Lost Customer,9,Thurston McKennan,2423.2200000000003
2785,Gennifer,Baily,Female,9,1981-07-31,Human Resources Manager,Financial Services,Mass Customer,No,8.0,36.0,30-39,677 Golden Leaf Junction,4054.0,QLD,Australia,6.0,45,6,3411.619999999999,2,2,3,223,High Risk Customer,8,Gennifer Baily,9232.95
2786,Hubie,Bottoner,Male,94,1968-01-21,Accountant III,Health,Mass Customer,Yes,11.0,50.0,50-59,59901 Bartelt Terrace,4069.0,QLD,Australia,9.0,3,6,2718.29,4,2,2,422,Becoming Loyal,3,Hubie Bottoner,4372.3
2787,Teressa,Tague,Female,92,1980-09-26,Marketing Assistant,Unknown,Affluent Customer,Yes,6.0,37.0,30-39,3 Cordelia Place,3018.0,VIC,Australia,9.0,37,6,6153.0,3,2,4,324,Potential Customer,5,Teressa Tague,10014.36
2788,Melantha,Pickburn,Female,45,1968-08-06,Social Worker,Health,Affluent Customer,No,4.0,49.0,40-49,282 Esker Crossing,3150.0,VIC,Australia,10.0,44,11,9061.470000000001,3,4,4,344,Recent Customer,4,Melantha Pickburn,17258.940000000002
2789,Violetta,Bucksey,Female,66,1992-11-30,Senior Editor,Financial Services,Affluent Customer,Yes,7.0,25.0,20-29,724 West Park,2112.0,NSW,Australia,11.0,24,2,549.09,3,1,1,311,Late Bloomer,6,Violetta Bucksey,2097.73
2790,Shirleen,Shelsher,Female,16,1977-12-01,Account Representative IV,Retail,High Net Worth,Yes,20.0,40.0,40-49,942 Elmside Street,2763.0,NSW,Australia,8.0,77,3,903.6600000000001,2,1,1,211,Almost Lost Customer,9,Shirleen Shelsher,1799.14
2791,Dew,Lavrinov,Male,72,1988-04-12,Financial Advisor,Financial Services,Mass Customer,No,3.0,30.0,30-39,11 Manufacturers Junction,2170.0,NSW,Australia,8.0,14,7,6578.15,4,3,4,434,Very Loyal,2,Dew Lavrinov,9980.38
2792,Jocelyne,Darben,Female,22,1964-03-02,Web Developer I,Financial Services,Mass Customer,Yes,12.0,54.0,50-59,03 Ohio Lane,3081.0,VIC,Australia,9.0,218,3,1888.83,1,1,2,112,Evasive Customer,10,Jocelyne Darben,4771.39
2793,Mead,Corkell,Male,77,1971-06-16,Research Nurse,Health,Affluent Customer,Yes,14.0,47.0,40-49,19 Del Mar Avenue,3058.0,VIC,Australia,8.0,34,8,4232.85,3,4,4,344,Recent Customer,4,Mead Corkell,10915.33
2794,Megen,Lorenc,Female,41,1975-11-06,Social Worker,Health,Mass Customer,Yes,18.0,42.0,40-49,01209 Southridge Hill,2216.0,NSW,Australia,8.0,5,7,6417.0599999999995,4,3,4,434,Very Loyal,2,Megen Lorenc,7835.25
2795,Shirline,Amar,Female,9,1966-04-11,Research Assistant III,Financial Services,Mass Customer,No,17.0,52.0,50-59,4903 Hoepker Terrace,3500.0,VIC,Australia,3.0,91,3,2617.2200000000003,1,1,2,112,Evasive Customer,10,Shirline Amar,4453.63
2796,Margette,Vidyapin,Female,52,1977-11-01,Web Designer II,Manufacturing,Mass Customer,No,9.0,40.0,40-49,149 Browning Terrace,2343.0,NSW,Australia,2.0,8,7,3816.43,4,3,3,433,Very Loyal,2,Margette Vidyapin,8157.719999999999
2797,Agatha,Vowden,Female,6,1985-09-10,Unknown,IT,Mass Customer,Yes,14.0,32.0,30-39,48948 Little Fleur Alley,3134.0,VIC,Australia,7.0,75,6,1112.73,2,2,1,221,High Risk Customer,8,Agatha Vowden,4583.92
2798,Barclay,Gricks,Male,59,1965-02-19,Recruiter,Argiculture,High Net Worth,Yes,5.0,53.0,50-59,4 Rieder Drive,3064.0,VIC,Australia,5.0,154,5,799.8499999999999,1,2,1,121,Evasive Customer,10,Barclay Gricks,3433.47
2799,Ilysa,Palle,Female,80,1973-11-04,VP Product Management,Unknown,Mass Customer,Yes,18.0,44.0,40-49,7 Sunbrook Terrace,2200.0,NSW,Australia,9.0,29,8,5460.139999999999,3,4,4,344,Recent Customer,4,Ilysa Palle,9916.09
2800,Dominga,Planke,Female,29,1988-01-09,Cost Accountant,Financial Services,Mass Customer,No,2.0,30.0,30-39,28905 Hallows Avenue,2320.0,NSW,Australia,5.0,41,5,352.23,3,2,1,321,Late Bloomer,6,Dominga Planke,1193.9
2801,Danella,Lines,Female,15,1965-01-26,Unknown,Health,Mass Customer,No,10.0,53.0,50-59,9677 Hagan Lane,3212.0,VIC,Australia,3.0,22,4,1399.88,3,1,1,311,Late Bloomer,6,Danella Lines,2768.23
2802,Clem,Fosdick,Female,36,1996-09-22,Programmer Analyst I,Financial Services,Mass Customer,No,3.0,21.0,20-29,07526 Union Lane,3377.0,VIC,Australia,1.0,172,3,456.18,1,1,1,111,Lost Customer,11,Clem Fosdick,1370.06
2803,Ailsun,Hawlgarth,Female,95,1970-09-30,Senior Editor,Retail,Mass Customer,Yes,11.0,47.0,40-49,53245 Mesta Street,3207.0,VIC,Australia,6.0,30,6,2743.41,3,2,2,322,Late Bloomer,6,Ailsun Hawlgarth,6522.64
2804,Jeno,Brimming,Male,61,1964-09-06,Nurse Practicioner,Unknown,Mass Customer,Yes,5.0,53.0,50-59,2 Elka Trail,2770.0,NSW,Australia,8.0,58,7,3495.92,2,3,3,233,Losing Customer,7,Jeno Brimming,6016.75
2805,Laverna,Shiril,Female,0,1992-06-27,Unknown,Manufacturing,High Net Worth,No,4.0,26.0,20-29,4672 Morningstar Circle,2760.0,NSW,Australia,7.0,3,5,4721.49,4,2,4,424,Becoming Loyal,3,Laverna Shiril,5915.9
2806,Thorndike,Glossop,Male,60,1986-05-18,Programmer Analyst II,Manufacturing,Mass Customer,Yes,3.0,32.0,30-39,3140 Hudson Road,3130.0,VIC,Australia,5.0,68,8,3420.13,2,4,3,243,Losing Customer,7,Thorndike Glossop,8667.06
2807,Lynna,Revens,Female,9,1957-06-18,Senior Editor,Manufacturing,Mass Customer,Yes,11.0,61.0,60-69,441 Superior Junction,2320.0,NSW,Australia,6.0,353,1,133.7800000000002,1,1,1,111,Lost Customer,11,Lynna Revens,1216.14
2808,Preston,Tinkham,Male,68,2001-06-29,Actuary,Financial Services,Mass Customer,Yes,1.0,17.0,Under 20,1 Elgar Street,2010.0,NSW,Australia,9.0,6,5,5190.91,4,2,4,424,Becoming Loyal,3,Preston Tinkham,6828.29
2809,Jenilee,Lonsbrough,Female,44,1969-08-11,Statistician IV,Retail,Mass Customer,No,10.0,48.0,40-49,46 Independence Parkway,3065.0,VIC,Australia,12.0,83,3,1182.96,2,1,1,211,Almost Lost Customer,9,Jenilee Lonsbrough,2490.58
2810,Malvin,Burchill,Male,27,1961-08-26,Unknown,Property,Mass Customer,Yes,15.0,56.0,50-59,453 Gina Avenue,3141.0,VIC,Australia,8.0,62,6,1185.7600000000002,2,2,1,221,High Risk Customer,8,Malvin Burchill,3670.1800000000003
2811,Sharia,Allkins,Female,29,1976-11-29,Internal Auditor,Property,Mass Customer,No,22.0,41.0,40-49,32 Banding Center,2141.0,NSW,Australia,9.0,25,5,2448.48,3,2,2,322,Late Bloomer,6,Sharia Allkins,4456.35
2812,Molli,Hagergham,Female,16,2001-04-01,Budget/Accounting Analyst IV,Unknown,High Net Worth,Yes,1.0,17.0,Under 20,5636 Glendale Point,2769.0,NSW,Australia,10.0,87,6,4558.55,1,2,4,124,Almost Lost Customer,9,Molli Hagergham,8956.25
2813,Lillian,Crookall,Female,51,1953-09-10,Chemical Engineer,Manufacturing,Mass Customer,Yes,11.0,64.0,60-69,64 Village Green Pass,2048.0,NSW,Australia,9.0,204,5,3207.8700000000003,1,2,3,123,Evasive Customer,10,Lillian Crookall,6323.22
2814,Mandel,Hellyar,Male,42,1986-01-18,Junior Executive,Property,High Net Worth,Yes,18.0,32.0,30-39,46100 Jay Place,4075.0,QLD,Australia,6.0,13,4,3232.82,4,1,3,413,Recent Customer,4,Mandel Hellyar,4851.34
2815,Emery,Carlett,Male,50,1954-10-30,Unknown,Health,Mass Customer,No,19.0,63.0,60-69,69490 Orin Trail,3029.0,VIC,Australia,5.0,27,9,4895.82,3,4,4,344,Recent Customer,4,Emery Carlett,9217.46
2816,Denys,Dumingos,Female,87,1989-11-25,Administrative Assistant II,Financial Services,Mass Customer,Yes,14.0,28.0,20-29,515 Warrior Pass,4226.0,QLD,Australia,9.0,8,10,5878.469999999999,4,4,4,444,Platinum Customer,1,Denys Dumingos,13562.73
2817,Agata,Inglesent,Female,33,1987-02-28,Senior Financial Analyst,Financial Services,Affluent Customer,Yes,6.0,31.0,30-39,6137 Scoville Center,2120.0,NSW,Australia,10.0,15,3,1616.56,4,1,1,411,Recent Customer,4,Agata Inglesent,4046.6099999999997
2818,Frazier,Streak,Male,82,1956-03-08,Software Test Engineer I,Unknown,Affluent Customer,No,7.0,62.0,60-69,01 Vernon Court,4500.0,QLD,Australia,4.0,99,4,3700.7799999999997,1,1,3,113,Evasive Customer,10,Frazier Streak,5234.29
2819,Clyve,Starmont,Male,63,1977-12-04,Executive Secretary,Manufacturing,Affluent Customer,No,14.0,40.0,40-49,4 American Ash Circle,2211.0,NSW,Australia,10.0,162,4,2500.31,1,1,2,112,Evasive Customer,10,Clyve Starmont,5543.02
2820,Tristam,Gutcher,Male,44,1979-03-01,Engineer I,Manufacturing,Affluent Customer,Yes,16.0,39.0,30-39,68 Roth Crossing,2295.0,NSW,Australia,8.0,58,7,4695.9400000000005,2,3,4,234,Losing Customer,7,Tristam Gutcher,8152.6900000000005
2821,Fairlie,Alasdair,Male,13,1985-01-23,Human Resources Assistant III,Property,Affluent Customer,No,11.0,33.0,30-39,859 Harbort Alley,2099.0,NSW,Australia,11.0,51,5,1471.91,2,2,1,221,High Risk Customer,8,Fairlie Alasdair,4455.08
2822,Rebecca,Shaughnessy,Female,83,1981-05-14,Professor,Unknown,Mass Customer,No,3.0,37.0,30-39,99216 Oakridge Hill,3124.0,VIC,Australia,12.0,11,9,5473.67,4,4,4,444,Platinum Customer,1,Rebecca Shaughnessy,8764.17
2823,Weidar,Antognazzi,Male,98,1971-04-20,Budget/Accounting Analyst IV,Property,Mass Customer,No,7.0,47.0,40-49,82010 Lakewood Center,2770.0,NSW,Australia,6.0,12,4,1636.08,4,1,1,411,Recent Customer,4,Weidar Antognazzi,2040.6100000000001
2824,Lombard,Essame,Male,41,1995-06-11,Assistant Media Planner,Entertainment,Affluent Customer,No,7.0,23.0,20-29,643 Clyde Gallagher Road,3107.0,VIC,Australia,10.0,122,6,5278.02,1,2,4,124,Almost Lost Customer,9,Lombard Essame,8837.81
2825,Tammara,Twigley,Female,28,1971-05-22,Budget/Accounting Analyst IV,Manufacturing,Affluent Customer,Yes,19.0,47.0,40-49,6970 Almo Court,2049.0,NSW,Australia,9.0,112,4,1854.5300000000002,1,1,2,112,Evasive Customer,10,Tammara Twigley,4231.89
2826,Loise,Mulvany,Female,73,1962-04-30,Web Developer II,Unknown,Mass Customer,No,15.0,56.0,50-59,9 Springview Terrace,3121.0,VIC,Australia,10.0,11,12,6755.16,4,4,4,444,Platinum Customer,1,Loise Mulvany,11244.57
2827,Shelli,Wilkennson,Female,17,1973-07-15,Unknown,Financial Services,High Net Worth,No,14.0,44.0,40-49,46631 School Road,2099.0,NSW,Australia,11.0,107,5,2208.8900000000003,1,2,2,122,Evasive Customer,10,Shelli Wilkennson,4673.13
2828,Philippine,Maycey,Female,37,1998-12-14,Unknown,Health,High Net Worth,Yes,4.0,19.0,Under 20,54 Green Point,3015.0,VIC,Australia,10.0,115,2,262.52999999999986,1,1,1,111,Lost Customer,11,Philippine Maycey,2446.06
2829,Juditha,Cufley,Female,2,1979-06-11,Electrical Engineer,Manufacturing,High Net Worth,No,11.0,39.0,30-39,28014 Kings Park,2300.0,NSW,Australia,8.0,144,2,1747.0800000000002,1,1,1,111,Lost Customer,11,Juditha Cufley,3023.32
2830,Bjorn,Simioli,Male,39,1958-12-19,Computer Systems Analyst II,Manufacturing,High Net Worth,No,9.0,59.0,50-59,8612 Kennedy Alley,3149.0,VIC,Australia,10.0,95,5,2490.7599999999998,1,2,2,122,Evasive Customer,10,Bjorn Simioli,4885.5199999999995
2831,Starlin,Aysh,Female,16,1968-01-22,Programmer Analyst I,Health,Mass Customer,Yes,11.0,50.0,50-59,82 Vermont Street,2021.0,NSW,Australia,12.0,14,5,3975.17,4,2,3,423,Becoming Loyal,3,Starlin Aysh,4904.01
2832,Tedmund,Plumm,Male,9,1976-09-25,Recruiter,Telecommunications,Mass Customer,Yes,9.0,41.0,40-49,92610 Sutherland Place,3140.0,VIC,Australia,8.0,23,9,3531.5699999999997,3,4,3,343,Potential Customer,5,Tedmund Plumm,7026.780000000001
2833,Cy,Braim,Male,60,1999-11-26,Unknown,IT,Mass Customer,Yes,3.0,18.0,Under 20,2038 Esker Road,2650.0,NSW,Australia,4.0,16,6,2638.92,4,2,2,422,Becoming Loyal,3,Cy Braim,6437.61
2834,Timmie,Ubanks,Male,33,1980-05-04,Unknown,Retail,Affluent Customer,No,9.0,38.0,30-39,33 Norway Maple Street,2760.0,NSW,Australia,7.0,66,3,2115.86,2,1,2,212,High Risk Customer,8,Timmie Ubanks,3603.6800000000003
2835,Deloria,,Female,30,1997-07-01,Environmental Specialist,Manufacturing,Affluent Customer,No,2.0,21.0,20-29,72297 Sutherland Junction,2560.0,NSW,Australia,8.0,228,3,328.77,1,1,1,111,Lost Customer,11,Deloria,1178.37
2836,Matilda,Yellowley,Female,80,1963-11-14,Clinical Specialist,Health,Mass Customer,No,16.0,54.0,50-59,7827 Spohn Court,2093.0,NSW,Australia,9.0,13,10,4664.400000000001,4,4,4,444,Platinum Customer,1,Matilda Yellowley,12283.11
2837,Caitrin,MacTavish,Female,81,1987-12-04,Unknown,Retail,Mass Customer,No,10.0,30.0,30-39,77 Gulseth Lane,3181.0,VIC,Australia,8.0,41,7,3171.39,3,3,3,333,Potential Customer,5,Caitrin MacTavish,9092.1
2838,Lydie,Scholfield,Female,14,1977-03-01,Payment Adjustment Coordinator,Retail,High Net Worth,No,21.0,41.0,40-49,50469 Shelley Avenue,4350.0,QLD,Australia,8.0,15,3,1554.3400000000001,4,1,1,411,Recent Customer,4,Lydie Scholfield,2838.62
2839,Jaime,Dikelin,Female,12,1977-06-07,Assistant Media Planner,Entertainment,Mass Customer,No,10.0,41.0,40-49,9695 Northland Pass,2450.0,NSW,Australia,7.0,17,8,2693.04,4,4,2,442,Very Loyal,2,Jaime Dikelin,7971.99
2840,Wallie,Baitman,Male,63,1992-09-04,Recruiter,Manufacturing,Mass Customer,Yes,9.0,25.0,20-29,3619 Elgar Terrace,3337.0,VIC,Australia,3.0,16,4,811.67,4,1,1,411,Recent Customer,4,Wallie Baitman,3362.7599999999998
2841,Bibby,Carnson,Female,19,1963-01-31,Recruiting Manager,Unknown,Mass Customer,No,16.0,55.0,50-59,7 Buhler Drive,2142.0,NSW,Australia,7.0,16,7,6522.279999999999,4,3,4,434,Very Loyal,2,Bibby Carnson,10658.349999999999
2842,Olimpia,Traynor,Female,80,1968-08-12,Unknown,Health,Mass Customer,No,6.0,49.0,40-49,4589 Lien Terrace,2068.0,NSW,Australia,12.0,39,3,1410.6,3,1,1,311,Late Bloomer,6,Olimpia Traynor,2134.96
2843,Lorain,Danforth,Female,42,1968-04-20,Recruiter,Financial Services,Affluent Customer,Yes,5.0,50.0,50-59,37 Darwin Circle,2282.0,NSW,Australia,8.0,20,6,4117.49,3,2,3,323,Potential Customer,5,Lorain Danforth,6116.0
2844,Amie,Felgate,Female,98,1975-11-22,Unknown,Financial Services,Mass Customer,Yes,13.0,42.0,40-49,20 Carberry Circle,2165.0,NSW,Australia,7.0,23,7,3710.169999999999,3,3,3,333,Potential Customer,5,Amie Felgate,7248.98
2845,Benni,Ilem,Female,1,1974-06-16,Staff Accountant III,Unknown,Mass Customer,No,11.0,44.0,40-49,082 Twin Pines Avenue,4270.0,QLD,Australia,7.0,47,8,2497.72,2,4,2,242,Losing Customer,7,Benni Ilem,8539.21
2846,Bryana,Lindell,Female,66,1970-08-15,Nurse,Property,Mass Customer,No,14.0,47.0,40-49,1946 Golf Course Hill,3156.0,VIC,Australia,10.0,15,4,986.7099999999999,4,1,1,411,Recent Customer,4,Bryana Lindell,4002.3
2847,Noreen,Matelaitis,Female,50,1976-03-21,Occupational Therapist,Health,Mass Customer,No,12.0,42.0,40-49,48418 Crescent Oaks Court,2770.0,NSW,Australia,9.0,44,7,4509.110000000001,3,3,4,334,Potential Customer,5,Noreen Matelaitis,8251.07
2848,Callie,Garthshore,Female,42,1967-01-17,Analyst Programmer,Property,Mass Customer,Yes,13.0,51.0,50-59,9 Steensland Center,3103.0,VIC,Australia,12.0,13,4,3121.1699999999996,4,1,3,413,Recent Customer,4,Callie Garthshore,5354.429999999999
2849,Palm,Bartoszek,Male,65,1994-03-27,Unknown,Unknown,High Net Worth,Yes,2.0,24.0,20-29,5 Golf Course Street,2300.0,NSW,Australia,8.0,115,4,1549.8200000000002,1,1,1,111,Lost Customer,11,Palm Bartoszek,4650.96
2850,Andie,Shorto,Female,74,1972-10-13,Director of Sales,Unknown,Mass Customer,Yes,5.0,45.0,40-49,70 Shopko Drive,2487.0,NSW,Australia,9.0,7,8,5043.07,4,4,4,444,Platinum Customer,1,Andie Shorto,7671.88
2851,Ulberto,Haking,Male,36,1975-12-17,Programmer IV,Entertainment,Affluent Customer,Yes,16.0,42.0,40-49,11035 Toban Lane,2770.0,NSW,Australia,8.0,9,7,4041.18,4,3,3,433,Very Loyal,2,Ulberto Haking,8383.77
2852,Clarinda,Noen,Female,20,1971-07-22,Biostatistician I,Property,High Net Worth,Yes,14.0,46.0,40-49,35 Eastwood Plaza,3163.0,VIC,Australia,9.0,103,4,2403.99,1,1,2,112,Evasive Customer,10,Clarinda Noen,5055.13
2853,Clarence,Flook,Male,65,1985-10-21,Executive Secretary,Retail,High Net Worth,Yes,7.0,32.0,30-39,52 Ruskin Pass,2089.0,NSW,Australia,10.0,81,8,4610.6,2,4,4,244,Losing Customer,7,Clarence Flook,8836.36
2854,Vikky,Dyde,Unknown,49,,Project Manager,IT,High Net Worth,Yes,,,,3306 Bartelt Alley,2323.0,NSW,Australia,4.0,83,4,2475.7200000000003,2,1,2,212,High Risk Customer,8,Vikky Dyde,4893.5
2855,Kim,Tineman,Female,81,1975-09-13,Nurse Practicioner,Manufacturing,Mass Customer,Yes,17.0,42.0,40-49,9179 Esker Park,2155.0,NSW,Australia,10.0,39,2,63.830000000000005,3,1,1,311,Late Bloomer,6,Kim Tineman,255.35000000000002
2856,Milissent,Deinert,Female,53,1976-09-25,Marketing Manager,Financial Services,Mass Customer,Yes,13.0,41.0,40-49,57 Village Green Center,2077.0,NSW,Australia,10.0,6,7,5583.33,4,3,4,434,Very Loyal,2,Milissent Deinert,10139.11
2857,Alanna,Geram,Female,9,1957-04-05,Biostatistician I,Manufacturing,Mass Customer,Yes,17.0,61.0,60-69,352 Roth Street,4300.0,QLD,Australia,6.0,113,6,5373.629999999999,1,2,4,124,Almost Lost Customer,9,Alanna Geram,8974.25
2858,Benedicto,Radki,Male,4,2002-01-09,Recruiting Manager,Unknown,Mass Customer,Yes,1.0,16.0,Under 20,0555 Tomscot Plaza,2044.0,NSW,Australia,10.0,108,5,3119.3199999999997,1,2,3,123,Evasive Customer,10,Benedicto Radki,8376.119999999999
2859,Brandais,Goodlad,Female,98,1994-02-04,Assistant Professor,Argiculture,High Net Worth,No,5.0,24.0,20-29,3519 Schurz Alley,4034.0,QLD,Australia,7.0,10,8,4153.82,4,4,4,444,Platinum Customer,1,Brandais Goodlad,6793.56
2860,Charity,Robken,Female,13,1995-10-02,Physical Therapy Assistant,Unknown,Mass Customer,No,1.0,22.0,20-29,221 Autumn Leaf Trail,2564.0,NSW,Australia,7.0,8,10,8357.7,4,4,4,444,Platinum Customer,1,Charity Robken,14673.35
2861,Cecelia,Franzini,Female,4,1974-12-24,VP Quality Control,Financial Services,Mass Customer,Yes,4.0,43.0,40-49,12689 Logan Terrace,4154.0,QLD,Australia,9.0,73,8,4518.27,2,4,4,244,Losing Customer,7,Cecelia Franzini,9484.25
2862,Normand,Pattillo,Male,46,1987-12-23,Cost Accountant,Financial Services,Mass Customer,No,10.0,30.0,30-39,4623 Anniversary Terrace,2031.0,NSW,Australia,10.0,14,5,1870.13,4,2,2,422,Becoming Loyal,3,Normand Pattillo,4816.96
2863,Alisander,Fetherstone,Male,90,1965-03-26,Internal Auditor,Manufacturing,Mass Customer,No,16.0,53.0,50-59,69 Dexter Parkway,2460.0,NSW,Australia,3.0,175,1,167.20999999999998,1,1,1,111,Lost Customer,11,Alisander Fetherstone,544.05
2864,Mariejeanne,Laise,Female,36,1974-12-26,Analog Circuit Design manager,IT,Mass Customer,No,21.0,43.0,40-49,3 Vermont Junction,3757.0,VIC,Australia,6.0,17,4,3022.9999999999995,4,1,3,413,Recent Customer,4,Mariejeanne Laise,4770.7699999999995
2865,Lila,Eyeington,Female,11,1997-12-14,Electrical Engineer,Manufacturing,High Net Worth,No,3.0,20.0,20-29,6804 Red Cloud Parkway,2099.0,NSW,Australia,9.0,0,7,5283.91,4,3,4,434,Very Loyal,2,Lila Eyeington,11030.02
2866,Ky,Stredder,Male,10,1995-06-26,Unknown,Health,High Net Worth,No,7.0,23.0,20-29,6 Haas Park,2750.0,NSW,Australia,7.0,78,4,2443.57,2,1,2,212,High Risk Customer,8,Ky Stredder,4759.37
2867,Lem,Meegan,Male,53,1955-10-19,Sales Associate,Unknown,High Net Worth,No,12.0,62.0,60-69,72 Ludington Circle,2770.0,NSW,Australia,6.0,95,5,1087.18,1,2,1,121,Evasive Customer,10,Lem Meegan,2866.46
2868,Corina,Thurlbeck,Female,20,1972-05-21,Technical Writer,Retail,High Net Worth,No,10.0,46.0,40-49,558 Grayhawk Circle,2086.0,NSW,Australia,10.0,25,4,2129.53,3,1,2,312,Late Bloomer,6,Corina Thurlbeck,3572.73
2869,Gavra,Woolvin,Female,19,2001-01-16,Unknown,Manufacturing,Affluent Customer,No,2.0,17.0,Under 20,04470 Mcguire Trail,2070.0,NSW,Australia,9.0,116,6,1914.9099999999999,1,2,2,122,Evasive Customer,10,Gavra Woolvin,6230.41
2870,Aldis,Chazerand,Male,99,1957-12-26,Unknown,Unknown,Mass Customer,No,11.0,60.0,60-69,10434 Melby Pass,2200.0,NSW,Australia,7.0,109,2,135.89999999999995,1,1,1,111,Lost Customer,11,Aldis Chazerand,599.88
2871,Hubie,Keld,Male,49,1978-03-20,Assistant Media Planner,Entertainment,High Net Worth,Yes,15.0,40.0,40-49,60717 Farmco Center,2047.0,NSW,Australia,12.0,20,6,2345.94,3,2,2,322,Late Bloomer,6,Hubie Keld,4852.74
2872,Tabbi,Tyght,Female,52,1974-02-17,Assistant Professor,Health,Affluent Customer,Yes,17.0,44.0,40-49,78814 Sundown Drive,4810.0,QLD,Australia,8.0,24,7,3109.9300000000003,3,3,3,333,Potential Customer,5,Tabbi Tyght,7041.0599999999995
2873,Elvina,Saiger,Female,59,1981-06-25,Cost Accountant,Financial Services,Mass Customer,No,13.0,37.0,30-39,62293 Raven Parkway,2486.0,NSW,Australia,8.0,104,3,2127.43,1,1,2,112,Evasive Customer,10,Elvina Saiger,3244.63
2874,Delores,Ashcroft,Female,97,1977-12-28,Nuclear Power Engineer,Manufacturing,Affluent Customer,No,18.0,40.0,40-49,08 Monterey Avenue,3043.0,VIC,Australia,7.0,60,11,7910.31,2,4,4,244,Losing Customer,7,Delores Ashcroft,15091.91
2875,Keven,Leahair,Male,71,1998-10-23,Financial Analyst,Financial Services,High Net Worth,No,2.0,19.0,Under 20,2241 Bonner Trail,4221.0,QLD,Australia,9.0,35,4,3231.91,3,1,3,313,Late Bloomer,6,Keven Leahair,5883.47
2876,Swen,McGarahan,Male,68,1981-01-29,General Manager,Retail,High Net Worth,No,10.0,37.0,30-39,7 Bartillon Junction,2044.0,NSW,Australia,10.0,325,1,209.84000000000003,1,1,1,111,Lost Customer,11,Swen McGarahan,958.74
2877,Vaughan,Frank,Male,59,1967-11-01,Senior Sales Associate,Property,Affluent Customer,Yes,18.0,50.0,50-59,463 Bultman Crossing,4211.0,QLD,Australia,5.0,41,8,3642.02,3,4,3,343,Potential Customer,5,Vaughan Frank,6928.59
2878,Sauveur,Skeel,Male,73,1985-10-31,Analog Circuit Design manager,Property,Mass Customer,Yes,9.0,32.0,30-39,12574 Truax Alley,2316.0,NSW,Australia,6.0,0,3,784.9099999999999,4,1,1,411,Recent Customer,4,Sauveur Skeel,2319.39
2879,Tatum,Askem,Female,62,1974-04-09,Executive Secretary,Argiculture,Mass Customer,Yes,5.0,44.0,40-49,77433 Sunfield Court,3179.0,VIC,Australia,9.0,14,8,5572.11,4,4,4,444,Platinum Customer,1,Tatum Askem,9983.98
2880,Ingra,Kelby,Male,43,1967-11-15,Legal Assistant,Health,Mass Customer,No,7.0,50.0,50-59,8647 La Follette Court,2067.0,NSW,Australia,9.0,18,8,4772.56,3,4,4,344,Recent Customer,4,Ingra Kelby,12780.52
2881,Ezra,Steffan,Male,71,1962-09-27,Associate Professor,Health,Affluent Customer,Yes,11.0,55.0,50-59,8750 Corben Trail,2089.0,NSW,Australia,11.0,72,6,3646.67,2,2,3,223,High Risk Customer,8,Ezra Steffan,6506.51
2882,Claudia,Doog,Female,62,1986-04-26,Chief Design Engineer,Manufacturing,Mass Customer,No,9.0,32.0,30-39,8250 Johnson Point,4115.0,QLD,Australia,3.0,294,2,1486.38,1,1,1,111,Lost Customer,11,Claudia Doog,2515.6800000000003
2883,Ulick,Bruty,Male,84,1995-05-19,Paralegal,Financial Services,Mass Customer,Yes,2.0,23.0,20-29,4 Vahlen Alley,2756.0,NSW,Australia,8.0,49,7,5553.21,2,3,4,234,Losing Customer,7,Ulick Bruty,10571.82
2884,Karola,Conneely,Female,99,1962-01-06,Assistant Professor,Unknown,Mass Customer,No,15.0,56.0,50-59,8369 Golf Court,2777.0,NSW,Australia,9.0,14,7,3913.44,4,3,3,433,Very Loyal,2,Karola Conneely,6721.58
2885,Minnie,Rolley,Female,70,1969-07-03,Compensation Analyst,Financial Services,Mass Customer,Yes,4.0,48.0,40-49,17 Sachs Street,2761.0,NSW,Australia,8.0,94,9,4839.41,1,4,4,144,Almost Lost Customer,9,Minnie Rolley,12055.64
2886,Lulu,Watkiss,Female,39,1961-08-08,Nurse Practicioner,Unknown,Mass Customer,No,14.0,56.0,50-59,53683 Arapahoe Parkway,2121.0,NSW,Australia,11.0,39,8,4022.79,3,4,3,343,Potential Customer,5,Lulu Watkiss,8504.95
2887,Gardiner,Spehr,Male,42,1974-02-24,Speech Pathologist,Financial Services,High Net Worth,Yes,18.0,44.0,40-49,177 Forest Run Crossing,2046.0,NSW,Australia,10.0,24,9,6202.900000000001,3,4,4,344,Recent Customer,4,Gardiner Spehr,10892.99
2888,Hamel,Crosser,Male,37,1962-05-23,Project Manager,IT,High Net Worth,Yes,16.0,56.0,50-59,5674 Superior Point,2528.0,NSW,Australia,7.0,29,6,5055.73,3,2,4,324,Potential Customer,5,Hamel Crosser,7967.07
2889,Ximenes,Patmore,Male,55,1986-04-01,Assistant Professor,Unknown,Mass Customer,Yes,8.0,32.0,30-39,37595 Packers Terrace,3064.0,VIC,Australia,5.0,105,5,4722.62,1,2,4,124,Almost Lost Customer,9,Ximenes Patmore,6098.4800000000005
2890,Nevile,Ecclesall,Male,64,1959-05-17,Speech Pathologist,Unknown,Affluent Customer,Yes,20.0,59.0,50-59,63 Bayside Center,2018.0,NSW,Australia,11.0,86,6,3395.62,2,2,3,223,High Risk Customer,8,Nevile Ecclesall,6579.15
2891,Renae,Ughetti,Female,5,1987-02-22,Nuclear Power Engineer,Manufacturing,High Net Worth,Yes,12.0,31.0,30-39,32 Calypso Park,2481.0,NSW,Australia,11.0,62,7,4629.95,2,3,4,234,Losing Customer,7,Renae Ughetti,8583.39
2892,Paulie,Wolffers,Male,59,1965-05-09,Junior Executive,Manufacturing,Affluent Customer,Yes,7.0,53.0,50-59,4 Ilene Street,2145.0,NSW,Australia,7.0,12,5,4015.0200000000004,4,2,3,423,Becoming Loyal,3,Paulie Wolffers,6697.78
2893,Erik,Pothecary,Male,84,1980-09-23,Analog Circuit Design manager,Unknown,Mass Customer,No,11.0,37.0,30-39,289 Lerdahl Terrace,2763.0,NSW,Australia,8.0,59,3,3533.559999999999,2,1,3,213,High Risk Customer,8,Erik Pothecary,4825.25
2894,Gilburt,,Male,91,1977-04-19,Geologist III,Financial Services,Mass Customer,Yes,22.0,41.0,40-49,666 Holy Cross Parkway,4818.0,QLD,Australia,4.0,86,8,7095.400000000001,2,4,4,244,Losing Customer,7,Gilburt,13218.23
2895,Lind,Mc Ilory,Female,85,1967-03-15,Librarian,Entertainment,Mass Customer,Yes,5.0,51.0,50-59,5 Forster Center,2075.0,NSW,Australia,9.0,258,2,950.56,1,1,1,111,Lost Customer,11,Lind Mc Ilory,1390.68
2896,Chryste,Deaville,Female,5,1970-03-25,Financial Advisor,Financial Services,Mass Customer,Yes,12.0,48.0,40-49,2072 Fremont Parkway,3082.0,VIC,Australia,4.0,194,2,1319.83,1,1,1,111,Lost Customer,11,Chryste Deaville,2648.5
2897,Kimbra,Gerraty,Female,94,1962-04-14,Assistant Professor,Manufacturing,Affluent Customer,No,5.0,56.0,50-59,17 Dapin Avenue,3189.0,VIC,Australia,10.0,46,5,2828.37,2,2,2,222,High Risk Customer,8,Kimbra Gerraty,4416.799999999999
2898,Tiertza,Hilldrop,Female,81,1965-06-05,VP Sales,Unknown,Affluent Customer,Yes,5.0,53.0,50-59,552 Talisman Circle,2250.0,NSW,Australia,7.0,78,4,2343.0,2,1,2,212,High Risk Customer,8,Tiertza Hilldrop,4284.31
2899,Leora,Sanderson,Female,13,1990-03-21,Nuclear Power Engineer,Manufacturing,High Net Worth,No,4.0,28.0,20-29,75717 Bartillon Road,2880.0,NSW,Australia,1.0,30,6,2554.49,3,2,2,322,Late Bloomer,6,Leora Sanderson,6188.15
2900,Cyrille,Figliovanni,Male,29,1986-05-30,Occupational Therapist,Health,Mass Customer,Yes,18.0,32.0,30-39,0 Caliangt Pass,2530.0,NSW,Australia,7.0,61,3,2041.2,2,1,2,212,High Risk Customer,8,Cyrille Figliovanni,4234.34
2901,Banky,Baudichon,Male,77,1995-06-11,Unknown,Manufacturing,Mass Customer,Yes,6.0,23.0,20-29,848 Cascade Alley,4301.0,QLD,Australia,3.0,38,7,5850.339999999999,3,3,4,334,Potential Customer,5,Banky Baudichon,9512.21
2902,Stacia,Gritsaev,Female,57,1974-12-31,Human Resources Manager,Financial Services,Mass Customer,Yes,7.0,43.0,40-49,59231 Claremont Place,2170.0,NSW,Australia,9.0,196,2,899.7599999999998,1,1,1,111,Lost Customer,11,Stacia Gritsaev,1591.08
2903,Avery,Adamov,Male,47,1977-09-20,Operator,Manufacturing,Affluent Customer,Yes,9.0,40.0,40-49,493 Calypso Center,2170.0,NSW,Australia,8.0,26,3,1370.8,3,1,1,311,Late Bloomer,6,Avery Adamov,3175.62
2904,Freddi,Arrington,Female,26,1977-06-30,Software Test Engineer III,Manufacturing,High Net Worth,Yes,11.0,41.0,40-49,25 Schlimgen Terrace,2211.0,NSW,Australia,9.0,23,7,3163.39,3,3,3,333,Potential Customer,5,Freddi Arrington,5397.49
2905,Emily,Shackel,Female,34,1964-05-18,Account Representative I,Unknown,Mass Customer,No,14.0,54.0,50-59,38 Thompson Plaza,2452.0,NSW,Australia,5.0,8,4,689.79,4,1,1,411,Recent Customer,4,Emily Shackel,3343.69
2906,Ivory,MacKnocker,Female,93,1992-07-02,GIS Technical Architect,Retail,Mass Customer,Yes,4.0,25.0,20-29,72850 Lotheville Junction,2480.0,NSW,Australia,4.0,45,4,1408.35,2,1,1,211,Almost Lost Customer,9,Ivory MacKnocker,4835.93
2907,Erik,,Male,89,1977-01-15,Senior Financial Analyst,Financial Services,High Net Worth,No,8.0,41.0,40-49,0 Lakeland Pass,3195.0,VIC,Australia,10.0,74,7,5213.35,2,3,4,234,Losing Customer,7,Erik,9679.210000000001
2908,Tiffy,Feenan,Female,42,1955-09-21,Social Worker,Health,Affluent Customer,Yes,11.0,62.0,60-69,8188 Fuller Hill,3175.0,VIC,Australia,8.0,1,6,2066.4899999999993,4,2,2,422,Becoming Loyal,3,Tiffy Feenan,3638.18
2909,Jayme,Rowthorn,Female,31,1979-09-05,Associate Professor,Entertainment,High Net Worth,No,6.0,38.0,30-39,6815 South Junction,3198.0,VIC,Australia,9.0,83,7,4644.23,2,3,4,234,Losing Customer,7,Jayme Rowthorn,7868.9
2910,Drucill,Petrus,Female,15,1962-12-17,Registered Nurse,Health,Mass Customer,Yes,12.0,55.0,50-59,46418 Hauk Pass,3184.0,VIC,Australia,10.0,46,8,3564.73,2,4,3,243,Losing Customer,7,Drucill Petrus,5951.54
2911,Janenna,Knowlman,Female,55,1968-04-26,Assistant Media Planner,Entertainment,Mass Customer,No,11.0,50.0,50-59,3 Nancy Circle,3106.0,VIC,Australia,10.0,283,2,687.5100000000001,1,1,1,111,Lost Customer,11,Janenna Knowlman,1875.15
2912,Tobit,,Male,60,1976-08-18,Unknown,Unknown,High Net Worth,No,4.0,41.0,40-49,7916 Clyde Gallagher Place,2075.0,NSW,Australia,11.0,46,13,8835.01,2,4,4,244,Losing Customer,7,Tobit,14149.73
2913,Padraic,Bonnar,Male,44,1955-07-11,VP Quality Control,IT,Affluent Customer,Yes,14.0,62.0,60-69,24913 Twin Pines Terrace,3350.0,VIC,Australia,5.0,89,6,1548.6499999999999,1,2,1,121,Evasive Customer,10,Padraic Bonnar,5130.11
2914,Jessamine,Brazear,Female,76,1982-11-06,Health Coach IV,Health,Affluent Customer,Yes,11.0,35.0,30-39,3 Barnett Way,2763.0,NSW,Australia,9.0,12,12,6835.96,4,4,4,444,Platinum Customer,1,Jessamine Brazear,13824.53
2915,Enrichetta,Broadberry,Female,32,1975-06-02,Budget/Accounting Analyst IV,Manufacturing,Mass Customer,No,17.0,43.0,40-49,928 Laurel Circle,4868.0,QLD,Australia,4.0,33,7,1661.98,3,3,1,331,Potential Customer,5,Enrichetta Broadberry,6896.26
2916,Lauren,Adolfson,Male,23,1969-08-03,Product Engineer,Manufacturing,Affluent Customer,Yes,9.0,48.0,40-49,2 Blue Bill Park Lane,4220.0,QLD,Australia,8.0,24,5,1571.39,3,2,1,321,Late Bloomer,6,Lauren Adolfson,5194.54
2917,Siegfried,Hulmes,Male,21,1976-07-11,Unknown,Manufacturing,Affluent Customer,No,18.0,41.0,40-49,937 Sloan Center,4118.0,QLD,Australia,6.0,148,5,3758.8700000000003,1,2,3,123,Evasive Customer,10,Siegfried Hulmes,6402.85
2918,Elli,,Female,58,1989-02-15,Unknown,Financial Services,Mass Customer,Yes,5.0,29.0,20-29,66 Arrowood Court,4551.0,QLD,Australia,8.0,51,7,3469.6,2,3,3,233,Losing Customer,7,Elli,8939.64
2919,Rustin,,Male,47,1964-10-31,Safety Technician I,Financial Services,High Net Worth,Yes,8.0,53.0,50-59,11 Glendale Court,4121.0,QLD,Australia,9.0,21,6,3489.33,3,2,3,323,Potential Customer,5,Rustin,5710.05
2920,Casar,Ritchley,Unknown,0,,Business Systems Development Analyst,IT,Mass Customer,Yes,,,,7066 Sunbrook Terrace,2299.0,NSW,Australia,8.0,99,2,1774.7,1,1,1,111,Lost Customer,11,Casar Ritchley,2787.82
2921,Astrid,Mac Giolla Pheadair,Female,15,1976-04-12,Unknown,Financial Services,Mass Customer,No,7.0,42.0,40-49,210 Prairie Rose Hill,4060.0,QLD,Australia,9.0,57,5,2718.28,2,2,2,222,High Risk Customer,8,Astrid Mac Giolla Pheadair,4820.4
2922,Wallache,Tatlow,Male,34,1981-12-10,Sales Associate,Manufacturing,Affluent Customer,Yes,10.0,36.0,30-39,2 Jackson Way,4210.0,QLD,Australia,4.0,1,4,2947.71,4,1,3,413,Recent Customer,4,Wallache Tatlow,4732.49
2923,Julie,Kennagh,Female,46,1971-11-30,Teacher,Unknown,Affluent Customer,Yes,4.0,46.0,40-49,3957 American Ash Plaza,2440.0,NSW,Australia,2.0,13,7,3149.25,4,3,3,433,Very Loyal,2,Julie Kennagh,6413.18
2924,Fina,McLaughlin,Female,79,1988-01-26,Assistant Media Planner,Entertainment,Mass Customer,Yes,6.0,30.0,30-39,90 Nobel Way,3166.0,VIC,Australia,10.0,64,5,2485.92,2,2,2,222,High Risk Customer,8,Fina McLaughlin,5251.5599999999995
2925,Henderson,Sloey,Male,36,1978-05-02,Business Systems Development Analyst,Financial Services,Affluent Customer,Yes,19.0,40.0,40-49,00 Heath Road,2259.0,NSW,Australia,8.0,93,5,2770.16,1,2,2,122,Evasive Customer,10,Henderson Sloey,4419.8099999999995
2926,Jonie,Bickerstasse,Female,27,1963-03-20,Research Nurse,Health,High Net Worth,No,12.0,55.0,50-59,970 Randy Crossing,4005.0,QLD,Australia,12.0,143,4,1341.6799999999998,1,1,1,111,Lost Customer,11,Jonie Bickerstasse,3211.69
2927,Yard,Spellman,Male,49,1960-09-08,VP Sales,Manufacturing,Affluent Customer,Yes,14.0,57.0,50-59,723 Center Court,3933.0,VIC,Australia,11.0,99,3,2440.02,1,1,2,112,Evasive Customer,10,Yard Spellman,4096.32
2928,Cedric,Layzell,Male,92,1992-12-27,Office Assistant I,Unknown,Mass Customer,No,5.0,25.0,20-29,423 Golf Point,2044.0,NSW,Australia,10.0,175,5,3739.81,1,2,3,123,Evasive Customer,10,Cedric Layzell,6092.18
2929,Winny,Cakes,Male,97,1999-07-28,Nurse,Retail,Mass Customer,No,2.0,18.0,Under 20,415 Walton Lane,4883.0,QLD,Australia,3.0,1,8,5308.78,4,4,4,444,Platinum Customer,1,Winny Cakes,9420.43
2930,Goddard,Benthall,Male,46,1997-07-25,Assistant Media Planner,Entertainment,Mass Customer,No,3.0,20.0,20-29,51 Bay Junction,2081.0,NSW,Australia,10.0,71,7,3166.93,2,3,3,233,Losing Customer,7,Goddard Benthall,6178.68
2931,Efren,Twiddell,Male,61,1979-01-27,Executive Secretary,IT,Mass Customer,Yes,6.0,39.0,30-39,16673 Pawling Point,4702.0,QLD,Australia,5.0,57,6,1700.5500000000002,2,2,1,221,High Risk Customer,8,Efren Twiddell,4741.6
2932,Bradly,Deboick,Male,4,1985-04-18,Account Representative I,IT,Mass Customer,No,17.0,33.0,30-39,2875 Anhalt Court,4570.0,QLD,Australia,3.0,19,10,5823.709999999999,3,4,4,344,Recent Customer,4,Bradly Deboick,10991.14
2933,Ralf,Presidey,Male,61,1986-04-19,Administrative Officer,Retail,Affluent Customer,Yes,6.0,32.0,30-39,7561 Donald Center,3810.0,VIC,Australia,5.0,95,5,1241.68,1,2,1,121,Evasive Customer,10,Ralf Presidey,4806.32
2934,Candida,Hickenbottom,Female,26,1986-04-08,Media Manager III,Telecommunications,Mass Customer,Yes,9.0,32.0,30-39,13282 Pond Circle,2471.0,NSW,Australia,2.0,61,6,3777.2599999999993,2,2,3,223,High Risk Customer,8,Candida Hickenbottom,7094.71
2935,Jessi,Aldwich,Female,41,1978-04-23,Unknown,Manufacturing,Mass Customer,No,17.0,40.0,40-49,1 Farwell Center,2199.0,NSW,Australia,9.0,6,7,2017.1799999999998,4,3,2,432,Becoming Loyal,3,Jessi Aldwich,4508.01
2936,Pavia,Gethen,Female,23,1984-05-20,Project Manager,Financial Services,Mass Customer,Yes,11.0,34.0,30-39,7 New Castle Terrace,2223.0,NSW,Australia,10.0,59,6,5099.849999999999,2,2,4,224,Losing Customer,7,Pavia Gethen,9389.35
2937,Belia,Mitchener,Female,47,1974-07-29,Computer Systems Analyst I,Financial Services,Mass Customer,No,15.0,43.0,40-49,572 Spohn Drive,3046.0,VIC,Australia,8.0,7,7,6294.38,4,3,4,434,Very Loyal,2,Belia Mitchener,11473.75
2938,Richardo,Cocher,Male,79,2000-02-21,Assistant Manager,Argiculture,Affluent Customer,No,2.0,18.0,Under 20,53 Hintze Circle,4005.0,QLD,Australia,7.0,125,5,4655.53,1,2,4,124,Almost Lost Customer,9,Richardo Cocher,7013.27
2939,Austina,Dugan,Female,38,1986-08-10,GIS Technical Architect,Unknown,Mass Customer,Yes,17.0,31.0,30-39,72 Buell Pass,2200.0,NSW,Australia,9.0,90,4,1600.4099999999999,1,1,1,111,Lost Customer,11,Austina Dugan,3757.8
2940,Wilek,Adolf,Male,83,1970-11-12,Business Systems Development Analyst,Unknown,Affluent Customer,Yes,14.0,47.0,40-49,5748 Walton Court,4114.0,QLD,Australia,3.0,94,7,4384.62,1,3,4,134,Almost Lost Customer,9,Wilek Adolf,6758.78
2941,Emylee,Pavlov,Female,38,1963-08-05,Unknown,Retail,Mass Customer,No,10.0,54.0,50-59,692 Anniversary Junction,4207.0,QLD,Australia,1.0,172,5,2769.25,1,2,2,122,Evasive Customer,10,Emylee Pavlov,4811.55
2942,Garner,Arnolds,Male,10,1970-07-15,Software Engineer III,Unknown,High Net Worth,No,10.0,47.0,40-49,5060 Donald Park,2539.0,NSW,Australia,5.0,9,7,3126.29,4,3,3,433,Very Loyal,2,Garner Arnolds,8857.0
2943,Caesar,,Male,65,1979-01-10,VP Sales,Unknown,High Net Worth,No,17.0,39.0,30-39,7 Debs Park,4157.0,QLD,Australia,3.0,52,7,2125.22,2,3,2,232,Losing Customer,7,Caesar,7308.48
2944,Kimball,Scutter,Male,45,1977-06-05,Environmental Specialist,Manufacturing,Affluent Customer,No,7.0,41.0,40-49,797 Orin Terrace,2119.0,NSW,Australia,10.0,30,6,1458.81,3,2,1,321,Late Bloomer,6,Kimball Scutter,4572.33
2945,Arlan,,Male,79,1972-05-26,Safety Technician IV,Unknown,Mass Customer,No,18.0,46.0,40-49,978 Dennis Way,2233.0,NSW,Australia,9.0,49,3,397.23,2,1,1,211,Almost Lost Customer,9,Arlan,2684.96
2946,Paige,Bax,Male,14,1990-11-21,Unknown,Property,Mass Customer,Yes,7.0,27.0,20-29,4 Glendale Crossing,3148.0,VIC,Australia,10.0,31,10,3823.38,3,4,3,343,Potential Customer,5,Paige Bax,9722.73
2947,Standford,Sauter,Male,75,1977-10-13,Unknown,Manufacturing,Mass Customer,No,11.0,40.0,40-49,64107 Little Fleur Trail,4211.0,QLD,Australia,3.0,14,6,4595.07,4,2,4,424,Becoming Loyal,3,Standford Sauter,5990.41
2948,Yank,Scarlett,Male,23,1997-01-17,Internal Auditor,Manufacturing,Mass Customer,Yes,2.0,21.0,20-29,68473 Leroy Avenue,4105.0,QLD,Australia,9.0,111,5,2670.13,1,2,2,122,Evasive Customer,10,Yank Scarlett,4758.83
2949,Alexa,Simanek,Female,68,1977-09-21,Unknown,Telecommunications,Mass Customer,No,17.0,40.0,40-49,321 Muir Crossing,3175.0,VIC,Australia,5.0,13,3,952.8999999999999,4,1,1,411,Recent Customer,4,Alexa Simanek,1857.76
2950,Kristos,Anthony,Male,19,1955-01-11,Software Engineer I,Financial Services,Mass Customer,Yes,10.0,63.0,60-69,984 Hoepker Court,3064.0,VIC,Australia,6.0,75,3,645.9899999999999,2,1,1,211,Almost Lost Customer,9,Kristos Anthony,1953.15
2951,Duffy,Godbehere,Male,13,1977-09-25,Community Outreach Specialist,Financial Services,High Net Worth,No,12.0,40.0,40-49,24 Green Parkway,3437.0,VIC,Australia,8.0,85,9,4729.7300000000005,2,4,4,244,Losing Customer,7,Duffy Godbehere,11002.560000000001
2952,Cristy,McQuirter,Female,28,1975-04-25,Senior Developer,Manufacturing,High Net Worth,Yes,16.0,43.0,40-49,10 Kensington Avenue,2117.0,NSW,Australia,10.0,27,5,2543.8900000000003,3,2,2,322,Late Bloomer,6,Cristy McQuirter,6242.1
2953,Hector,Carwithan,Male,45,1972-10-26,Recruiting Manager,Health,High Net Worth,Yes,8.0,45.0,40-49,75848 Ohio Lane,3037.0,VIC,Australia,7.0,75,5,2881.21,2,2,3,223,High Risk Customer,8,Hector Carwithan,6263.34
2954,Albertine,Fibbitts,Female,23,1974-03-24,Pharmacist,Health,Mass Customer,No,16.0,44.0,40-49,3 New Castle Terrace,3032.0,VIC,Australia,8.0,6,6,2388.19,4,2,2,422,Becoming Loyal,3,Albertine Fibbitts,5047.3099999999995
2955,Stuart,Dutnell,Male,74,1990-03-19,Community Outreach Specialist,Financial Services,High Net Worth,No,13.0,28.0,20-29,7 Blue Bill Park Lane,2765.0,NSW,Australia,9.0,19,8,4306.129999999999,3,4,4,344,Recent Customer,4,Stuart Dutnell,8309.33
2956,Thedric,Bolding,Male,17,1959-12-16,Quality Control Specialist,Telecommunications,Mass Customer,Yes,19.0,58.0,50-59,8007 Dawn Terrace,2166.0,NSW,Australia,9.0,97,7,2683.67,1,3,2,132,Almost Lost Customer,9,Thedric Bolding,5810.6900000000005
2957,Hurlee,Helleckas,Male,66,1969-11-21,Social Worker,Health,Affluent Customer,No,11.0,48.0,40-49,02555 Sloan Way,2259.0,NSW,Australia,8.0,98,3,2844.83,1,1,3,113,Evasive Customer,10,Hurlee Helleckas,3938.5699999999997
2958,Regan,Botly,Male,10,1975-11-23,Health Coach II,Manufacturing,Affluent Customer,Yes,14.0,42.0,40-49,337 Brentwood Pass,2529.0,NSW,Australia,8.0,4,7,1892.1200000000001,4,3,2,432,Becoming Loyal,3,Regan Botly,6042.2
2959,Max,Gonthier,Female,1,1953-11-23,Registered Nurse,Health,Mass Customer,Yes,11.0,64.0,60-69,4052 Katie Court,4300.0,QLD,Australia,5.0,134,3,1835.26,1,1,2,112,Evasive Customer,10,Max Gonthier,3525.57
2960,Hollie,MacEllen,Female,6,1976-07-16,Design Engineer,Property,Mass Customer,Yes,16.0,41.0,40-49,3 Comanche Court,2537.0,NSW,Australia,4.0,88,3,2935.67,1,1,3,113,Evasive Customer,10,Hollie MacEllen,5056.1
2961,Merv,Barradell,Male,56,1975-03-22,Assistant Manager,Health,Mass Customer,Yes,12.0,43.0,40-49,8 Roxbury Way,3031.0,VIC,Australia,8.0,2,6,6234.869999999999,4,2,4,424,Becoming Loyal,3,Merv Barradell,8983.52
2962,Shari,MacCallester,Female,26,1971-07-12,Information Systems Manager,Property,Mass Customer,No,15.0,46.0,40-49,860 Banding Terrace,2029.0,NSW,Australia,11.0,77,3,444.6500000000001,2,1,1,211,Almost Lost Customer,9,Shari MacCallester,2837.74
2963,Christin,Fricke,Unknown,17,,Safety Technician II,IT,Affluent Customer,Yes,,,,5 Knutson Crossing,2114.0,NSW,Australia,10.0,55,5,1205.87,2,2,1,221,High Risk Customer,8,Christin Fricke,3318.74
2964,Geneva,McCrystal,Female,36,1974-01-07,Product Engineer,Telecommunications,Mass Customer,Yes,14.0,44.0,40-49,9217 Bashford Parkway,2023.0,NSW,Australia,10.0,168,2,2411.8899999999994,1,1,2,112,Evasive Customer,10,Geneva McCrystal,3630.46
2965,Lynna,Greenrod,Female,24,1972-12-15,Unknown,Unknown,High Net Worth,No,8.0,45.0,40-49,197 Goodland Crossing,2320.0,NSW,Australia,5.0,90,6,2422.7200000000003,1,2,2,122,Evasive Customer,10,Lynna Greenrod,6158.93
2966,Fredi,Aldhous,Female,81,1969-05-22,Dental Hygienist,Health,Mass Customer,Yes,5.0,49.0,40-49,373 Hayes Terrace,2010.0,NSW,Australia,9.0,32,5,2629.22,3,2,2,322,Late Bloomer,6,Fredi Aldhous,5009.32
2967,Dud,Coom,Male,60,1979-09-14,Social Worker,Health,Affluent Customer,Yes,20.0,38.0,30-39,3673 Jenna Center,4301.0,QLD,Australia,3.0,10,3,2466.2799999999997,4,1,2,412,Recent Customer,4,Dud Coom,4699.01
2968,Lek,Viel,Male,38,1977-11-25,Human Resources Assistant III,Retail,High Net Worth,No,16.0,40.0,40-49,8 Glendale Terrace,4014.0,QLD,Australia,8.0,171,7,1644.2700000000002,1,3,1,131,Almost Lost Customer,9,Lek Viel,5052.9
2969,Pascale,Cuxson,Male,12,1974-11-05,Database Administrator IV,Unknown,Mass Customer,Yes,6.0,43.0,40-49,22239 Waubesa Way,2763.0,NSW,Australia,9.0,11,6,2998.0299999999997,4,2,3,423,Becoming Loyal,3,Pascale Cuxson,6455.639999999999
2970,Cassi,Noades,Female,64,1992-12-08,Software Consultant,Financial Services,Mass Customer,No,5.0,25.0,20-29,6604 Hansons Court,2760.0,NSW,Australia,8.0,98,4,1111.1100000000001,1,1,1,111,Lost Customer,11,Cassi Noades,4043.88
2971,Esther,Caught,Female,5,1968-01-16,Marketing Assistant,Manufacturing,High Net Worth,Yes,8.0,50.0,50-59,6 Weeping Birch Pass,2064.0,NSW,Australia,12.0,27,3,1511.3200000000002,3,1,1,311,Late Bloomer,6,Esther Caught,2449.96
2972,Deena,Burnsides,Female,11,1956-03-18,Unknown,Unknown,High Net Worth,No,17.0,62.0,60-69,2126 Debra Point,2127.0,NSW,Australia,9.0,56,4,1188.88,2,1,1,211,Almost Lost Customer,9,Deena Burnsides,3218.41
2973,Torr,Mintram,Male,34,1972-05-12,Senior Developer,Health,High Net Worth,No,5.0,46.0,40-49,726 Erie Center,3106.0,VIC,Australia,11.0,93,4,2016.03,1,1,2,112,Evasive Customer,10,Torr Mintram,3872.73
2974,Hyacinthia,Settle,Female,1,1975-09-28,Engineer IV,Financial Services,High Net Worth,No,15.0,42.0,40-49,98 Tomscot Center,3442.0,VIC,Australia,7.0,159,2,255.19,1,1,1,111,Lost Customer,11,Hyacinthia Settle,1166.79
2975,Deva,Carnow,Female,67,1981-03-09,Senior Cost Accountant,Financial Services,Mass Customer,No,14.0,37.0,30-39,26223 Warrior Terrace,2204.0,NSW,Australia,9.0,169,3,2020.68,1,1,2,112,Evasive Customer,10,Deva Carnow,4429.83
2976,Lindsay,Beausang,Male,16,1964-08-07,Tax Accountant,Health,Mass Customer,Yes,8.0,53.0,50-59,85 Kim Way,3140.0,VIC,Australia,9.0,6,4,3521.63,4,1,3,413,Recent Customer,4,Lindsay Beausang,6239.15
2977,Ottilie,Filkov,Female,28,1977-10-16,Community Outreach Specialist,Unknown,Affluent Customer,No,18.0,40.0,40-49,0338 Oakridge Crossing,3030.0,VIC,Australia,4.0,9,5,1936.24,4,2,2,422,Becoming Loyal,3,Ottilie Filkov,5552.88
2978,Erasmus,Winckworth,Male,96,1974-05-07,Programmer IV,Manufacturing,Affluent Customer,No,10.0,44.0,40-49,3 Hudson Circle,2250.0,NSW,Australia,9.0,147,3,827.7099999999999,1,1,1,111,Lost Customer,11,Erasmus Winckworth,2701.2200000000003
2979,Louella,Mandifield,Female,39,1976-07-25,Tax Accountant,Retail,Mass Customer,No,18.0,41.0,40-49,8594 Warner Park,3053.0,VIC,Australia,6.0,127,3,990.5899999999999,1,1,1,111,Lost Customer,11,Louella Mandifield,2299.62
2980,Di,Plaid,Female,27,1979-12-22,Chemical Engineer,Manufacturing,Mass Customer,No,4.0,38.0,30-39,6136 Farragut Plaza,3181.0,VIC,Australia,6.0,15,6,2573.04,4,2,2,422,Becoming Loyal,3,Di Plaid,7498.77
2981,Benny,Jadczak,Male,26,1980-03-30,Sales Representative,Retail,High Net Worth,Yes,21.0,38.0,30-39,9 7th Pass,2760.0,NSW,Australia,9.0,52,7,2643.87,2,3,2,232,Losing Customer,7,Benny Jadczak,4484.4800000000005
2982,Celisse,McCloughen,Female,30,1982-08-08,Senior Cost Accountant,Financial Services,Mass Customer,Yes,11.0,35.0,30-39,1 Graceland Trail,3195.0,VIC,Australia,9.0,117,7,6366.75,1,3,4,134,Almost Lost Customer,9,Celisse McCloughen,8987.33
2983,Hilario,Magrane,Male,2,1985-01-26,Human Resources Manager,Retail,Mass Customer,Yes,17.0,33.0,30-39,64 Northview Pass,3163.0,VIC,Australia,9.0,129,5,3344.169999999999,1,2,3,123,Evasive Customer,10,Hilario Magrane,7256.57
2984,Frances,Mishaw,Female,48,1959-05-23,Payment Adjustment Coordinator,Manufacturing,Mass Customer,Yes,13.0,59.0,50-59,0 Hayes Hill,2106.0,NSW,Australia,11.0,158,5,3865.9700000000003,1,2,3,123,Evasive Customer,10,Frances Mishaw,6200.1
2985,Kerby,Nesfield,Male,69,1986-10-14,Sales Representative,Retail,Affluent Customer,Yes,14.0,31.0,30-39,3 Mariners Cove Terrace,2216.0,NSW,Australia,10.0,38,10,6308.16,3,4,4,344,Recent Customer,4,Kerby Nesfield,10664.07
2986,Ettore,Bere,Male,60,1980-09-01,Unknown,Financial Services,Mass Customer,No,13.0,37.0,30-39,130 Thompson Plaza,2199.0,NSW,Australia,9.0,28,9,5017.740000000001,3,4,4,344,Recent Customer,4,Ettore Bere,9529.92
2987,Riane,Schultes,Female,51,1984-11-21,Media Manager II,Unknown,High Net Worth,Yes,4.0,33.0,30-39,23812 Tony Lane,2036.0,NSW,Australia,8.0,17,5,2846.669999999999,4,2,3,423,Becoming Loyal,3,Riane Schultes,5300.65
2988,Darrelle,Michie,Female,20,1998-02-02,Administrative Officer,Unknown,Mass Customer,Yes,1.0,20.0,20-29,3206 Debs Point,3071.0,VIC,Australia,10.0,32,8,3034.97,3,4,3,343,Potential Customer,5,Darrelle Michie,8349.34
2989,Mort,,Male,37,2000-10-25,Dental Hygienist,Health,High Net Worth,Yes,2.0,17.0,Under 20,60 Fulton Trail,2234.0,NSW,Australia,10.0,70,9,6845.0599999999995,2,4,4,244,Losing Customer,7,Mort,11757.14
2990,Brice,Martinuzzi,Male,65,1978-03-16,GIS Technical Architect,Argiculture,High Net Worth,No,8.0,40.0,40-49,3 Lukken Road,2066.0,NSW,Australia,12.0,14,7,2584.69,4,3,2,432,Becoming Loyal,3,Brice Martinuzzi,5394.23
2991,Fred,Catanheira,Female,48,1964-06-27,Desktop Support Technician,Financial Services,Mass Customer,No,11.0,54.0,50-59,424 Almo Junction,2830.0,NSW,Australia,4.0,75,6,2602.5200000000004,2,2,2,222,High Risk Customer,8,Fred Catanheira,5559.9800000000005
2992,Crystal,Assur,Female,26,1974-05-31,Clinical Specialist,Health,Mass Customer,Yes,10.0,44.0,40-49,9610 Gateway Trail,3429.0,VIC,Australia,5.0,9,8,6871.539999999999,4,4,4,444,Platinum Customer,1,Crystal Assur,10530.96
2993,Blinnie,Hazelden,Female,85,1995-03-07,Graphic Designer,Financial Services,Affluent Customer,No,4.0,23.0,20-29,00 Cordelia Trail,2138.0,NSW,Australia,9.0,9,7,4095.63,4,3,3,433,Very Loyal,2,Blinnie Hazelden,10087.74
2994,Karlen,Iacovacci,Female,26,1976-08-30,Accountant II,Manufacturing,Mass Customer,Yes,18.0,41.0,40-49,5 Shelley Pass,2763.0,NSW,Australia,8.0,15,3,179.83999999999997,4,1,1,411,Recent Customer,4,Karlen Iacovacci,719.38
2995,Garvin,Cunradi,Male,60,1997-01-14,Unknown,Health,Mass Customer,Yes,2.0,21.0,20-29,24 Old Shore Crossing,2250.0,NSW,Australia,7.0,10,5,3066.6800000000003,4,2,3,423,Becoming Loyal,3,Garvin Cunradi,5069.75
2996,Jerrylee,Shinfield,Female,67,1967-05-05,Cost Accountant,Financial Services,Mass Customer,No,14.0,51.0,50-59,93 Lawn Road,4212.0,QLD,Australia,7.0,21,3,1751.7199999999998,3,1,1,311,Late Bloomer,6,Jerrylee Shinfield,4774.51
2997,Jo-ann,Carlile,Female,57,1973-05-17,Computer Systems Analyst II,Health,Affluent Customer,No,10.0,45.0,40-49,09 Texas Plaza,4285.0,QLD,Australia,3.0,31,6,2035.0200000000002,3,2,2,322,Late Bloomer,6,Jo-ann Carlile,5293.91
2998,Quintana,Housley,Female,34,2000-12-19,Nurse Practicioner,Manufacturing,High Net Worth,Yes,2.0,17.0,Under 20,99 Lawn Court,4556.0,QLD,Australia,7.0,66,3,2511.7,2,1,2,212,High Risk Customer,8,Quintana Housley,4629.21
2999,Rinaldo,Diggin,Unknown,28,,Business Systems Development Analyst,IT,Affluent Customer,Yes,,,,4 Loftsgordon Avenue,3023.0,VIC,Australia,8.0,8,11,8095.2,4,4,4,444,Platinum Customer,1,Rinaldo Diggin,12745.98
3000,Tann,McCard,Male,28,1974-05-15,Compensation Analyst,Financial Services,Affluent Customer,No,22.0,44.0,40-49,0 Lakewood Street,2144.0,NSW,Australia,10.0,42,4,3354.27,3,1,3,313,Late Bloomer,6,Tann McCard,4848.29
3001,Gal,Waleran,Male,48,1977-07-22,Engineer IV,Argiculture,Mass Customer,No,20.0,40.0,40-49,2 Hagan Hill,2155.0,NSW,Australia,10.0,104,4,3378.57,1,1,3,113,Evasive Customer,10,Gal Waleran,4664.8
3002,Tracey,Verdun,Male,62,1956-12-06,Paralegal,Financial Services,Mass Customer,Yes,16.0,61.0,60-69,673 Comanche Parkway,2470.0,NSW,Australia,2.0,44,7,3193.23,3,3,3,333,Potential Customer,5,Tracey Verdun,7201.75
3003,Brita,Tupie,Female,72,1963-05-02,Web Developer I,Retail,Mass Customer,Yes,4.0,55.0,50-59,78 Algoma Circle,2166.0,NSW,Australia,8.0,111,9,5168.14,1,4,4,144,Almost Lost Customer,9,Brita Tupie,7885.54
3004,Waylon,Hammant,Male,82,1955-02-20,Research Assistant II,Health,Mass Customer,Yes,16.0,63.0,60-69,9 Swallow Avenue,3179.0,VIC,Australia,9.0,113,5,3550.04,1,2,3,123,Evasive Customer,10,Waylon Hammant,5048.79
3005,Rafaellle,Tantrum,Male,36,1969-01-05,Human Resources Manager,Property,Affluent Customer,Yes,8.0,49.0,40-49,90 Loftsgordon Plaza,2216.0,NSW,Australia,10.0,189,3,2602.3099999999995,1,1,2,112,Evasive Customer,10,Rafaellle Tantrum,3682.5499999999997
3006,Ariel,Dillingston,Female,72,1988-12-06,Unknown,Unknown,Mass Customer,Yes,21.0,29.0,20-29,921 Reinke Road,2529.0,NSW,Australia,7.0,30,4,3901.96,3,1,3,313,Late Bloomer,6,Ariel Dillingston,5912.1
3007,Tudor,Pepper,Male,38,1973-05-22,Environmental Tech,Manufacturing,Mass Customer,No,16.0,45.0,40-49,5913 Ramsey Road,2478.0,NSW,Australia,10.0,3,7,4500.3,4,3,4,434,Very Loyal,2,Tudor Pepper,8547.34
3008,Etta,Criag,Female,40,1982-05-13,Unknown,Health,High Net Worth,Yes,17.0,36.0,30-39,91 Jay Drive,2560.0,NSW,Australia,7.0,5,6,3216.01,4,2,3,423,Becoming Loyal,3,Etta Criag,7710.66
3009,Hephzibah,Cliffe,Female,11,1977-04-02,Unknown,Health,High Net Worth,Yes,14.0,41.0,40-49,72 Dennis Road,3805.0,VIC,Australia,7.0,88,4,2250.2999999999997,1,1,2,112,Evasive Customer,10,Hephzibah Cliffe,4421.04
3010,Tobye,Cock,Female,16,1970-05-20,Unknown,Unknown,Affluent Customer,No,5.0,48.0,40-49,90 Darwin Crossing,2767.0,NSW,Australia,8.0,110,4,1903.3500000000001,1,1,2,112,Evasive Customer,10,Tobye Cock,3636.6800000000003
3011,Robena,Barks,Female,84,1994-05-11,Staff Scientist,Financial Services,High Net Worth,No,3.0,24.0,20-29,54 Nevada Plaza,2096.0,NSW,Australia,12.0,35,4,1349.76,3,1,1,311,Late Bloomer,6,Robena Barks,3080.8
3012,Devland,Probart,Unknown,81,,Technical Writer,IT,Mass Customer,Yes,,,,8003 Pepper Wood Way,3250.0,VIC,Australia,2.0,3,6,6440.13,4,2,4,424,Becoming Loyal,3,Devland Probart,9204.57
3013,Lorain,Eddisforth,Female,94,1968-07-28,Office Assistant III,Property,High Net Worth,No,6.0,49.0,40-49,399 Butterfield Crossing,4115.0,QLD,Australia,7.0,4,9,3849.19,4,4,3,443,Very Loyal,2,Lorain Eddisforth,8161.56
3014,Terrijo,Merlin,Female,59,2001-03-30,Software Engineer II,Unknown,High Net Worth,No,1.0,17.0,Under 20,26378 Esch Junction,2065.0,NSW,Australia,10.0,19,9,4656.84,3,4,4,344,Recent Customer,4,Terrijo Merlin,8691.039999999999
3015,Queenie,Flips,Female,25,2000-09-02,Assistant Manager,Retail,Affluent Customer,No,1.0,17.0,Under 20,2942 Swallow Trail,4214.0,QLD,Australia,9.0,46,10,6814.58,2,4,4,244,Losing Customer,7,Queenie Flips,14529.95
3016,Forster,Bumford,Male,25,1985-08-11,Analog Circuit Design manager,Financial Services,High Net Worth,No,11.0,32.0,30-39,7 Anzinger Drive,2745.0,NSW,Australia,10.0,0,5,4253.5,4,2,4,424,Becoming Loyal,3,Forster Bumford,7991.99
3017,Jason,De Lorenzo,Male,88,1955-10-05,Operator,Financial Services,Affluent Customer,No,7.0,62.0,60-69,885 Larry Park,3140.0,VIC,Australia,9.0,57,6,4124.12,2,2,3,223,High Risk Customer,8,Jason De Lorenzo,6588.3
3018,Ainsley,Nissle,Female,16,1971-08-24,Recruiter,Unknown,High Net Worth,Yes,15.0,46.0,40-49,95 Sutteridge Crossing,2567.0,NSW,Australia,9.0,19,5,1798.2100000000003,3,2,1,321,Late Bloomer,6,Ainsley Nissle,3833.35
3019,Alonso,Ceyssen,Male,98,1986-02-02,Community Outreach Specialist,Manufacturing,Affluent Customer,Yes,14.0,32.0,30-39,13 Alpine Lane,2228.0,NSW,Australia,9.0,64,3,1138.5399999999997,2,1,1,211,Almost Lost Customer,9,Alonso Ceyssen,4258.98
3020,Witty,McArthur,Male,13,1965-12-24,Chemical Engineer,Manufacturing,High Net Worth,Yes,10.0,52.0,50-59,2 Scott Pass,4870.0,QLD,Australia,1.0,22,12,2771.48,3,4,2,342,Potential Customer,5,Witty McArthur,11413.11
3021,Parker,Lukacs,Male,4,1983-01-18,Unknown,Unknown,Mass Customer,No,9.0,35.0,30-39,7 Debra Point,3175.0,VIC,Australia,4.0,60,7,2943.7799999999997,2,3,3,233,Losing Customer,7,Parker Lukacs,6493.42
3022,Gert,Kurtis,Female,21,1988-08-23,Unknown,Unknown,High Net Worth,No,8.0,29.0,20-29,27 Schlimgen Way,4116.0,QLD,Australia,8.0,31,5,2614.37,3,2,2,322,Late Bloomer,6,Gert Kurtis,3884.79
3023,Rikki,Bernet,Female,37,1994-12-09,Accountant I,IT,High Net Worth,Yes,7.0,23.0,20-29,238 New Castle Alley,2166.0,NSW,Australia,9.0,132,4,661.9399999999998,1,1,1,111,Lost Customer,11,Rikki Bernet,2119.85
3024,Franz,Craddy,Male,86,1959-01-08,Unknown,Health,Mass Customer,No,12.0,59.0,50-59,010 Stuart Way,3056.0,VIC,Australia,6.0,50,2,3321.76,2,1,3,213,High Risk Customer,8,Franz Craddy,3539.28
3025,Osgood,Stolting,Male,27,1977-04-23,Compensation Analyst,Financial Services,Mass Customer,Yes,9.0,41.0,40-49,7609 Jackson Terrace,2155.0,NSW,Australia,11.0,125,2,1652.3,1,1,1,111,Lost Customer,11,Osgood Stolting,2263.49
3026,Minda,Pendrid,Female,11,1988-11-21,Account Representative III,Property,Mass Customer,Yes,5.0,29.0,20-29,520 Parkside Lane,2164.0,NSW,Australia,9.0,92,6,1886.6000000000001,1,2,2,122,Evasive Customer,10,Minda Pendrid,5618.62
3027,Augy,Rudall,Male,83,1977-10-30,Research Nurse,Health,Mass Customer,Yes,5.0,40.0,40-49,7046 Fairview Place,4510.0,QLD,Australia,3.0,31,5,1393.6599999999999,3,2,1,321,Late Bloomer,6,Augy Rudall,3296.91
3028,Leandra,Schubert,Female,67,1956-07-07,General Manager,Manufacturing,High Net Worth,No,20.0,61.0,60-69,7 Scoville Trail,4304.0,QLD,Australia,2.0,46,5,3043.16,2,2,3,223,High Risk Customer,8,Leandra Schubert,5620.95
3029,Timmie,Gori,Male,85,1978-07-17,Business Systems Development Analyst,Manufacturing,Mass Customer,No,13.0,39.0,30-39,31435 Eagle Crest Drive,2230.0,NSW,Australia,10.0,121,4,1922.75,1,1,2,112,Evasive Customer,10,Timmie Gori,5099.51
3030,Flor,Agnew,Female,68,1998-05-21,Technical Writer,Manufacturing,Affluent Customer,No,3.0,20.0,20-29,4 Crescent Oaks Alley,2541.0,NSW,Australia,5.0,24,7,2713.3799999999997,3,3,2,332,Potential Customer,5,Flor Agnew,5700.4
3031,Diego,Bertelmot,Male,95,1996-02-02,Staff Scientist,Health,Mass Customer,Yes,5.0,22.0,20-29,50 7th Circle,4305.0,QLD,Australia,1.0,2,5,2910.87,4,2,3,423,Becoming Loyal,3,Diego Bertelmot,6455.51
3032,Renado,Wonfor,Male,53,1992-08-02,Analog Circuit Design manager,Health,Affluent Customer,Yes,5.0,25.0,20-29,7 Lerdahl Court,4207.0,QLD,Australia,6.0,40,7,6183.3099999999995,3,3,4,334,Potential Customer,5,Renado Wonfor,10767.02
3033,Danielle,Kener,Female,60,1979-03-17,Administrative Officer,Financial Services,High Net Worth,No,12.0,39.0,30-39,677 Eagan Trail,3183.0,VIC,Australia,7.0,158,2,1418.21,1,1,1,111,Lost Customer,11,Danielle Kener,2523.2
3034,Mara,Tofanini,Female,54,1956-09-09,Web Designer IV,Manufacturing,Mass Customer,Yes,18.0,61.0,60-69,638 Browning Terrace,3079.0,VIC,Australia,6.0,48,5,2661.2799999999997,2,2,2,222,High Risk Customer,8,Mara Tofanini,5496.76
3035,Sigfrid,Caldecot,Male,98,1980-04-15,Associate Professor,Health,High Net Worth,No,13.0,38.0,30-39,731 Haas Trail,2125.0,NSW,Australia,11.0,38,5,2429.1600000000003,3,2,2,322,Late Bloomer,6,Sigfrid Caldecot,4522.24
3036,Windy,Orehead,Female,24,1977-04-17,Business Systems Development Analyst,Property,Affluent Customer,Yes,11.0,41.0,40-49,2 Grim Court,2168.0,NSW,Australia,8.0,156,5,3750.7200000000003,1,2,3,123,Evasive Customer,10,Windy Orehead,8620.53
3037,Leanora,Isles,Female,30,1971-10-27,Legal Assistant,Financial Services,High Net Worth,Yes,18.0,46.0,40-49,01654 Milwaukee Plaza,2000.0,NSW,Australia,11.0,185,3,1404.96,1,1,1,111,Lost Customer,11,Leanora Isles,2449.3
3038,Hermione,,Female,45,1958-04-08,Senior Developer,Unknown,High Net Worth,No,13.0,60.0,60-69,42 Arizona Pass,4510.0,QLD,Australia,5.0,46,6,3194.93,2,2,3,223,High Risk Customer,8,Hermione,5268.26
3039,Coralie,Guitonneau,Female,52,1968-07-28,Unknown,Financial Services,Affluent Customer,No,18.0,49.0,40-49,94611 Cascade Parkway,2763.0,NSW,Australia,8.0,69,9,4762.49,2,4,4,244,Losing Customer,7,Coralie Guitonneau,8652.35
3040,Kameko,Kinrade,Female,87,1966-11-28,General Manager,Retail,Mass Customer,No,5.0,51.0,50-59,1 Melrose Lane,2010.0,NSW,Australia,9.0,203,1,1279.4,1,1,1,111,Lost Customer,11,Kameko Kinrade,1292.84
3041,Sherrie,Kingaby,Female,20,1974-03-12,Physical Therapy Assistant,Retail,Mass Customer,Yes,11.0,44.0,40-49,88537 Erie Court,4211.0,QLD,Australia,7.0,124,2,1211.5700000000002,1,1,1,111,Lost Customer,11,Sherrie Kingaby,3469.37
3042,Barris,Trayton,Male,76,1971-03-17,Engineer II,Property,High Net Worth,Yes,15.0,47.0,40-49,5649 Crest Line Place,4455.0,QLD,Australia,2.0,11,6,1629.2499999999998,4,2,1,421,Becoming Loyal,3,Barris Trayton,6916.03
3043,Kelcey,Argontt,Female,21,1981-08-03,Legal Assistant,Unknown,Mass Customer,Yes,18.0,36.0,30-39,05 2nd Point,2217.0,NSW,Australia,8.0,11,4,2535.47,4,1,2,412,Recent Customer,4,Kelcey Argontt,4497.96
3044,Russell,Brittoner,Male,59,1990-04-11,Occupational Therapist,Health,Affluent Customer,Yes,19.0,28.0,20-29,4 Jenifer Hill,3147.0,VIC,Australia,12.0,4,9,5793.33,4,4,4,444,Platinum Customer,1,Russell Brittoner,10768.18
3045,Renato,Mungham,Male,52,1996-10-02,Cost Accountant,Financial Services,Affluent Customer,Yes,2.0,21.0,20-29,5999 Waxwing Lane,4511.0,QLD,Australia,1.0,65,6,5802.7699999999995,2,2,4,224,Losing Customer,7,Renato Mungham,8878.98
3046,Shela,Ridgers,Female,53,1964-06-07,Programmer Analyst III,Manufacturing,Affluent Customer,No,18.0,54.0,50-59,5444 Corry Pass,2761.0,NSW,Australia,8.0,228,5,3229.859999999999,1,2,3,123,Evasive Customer,10,Shela Ridgers,6086.83
3047,Eddy,Cossans,Male,20,1962-01-14,Speech Pathologist,Retail,Mass Customer,Yes,19.0,56.0,50-59,85 Northland Circle,2077.0,NSW,Australia,10.0,34,5,3909.1400000000003,3,2,3,323,Potential Customer,5,Eddy Cossans,6712.39
3048,Kenon,Messruther,Male,38,1969-05-27,Legal Assistant,Manufacturing,Mass Customer,No,16.0,49.0,40-49,80302 Stang Parkway,3677.0,VIC,Australia,1.0,4,13,8379.96,4,4,4,444,Platinum Customer,1,Kenon Messruther,14756.09
3049,Tristam,O'Fallone,Male,72,1967-07-15,Unknown,Property,High Net Worth,Yes,12.0,50.0,50-59,529 Monterey Street,3338.0,VIC,Australia,3.0,43,3,1833.49,3,1,2,312,Late Bloomer,6,Tristam O'Fallone,3596.57
3050,Dinnie,Worsom,Female,90,1997-12-04,Unknown,Unknown,High Net Worth,No,5.0,20.0,20-29,6 Westend Center,2546.0,NSW,Australia,6.0,66,9,6353.12,2,4,4,244,Losing Customer,7,Dinnie Worsom,12410.86
3051,Edi,Lugton,Female,81,1973-06-06,Unknown,Manufacturing,Affluent Customer,Yes,7.0,45.0,40-49,9357 Dennis Park,2010.0,NSW,Australia,11.0,140,4,2117.44,1,1,2,112,Evasive Customer,10,Edi Lugton,5849.7
3052,Lisetta,,Female,72,1976-09-08,Teacher,Unknown,Mass Customer,No,18.0,41.0,40-49,75 Hansons Alley,2260.0,NSW,Australia,9.0,54,2,666.31,2,1,1,211,Almost Lost Customer,9,Lisetta,1216.02
3053,Susie,,Female,67,1984-09-12,Account Coordinator,Retail,High Net Worth,No,17.0,33.0,30-39,274 Ludington Trail,2428.0,NSW,Australia,5.0,193,4,2338.53,1,1,2,112,Evasive Customer,10,Susie,3823.21
3054,Marieann,Wickey,Female,94,1965-07-14,Operator,Manufacturing,Affluent Customer,No,16.0,52.0,50-59,6 Service Parkway,4275.0,QLD,Australia,3.0,2,5,3330.78,4,2,3,423,Becoming Loyal,3,Marieann Wickey,7022.29
3055,Viki,Drache,Female,96,1999-08-23,General Manager,Unknown,Mass Customer,Yes,2.0,18.0,Under 20,99142 Eastwood Way,4870.0,QLD,Australia,6.0,58,10,5955.54,2,4,4,244,Losing Customer,7,Viki Drache,10643.23
3056,Catlin,Storm,Female,43,1968-05-27,Health Coach II,Entertainment,Mass Customer,No,18.0,50.0,50-59,0264 Birchwood Plaza,3802.0,VIC,Australia,8.0,19,4,1246.69,3,1,1,311,Late Bloomer,6,Catlin Storm,4165.67
3057,Mel,Shoebottom,Female,96,1976-03-28,Executive Secretary,Unknown,Mass Customer,No,9.0,42.0,40-49,40 Bowman Crossing,2031.0,NSW,Australia,10.0,28,7,5049.14,3,3,4,334,Potential Customer,5,Mel Shoebottom,9733.55
3058,Hamnet,Kibblewhite,Male,67,1986-10-10,Human Resources Manager,Manufacturing,Mass Customer,Yes,16.0,31.0,30-39,6354 Briar Crest Road,2022.0,NSW,Australia,12.0,24,5,5935.45,3,2,4,324,Potential Customer,5,Hamnet Kibblewhite,8188.639999999999
3059,Hercules,Klewi,Male,83,1958-06-09,Accountant IV,Unknown,Mass Customer,No,17.0,60.0,60-69,83 Sunfield Hill,3216.0,VIC,Australia,7.0,142,2,2731.3099999999995,1,1,2,112,Evasive Customer,10,Hercules Klewi,3898.92
3060,Milton,Gorini,Male,28,1982-09-14,VP Accounting,Financial Services,Mass Customer,Yes,6.0,35.0,30-39,44 Northridge Plaza,2166.0,NSW,Australia,8.0,29,11,5684.7300000000005,3,4,4,344,Recent Customer,4,Milton Gorini,14609.22
3061,Evie,Bendtsen,Female,51,1991-03-18,Office Assistant IV,Manufacturing,Affluent Customer,Yes,3.0,27.0,20-29,11 Farragut Junction,2530.0,NSW,Australia,8.0,59,9,3232.7599999999998,2,4,3,243,Losing Customer,7,Evie Bendtsen,8604.59
3062,Lesley,Ruskin,Male,78,1962-11-09,Civil Engineer,Manufacturing,Mass Customer,No,13.0,55.0,50-59,6 Westport Road,4350.0,QLD,Australia,2.0,46,6,2857.68,2,2,3,223,High Risk Customer,8,Lesley Ruskin,6083.87
3063,Andrea,Wildber,Male,74,1999-11-04,VP Sales,Financial Services,Affluent Customer,No,2.0,18.0,Under 20,922 Mccormick Circle,4509.0,QLD,Australia,6.0,92,5,1065.54,1,2,1,121,Evasive Customer,10,Andrea Wildber,3246.28
3064,Zach,Billison,Male,96,1995-06-14,Product Engineer,Financial Services,Affluent Customer,Yes,4.0,23.0,20-29,9317 Mendota Parkway,3064.0,VIC,Australia,8.0,55,7,2410.9199999999996,2,3,2,232,Losing Customer,7,Zach Billison,6989.68
3065,Winna,Brusle,Female,88,1978-01-05,Recruiter,Financial Services,High Net Worth,Yes,13.0,40.0,40-49,8303 Mallard Center,2234.0,NSW,Australia,11.0,5,5,1367.3799999999999,4,2,1,421,Becoming Loyal,3,Winna Brusle,5665.26
3066,Renell,Bellocht,Female,29,1995-01-14,Paralegal,Financial Services,Affluent Customer,Yes,2.0,23.0,20-29,4 Gateway Court,3107.0,VIC,Australia,10.0,164,4,1516.28,1,1,1,111,Lost Customer,11,Renell Bellocht,3756.25
3067,Veronique,Wash,Female,8,1991-01-13,Chief Design Engineer,Manufacturing,Mass Customer,Yes,9.0,27.0,20-29,2178 Washington Hill,3806.0,VIC,Australia,6.0,39,6,3575.8999999999996,3,2,3,323,Potential Customer,5,Veronique Wash,7095.87
3068,Gill,Branney,Female,88,1990-12-07,Automation Specialist I,Manufacturing,Affluent Customer,No,1.0,27.0,20-29,0330 Vahlen Trail,3072.0,VIC,Australia,7.0,79,6,3084.65,2,2,3,223,High Risk Customer,8,Gill Branney,5197.79
3069,Phylis,Traves,Female,59,1988-08-12,Senior Cost Accountant,Financial Services,Affluent Customer,No,12.0,29.0,20-29,4351 Maywood Hill,3551.0,VIC,Australia,4.0,70,3,1775.4799999999998,2,1,1,211,Almost Lost Customer,9,Phylis Traves,3104.7999999999997
3070,Malissia,Minthorpe,Female,74,1998-07-27,Account Executive,Health,Affluent Customer,Yes,1.0,19.0,Under 20,537 Amoth Center,2220.0,NSW,Australia,9.0,119,4,399.2099999999999,1,1,1,111,Lost Customer,11,Malissia Minthorpe,1927.42
3071,Shirlee,Murdoch,Female,59,1989-12-25,Assistant Media Planner,Entertainment,Mass Customer,Yes,12.0,28.0,20-29,23384 Kings Drive,2261.0,NSW,Australia,9.0,158,4,473.42999999999984,1,1,1,111,Lost Customer,11,Shirlee Murdoch,3954.99
3072,Roma,Prettjohn,Male,87,1979-04-12,Chemical Engineer,Manufacturing,Mass Customer,Yes,10.0,39.0,30-39,6269 Oak Valley Avenue,2323.0,NSW,Australia,5.0,67,7,3373.78,2,3,3,233,Losing Customer,7,Roma Prettjohn,7712.87
3073,Hernando,Farnham,Male,16,1967-04-12,Nurse,Telecommunications,Affluent Customer,No,17.0,51.0,50-59,74910 Burning Wood Junction,3132.0,VIC,Australia,10.0,251,3,1264.3300000000004,1,1,1,111,Lost Customer,11,Hernando Farnham,3426.95
3074,Tracie,Grishaev,Male,31,1969-02-18,VP Quality Control,Health,Mass Customer,Yes,12.0,49.0,40-49,6278 Old Shore Parkway,2250.0,NSW,Australia,9.0,10,7,4781.58,4,3,4,434,Very Loyal,2,Tracie Grishaev,8822.95
3075,Corty,Debell,Male,36,1959-10-24,Unknown,Entertainment,Mass Customer,Yes,16.0,58.0,50-59,08180 Golf Park,3068.0,VIC,Australia,8.0,81,6,2741.29,2,2,2,222,High Risk Customer,8,Corty Debell,5704.8
3076,Merna,Eyers,Female,9,1991-10-01,Professor,Health,Mass Customer,Yes,4.0,26.0,20-29,1944 Charing Cross Junction,2126.0,NSW,Australia,10.0,209,4,1904.31,1,1,2,112,Evasive Customer,10,Merna Eyers,4105.89
3077,Emelen,Gillopp,Male,19,2000-08-11,Information Systems Manager,Manufacturing,Affluent Customer,No,2.0,17.0,Under 20,25578 Mayfield Drive,2099.0,NSW,Australia,10.0,16,7,3672.15,4,3,3,433,Very Loyal,2,Emelen Gillopp,8452.62
3078,Mariel,Blacksell,Female,54,1982-08-16,Safety Technician III,Retail,Mass Customer,No,7.0,35.0,30-39,9 Rieder Avenue,2798.0,NSW,Australia,6.0,169,3,1750.43,1,1,1,111,Lost Customer,11,Mariel Blacksell,2490.95
3079,Yorker,McKevany,Male,34,1959-11-18,Legal Assistant,Retail,Mass Customer,Yes,20.0,58.0,50-59,45201 Atwood Place,2176.0,NSW,Australia,9.0,131,4,1903.52,1,1,2,112,Evasive Customer,10,Yorker McKevany,4030.71
3080,Christoforo,Santus,Male,87,1958-10-06,Graphic Designer,Financial Services,High Net Worth,No,10.0,59.0,50-59,0680 Veith Court,3939.0,VIC,Australia,8.0,4,9,4665.71,4,4,4,444,Platinum Customer,1,Christoforo Santus,10388.83
3081,Dodi,Volker,Female,61,1971-07-25,Mechanical Systems Engineer,Unknown,High Net Worth,Yes,9.0,46.0,40-49,53 Dunning Lane,3024.0,VIC,Australia,6.0,106,6,5502.82,1,2,4,124,Almost Lost Customer,9,Dodi Volker,8311.18
3082,Emlyn,Maile,Male,68,1997-03-28,Unknown,Manufacturing,Mass Customer,Yes,2.0,21.0,20-29,837 Elmside Center,2761.0,NSW,Australia,8.0,16,5,1742.1300000000003,4,2,1,421,Becoming Loyal,3,Emlyn Maile,4508.030000000001
3083,Cirillo,Duprey,Male,44,1971-10-17,Unknown,Unknown,Mass Customer,Yes,12.0,46.0,40-49,57863 Pond Avenue,2773.0,NSW,Australia,9.0,69,6,2308.56,2,2,2,222,High Risk Customer,8,Cirillo Duprey,4366.12
3084,Birgit,Dowers,Female,57,1959-07-16,Staff Scientist,Financial Services,Affluent Customer,Yes,16.0,58.0,50-59,41205 Straubel Place,4305.0,QLD,Australia,4.0,15,6,3082.9000000000005,4,2,3,423,Becoming Loyal,3,Birgit Dowers,7652.58
3085,Kaleb,Eslemont,Male,91,1978-01-21,Accountant IV,Unknown,Affluent Customer,No,5.0,40.0,40-49,52 Steensland Place,3910.0,VIC,Australia,8.0,25,5,2076.68,3,2,2,322,Late Bloomer,6,Kaleb Eslemont,4858.75
3086,Pieter,Gadesby,Unknown,18,,Biostatistician I,IT,High Net Worth,No,,,,00183 Arapahoe Pass,4116.0,QLD,Australia,7.0,11,10,5713.88,4,4,4,444,Platinum Customer,1,Pieter Gadesby,9866.66
3087,Gerry,Scatcher,Male,64,1986-04-02,Social Worker,Health,Mass Customer,No,9.0,32.0,30-39,233 Toban Alley,2567.0,NSW,Australia,8.0,84,6,3708.87,2,2,3,223,High Risk Customer,8,Gerry Scatcher,6584.210000000001
3088,Hilarius,Trenbey,Male,92,1974-05-09,Unknown,Retail,Affluent Customer,Yes,17.0,44.0,40-49,5 Lotheville Parkway,2760.0,NSW,Australia,8.0,3,7,2487.23,4,3,2,432,Becoming Loyal,3,Hilarius Trenbey,6701.71
3089,Wood,Nathan,Male,27,2000-02-24,Web Developer III,Manufacturing,Affluent Customer,Yes,2.0,18.0,Under 20,7 Westridge Terrace,4504.0,QLD,Australia,7.0,27,4,3618.44,3,1,3,313,Late Bloomer,6,Wood Nathan,6196.13
3090,Zared,Pinchback,Male,81,1964-12-06,Operator,Manufacturing,Mass Customer,No,8.0,53.0,50-59,98978 Nevada Circle,3020.0,VIC,Australia,8.0,198,5,3132.29,1,2,3,123,Evasive Customer,10,Zared Pinchback,6006.22
3091,Guenevere,Treffry,Female,88,1995-08-13,Payment Adjustment Coordinator,Manufacturing,Affluent Customer,Yes,3.0,22.0,20-29,9503 Aberg Drive,3021.0,VIC,Australia,7.0,307,2,1323.12,1,1,1,111,Lost Customer,11,Guenevere Treffry,1434.48
3092,Hallie,Blackden,Female,8,1972-12-17,Statistician IV,Unknown,Affluent Customer,No,9.0,45.0,40-49,4 Bayside Place,4508.0,QLD,Australia,4.0,160,3,920.72,1,1,1,111,Lost Customer,11,Hallie Blackden,3324.14
3093,Harwilll,Crimes,Male,31,1992-04-01,Mechanical Systems Engineer,Property,High Net Worth,Yes,6.0,26.0,20-29,06 Lighthouse Bay Pass,3042.0,VIC,Australia,9.0,68,9,2964.6199999999994,2,4,3,243,Losing Customer,7,Harwilll Crimes,10362.369999999999
3094,Izak,Andreutti,Male,51,1989-05-28,Biostatistician II,Unknown,Mass Customer,Yes,17.0,29.0,20-29,67241 Heath Way,2151.0,NSW,Australia,8.0,161,7,2859.96,1,3,3,133,Almost Lost Customer,9,Izak Andreutti,6633.12
3095,Joachim,,Male,14,1998-10-11,Staff Accountant IV,Retail,High Net Worth,Yes,2.0,19.0,Under 20,65620 Michigan Way,3141.0,VIC,Australia,10.0,36,5,2799.49,3,2,2,322,Late Bloomer,6,Joachim,7352.31
3096,Lulu,Cabane,Female,32,1973-06-28,Associate Professor,Financial Services,Mass Customer,No,10.0,45.0,40-49,3075 Victoria Drive,2290.0,NSW,Australia,7.0,15,3,2717.0999999999995,4,1,2,412,Recent Customer,4,Lulu Cabane,5023.0599999999995
3097,Alessandro,Casley,Male,2,1978-05-09,Actuary,Financial Services,Affluent Customer,Yes,19.0,40.0,40-49,0 Stephen Lane,2170.0,NSW,Australia,5.0,60,3,2427.07,2,1,2,212,High Risk Customer,8,Alessandro Casley,3076.92
3098,Tiff,Ovett,Female,77,1980-07-15,Dental Hygienist,Health,Mass Customer,No,12.0,37.0,30-39,148 Marcy Pass,4301.0,QLD,Australia,4.0,38,4,2968.25,3,1,3,313,Late Bloomer,6,Tiff Ovett,5235.47
3099,Shelli,Benitti,Female,73,1996-11-26,Unknown,Retail,Mass Customer,Yes,3.0,21.0,20-29,5406 Mockingbird Center,4870.0,QLD,Australia,7.0,83,2,2079.57,2,1,2,212,High Risk Customer,8,Shelli Benitti,3105.12
3100,Peggy,Wrankling,Female,19,1954-02-09,Recruiter,Unknown,Mass Customer,No,7.0,64.0,60-69,07 Loeprich Junction,2101.0,NSW,Australia,11.0,20,4,3919.57,3,1,3,313,Late Bloomer,6,Peggy Wrankling,5579.87
3101,Paxton,Lermit,Male,68,1987-08-27,Geological Engineer,Manufacturing,High Net Worth,No,12.0,30.0,30-39,6 Kings Avenue,2135.0,NSW,Australia,12.0,61,4,614.6199999999998,2,1,1,211,Almost Lost Customer,9,Paxton Lermit,4558.28
3102,Paquito,Maitland,Male,37,1990-06-04,Assistant Manager,Property,Affluent Customer,No,2.0,28.0,20-29,9 John Wall Parkway,2323.0,NSW,Australia,6.0,106,5,2883.5099999999998,1,2,3,123,Evasive Customer,10,Paquito Maitland,7162.67
3103,Shaylah,Hatchell,Female,5,1953-10-21,Safety Technician II,Retail,Mass Customer,No,20.0,64.0,60-69,32304 Larry Road,4014.0,QLD,Australia,7.0,59,8,5040.88,2,4,4,244,Losing Customer,7,Shaylah Hatchell,9084.18
3104,Diahann,Blundan,Female,19,1994-11-30,Business Systems Development Analyst,Property,Mass Customer,Yes,2.0,23.0,20-29,9 Dryden Crossing,4118.0,QLD,Australia,3.0,49,7,3686.7200000000003,2,3,3,233,Losing Customer,7,Diahann Blundan,7947.43
3105,Bryn,Rycraft,Male,88,1965-10-14,Teacher,Health,Mass Customer,No,12.0,52.0,50-59,146 Dakota Pass,4017.0,QLD,Australia,7.0,10,6,4916.08,4,2,4,424,Becoming Loyal,3,Bryn Rycraft,6820.6
3106,Yetty,Conneely,Female,13,1989-06-03,Unknown,Financial Services,Mass Customer,Yes,21.0,29.0,20-29,11171 Rigney Court,2770.0,NSW,Australia,6.0,199,5,3738.75,1,2,3,123,Evasive Customer,10,Yetty Conneely,5176.15
3107,Dell,Tremathick,Female,98,1960-08-15,Legal Assistant,Unknown,High Net Worth,No,9.0,57.0,50-59,2 Vidon Center,4818.0,QLD,Australia,3.0,95,4,3159.09,1,1,3,113,Evasive Customer,10,Dell Tremathick,4003.1400000000003
3108,Trip,Ahmed,Male,94,1967-10-01,Accounting Assistant III,Entertainment,Mass Customer,No,10.0,50.0,50-59,1742 Scott Center,4670.0,QLD,Australia,2.0,53,7,5916.21,2,3,4,234,Losing Customer,7,Trip Ahmed,10194.970000000001
3109,Jeralee,Domleo,Female,75,1958-06-23,Automation Specialist II,Health,Mass Customer,Yes,10.0,60.0,60-69,451 Luster Hill,2170.0,NSW,Australia,9.0,169,5,3080.63,1,2,3,123,Evasive Customer,10,Jeralee Domleo,6150.85
3110,Fabien,Iacapucci,Male,14,1994-02-11,Community Outreach Specialist,IT,Affluent Customer,Yes,8.0,24.0,20-29,03287 Hallows Center,4305.0,QLD,Australia,3.0,17,3,1429.54,4,1,1,411,Recent Customer,4,Fabien Iacapucci,2064.77
3111,Maxwell,Blabber,Male,42,1997-03-11,Associate Professor,Financial Services,Mass Customer,Yes,4.0,21.0,20-29,7208 Old Gate Avenue,2112.0,NSW,Australia,11.0,48,5,1831.96,2,2,2,222,High Risk Customer,8,Maxwell Blabber,4650.44
3112,Terri,Gornal,Male,41,2001-04-22,Internal Auditor,Retail,High Net Worth,Yes,1.0,17.0,Under 20,944 Becker Road,3162.0,VIC,Australia,11.0,11,8,3035.96,4,4,3,443,Very Loyal,2,Terri Gornal,8006.59
3113,Wenonah,Lethabridge,Female,52,1969-12-06,Teacher,Property,Mass Customer,Yes,18.0,48.0,40-49,904 Doe Crossing Terrace,2194.0,NSW,Australia,7.0,109,8,4144.860000000001,1,4,3,143,Almost Lost Customer,9,Wenonah Lethabridge,10192.61
3114,Judah,Prime,Male,48,1974-09-05,Teacher,IT,Mass Customer,Yes,18.0,43.0,40-49,7285 Waxwing Pass,2620.0,NSW,Australia,5.0,87,5,2573.6000000000004,1,2,2,122,Evasive Customer,10,Judah Prime,4755.43
3115,Rip,Spiers,Male,40,1981-02-26,Nuclear Power Engineer,Manufacturing,Mass Customer,No,8.0,37.0,30-39,3538 Bunting Hill,3805.0,VIC,Australia,7.0,195,5,4020.91,1,2,3,123,Evasive Customer,10,Rip Spiers,6326.07
3116,Correy,Loynes,Male,16,1978-06-29,Unknown,Health,Mass Customer,No,7.0,40.0,40-49,979 Victoria Junction,3156.0,VIC,Australia,8.0,87,6,2861.63,1,2,3,123,Evasive Customer,10,Correy Loynes,5955.83
3117,Nisse,Marriage,Female,68,1995-06-11,Cost Accountant,Financial Services,Affluent Customer,Yes,6.0,23.0,20-29,073 Fremont Alley,3805.0,VIC,Australia,7.0,25,9,8531.16,3,4,4,344,Recent Customer,4,Nisse Marriage,12615.48
3118,Cleveland,Coxon,Male,54,1993-01-22,Occupational Therapist,Health,High Net Worth,No,9.0,25.0,20-29,81183 Maple Wood Plaza,4152.0,QLD,Australia,8.0,12,9,6243.82,4,4,4,444,Platinum Customer,1,Cleveland Coxon,14065.03
3119,Earle,Frisby,Male,13,1960-01-11,Unknown,Unknown,High Net Worth,No,19.0,58.0,50-59,6620 Elmside Drive,4118.0,QLD,Australia,9.0,5,4,2330.3900000000003,4,1,2,412,Recent Customer,4,Earle Frisby,4368.56
3120,Lauree,O'Donnell,Female,89,1979-02-04,Clinical Specialist,Health,Mass Customer,Yes,10.0,39.0,30-39,4 Shopko Circle,2196.0,NSW,Australia,5.0,20,7,4179.11,3,3,4,334,Potential Customer,5,Lauree O'Donnell,7351.7
3121,Mahmoud,Batterbee,Male,82,1959-05-11,Data Coordiator,Manufacturing,Mass Customer,No,19.0,59.0,50-59,969 Sycamore Point,2304.0,NSW,Australia,7.0,48,6,3164.13,2,2,3,223,High Risk Customer,8,Mahmoud Batterbee,6379.44
3122,Cthrine,Orans,Female,17,1980-08-17,Unknown,Manufacturing,High Net Worth,Yes,15.0,37.0,30-39,96073 Erie Place,2763.0,NSW,Australia,9.0,143,5,3920.9,1,2,3,123,Evasive Customer,10,Cthrine Orans,5885.77
3123,Tina,Riggulsford,Female,71,1976-08-17,Dental Hygienist,Health,High Net Worth,No,20.0,41.0,40-49,6915 Nobel Crossing,2195.0,NSW,Australia,6.0,0,4,1248.49,4,1,1,411,Recent Customer,4,Tina Riggulsford,3733.72
3124,Anastasie,Le Grand,Female,73,1981-02-03,Account Executive,Retail,High Net Worth,Yes,9.0,37.0,30-39,32 Elmside Point,2560.0,NSW,Australia,6.0,38,3,401.49999999999994,3,1,1,311,Late Bloomer,6,Anastasie Le Grand,2085.18
3125,Krystyna,Scarasbrick,Female,2,1978-08-21,Social Worker,Health,High Net Worth,Yes,5.0,39.0,30-39,54294 Hovde Court,2500.0,NSW,Australia,8.0,9,4,1702.4299999999998,4,1,1,411,Recent Customer,4,Krystyna Scarasbrick,4529.16
3126,Bondon,Deeley,Male,7,1986-10-16,Statistician IV,Financial Services,High Net Worth,No,12.0,31.0,30-39,98 Grover Street,3048.0,VIC,Australia,5.0,40,7,4780.79,3,3,4,334,Potential Customer,5,Bondon Deeley,8883.54
3127,Tucker,Lewsley,Male,39,1971-01-31,Research Nurse,Health,Mass Customer,No,10.0,47.0,40-49,4753 Sheridan Center,3048.0,VIC,Australia,6.0,35,4,3898.4999999999995,3,1,3,313,Late Bloomer,6,Tucker Lewsley,5836.78
3128,Betteanne,Alldread,Female,96,1965-06-26,Geological Engineer,Manufacturing,High Net Worth,Yes,16.0,53.0,50-59,6958 Knutson Pass,3620.0,VIC,Australia,1.0,104,5,3687.54,1,2,3,123,Evasive Customer,10,Betteanne Alldread,5753.62
3129,Leola,Mandrier,Female,44,1955-09-25,Analog Circuit Design manager,Property,High Net Worth,Yes,11.0,62.0,60-69,0 Stephen Park,4702.0,QLD,Australia,2.0,16,5,3590.37,4,2,3,423,Becoming Loyal,3,Leola Mandrier,6405.030000000001
3130,Krissy,Robard,Female,53,1971-01-25,VP Product Management,Telecommunications,Mass Customer,No,17.0,47.0,40-49,3126 Bayside Hill,4503.0,QLD,Australia,4.0,0,5,3792.7799999999997,4,2,3,423,Becoming Loyal,3,Krissy Robard,6539.6
3131,Sybilla,O' Markey,Female,63,1999-02-24,Unknown,Retail,Affluent Customer,Yes,3.0,19.0,Under 20,98202 Holmberg Way,3149.0,VIC,Australia,10.0,17,8,2725.7599999999998,4,4,2,442,Very Loyal,2,Sybilla O' Markey,7333.7
3132,Nicko,Artois,Male,33,1975-04-15,Sales Representative,Retail,Mass Customer,Yes,7.0,43.0,40-49,33794 Sommers Crossing,2502.0,NSW,Australia,6.0,23,5,3426.5400000000004,3,2,3,323,Potential Customer,5,Nicko Artois,5502.29
3133,Eda,MacCheyne,Female,89,1999-05-10,Quality Control Specialist,Manufacturing,Mass Customer,No,2.0,19.0,Under 20,21 2nd Pass,2566.0,NSW,Australia,8.0,11,6,2323.16,4,2,2,422,Becoming Loyal,3,Eda MacCheyne,7335.610000000001
3134,Pierette,Roseman,Female,53,1995-01-20,Unknown,Manufacturing,Mass Customer,No,5.0,23.0,20-29,981 Kinsman Crossing,2880.0,NSW,Australia,1.0,64,7,7491.11,2,3,4,234,Losing Customer,7,Pierette Roseman,10273.18
3135,Titus,Worsall,Male,83,1962-01-14,Staff Scientist,Financial Services,Mass Customer,No,16.0,56.0,50-59,1617 Harper Parkway,2096.0,NSW,Australia,10.0,121,7,3983.97,1,3,3,133,Almost Lost Customer,9,Titus Worsall,7539.8099999999995
3136,Leonardo,Brennon,Male,60,1998-08-25,Marketing Manager,Retail,Mass Customer,Yes,3.0,19.0,Under 20,73907 Fallview Point,2250.0,NSW,Australia,7.0,25,4,1210.2099999999998,3,1,1,311,Late Bloomer,6,Leonardo Brennon,4905.76
3137,Cathlene,,Female,48,1993-03-13,Web Designer III,Unknown,Mass Customer,No,9.0,25.0,20-29,99 Linden Trail,3195.0,VIC,Australia,8.0,116,7,2841.26,1,3,3,133,Almost Lost Customer,9,Cathlene,6481.77
3138,Wait,Pardey,Male,34,1971-02-19,Paralegal,Financial Services,Mass Customer,Yes,6.0,47.0,40-49,409 Bobwhite Road,2226.0,NSW,Australia,10.0,69,5,3168.1499999999996,2,2,3,223,High Risk Customer,8,Wait Pardey,7137.22
3139,Pail,De Blasi,Male,65,1973-06-13,Paralegal,Financial Services,High Net Worth,Yes,17.0,45.0,40-49,24712 Hazelcrest Lane,3024.0,VIC,Australia,7.0,11,3,1783.7999999999997,4,1,1,411,Recent Customer,4,Pail De Blasi,2633.05
3140,Britt,Muddimer,Female,2,1985-06-11,Legal Assistant,Manufacturing,High Net Worth,No,16.0,33.0,30-39,3 Canary Center,2040.0,NSW,Australia,10.0,40,3,673.21,3,1,1,311,Late Bloomer,6,Britt Muddimer,2714.79
3141,Esmaria,Kiernan,Female,92,1995-11-04,Associate Professor,Retail,Mass Customer,Yes,3.0,22.0,20-29,5310 Mosinee Crossing,4151.0,QLD,Australia,9.0,70,7,1696.39,2,3,1,231,Losing Customer,7,Esmaria Kiernan,3596.67
3142,Hubert,Kliner,Male,98,1992-08-04,Electrical Engineer,Manufacturing,Mass Customer,No,6.0,25.0,20-29,13 Basil Lane,2036.0,NSW,Australia,9.0,12,4,899.9999999999999,4,1,1,411,Recent Customer,4,Hubert Kliner,4004.87
3143,Corabelle,Streatfeild,Female,0,1996-10-24,Chief Design Engineer,Manufacturing,Mass Customer,No,5.0,21.0,20-29,332 Summerview Park,3000.0,VIC,Australia,8.0,20,11,3361.8399999999997,3,4,3,343,Potential Customer,5,Corabelle Streatfeild,10532.28
3144,Ringo,Everson,Male,94,1978-10-29,Programmer Analyst III,Manufacturing,Mass Customer,Yes,8.0,39.0,30-39,7435 Monument Road,3807.0,VIC,Australia,9.0,64,3,665.1700000000001,2,1,1,211,Almost Lost Customer,9,Ringo Everson,1975.27
3145,Gar,Barnewille,Male,17,1978-06-17,Paralegal,Financial Services,High Net Worth,Yes,7.0,40.0,40-49,3 Cody Trail,2010.0,NSW,Australia,7.0,68,7,4067.6400000000003,2,3,3,233,Losing Customer,7,Gar Barnewille,8500.63
3146,Fredrika,Kleinmintz,Female,79,1978-01-28,Project Manager,Property,Mass Customer,No,15.0,40.0,40-49,07084 Mallory Center,2428.0,NSW,Australia,5.0,54,7,6399.639999999999,2,3,4,234,Losing Customer,7,Fredrika Kleinmintz,9778.95
3147,Bonnee,Farley,Female,21,1976-10-02,Unknown,Retail,Affluent Customer,Yes,17.0,41.0,40-49,502 John Wall Pass,3199.0,VIC,Australia,7.0,3,6,1273.0800000000002,4,2,1,421,Becoming Loyal,3,Bonnee Farley,5237.77
3148,Berky,Degoix,Male,11,1974-10-09,Human Resources Assistant IV,Unknown,High Net Worth,Yes,10.0,43.0,40-49,90880 Donald Lane,2519.0,NSW,Australia,9.0,55,6,3460.33,2,2,3,223,High Risk Customer,8,Berky Degoix,6033.4
3149,Caprice,Pack,Female,31,1980-09-03,Tax Accountant,Unknown,Affluent Customer,Yes,5.0,37.0,30-39,48007 Lakewood Hill,3141.0,VIC,Australia,10.0,22,3,2036.78,3,1,2,312,Late Bloomer,6,Caprice Pack,3636.56
3150,Morissa,Wolfendell,Female,66,1991-10-07,Sales Associate,Financial Services,Mass Customer,No,5.0,26.0,20-29,039 Havey Alley,2220.0,NSW,Australia,9.0,87,8,1234.13,1,4,1,141,Almost Lost Customer,9,Morissa Wolfendell,5011.59
3151,Thorn,Choffin,Unknown,20,,Senior Developer,IT,Affluent Customer,Yes,,,,32798 Melby Center,4055.0,QLD,Australia,8.0,13,9,2916.57,4,4,3,443,Very Loyal,2,Thorn Choffin,11451.18
3152,Lettie,McGenis,Female,6,1999-06-07,Teacher,Financial Services,High Net Worth,Yes,3.0,19.0,Under 20,0250 Onsgard Center,4034.0,QLD,Australia,7.0,11,6,2168.41,4,2,2,422,Becoming Loyal,3,Lettie McGenis,5683.73
3153,Hannis,Jakubovits,Female,87,1973-12-30,Compensation Analyst,Financial Services,High Net Worth,No,15.0,44.0,40-49,121 Anniversary Lane,2200.0,NSW,Australia,9.0,127,5,4732.48,1,2,4,124,Almost Lost Customer,9,Hannis Jakubovits,8533.27
3154,Angil,Ellesmere,Female,63,1957-11-21,Desktop Support Technician,Telecommunications,Mass Customer,Yes,19.0,60.0,60-69,0 Warrior Alley,2021.0,NSW,Australia,10.0,14,7,2243.1000000000004,4,3,2,432,Becoming Loyal,3,Angil Ellesmere,6780.46
3155,Tiphani,Fritz,Female,88,1976-12-25,Office Assistant I,IT,Affluent Customer,Yes,21.0,41.0,40-49,5323 Chive Avenue,2486.0,NSW,Australia,7.0,43,4,1250.08,3,1,1,311,Late Bloomer,6,Tiphani Fritz,2692.7400000000002
3156,Bearnard,Letixier,Male,23,1976-09-28,Unknown,Financial Services,Mass Customer,No,4.0,41.0,40-49,63663 Darwin Crossing,2565.0,NSW,Australia,10.0,4,3,311.6099999999999,4,1,1,411,Recent Customer,4,Bearnard Letixier,3087.91
3157,Hurlee,Fasson,Male,46,1997-07-19,Unknown,Retail,Mass Customer,Yes,1.0,20.0,20-29,16 Hansons Hill,2454.0,NSW,Australia,7.0,10,8,4886.13,4,4,4,444,Platinum Customer,1,Hurlee Fasson,10424.25
3158,Korey,Lansbury,Male,27,1970-05-02,VP Quality Control,Telecommunications,Mass Customer,Yes,12.0,48.0,40-49,64 Quincy Alley,4170.0,QLD,Australia,9.0,16,6,2532.4,4,2,2,422,Becoming Loyal,3,Korey Lansbury,7721.6900000000005
3159,Jesus,MacShirie,Male,16,1967-02-01,Unknown,Financial Services,Affluent Customer,No,12.0,51.0,50-59,541 Ramsey Alley,3201.0,VIC,Australia,7.0,25,2,3222.44,3,1,3,313,Late Bloomer,6,Jesus MacShirie,3527.29
3160,Eadmund,Braycotton,Male,87,1978-07-03,Mechanical Systems Engineer,IT,Mass Customer,No,21.0,39.0,30-39,9890 Macpherson Drive,2224.0,NSW,Australia,10.0,52,5,3690.8199999999997,2,2,3,223,High Risk Customer,8,Eadmund Braycotton,6779.3099999999995
3161,Cindie,Naldrett,Female,71,1977-02-16,Unknown,Financial Services,Mass Customer,Yes,4.0,41.0,40-49,40 Erie Plaza,3138.0,VIC,Australia,9.0,83,1,198.22000000000003,2,1,1,211,Almost Lost Customer,9,Cindie Naldrett,792.9
3162,Deanne,Delacour,Female,76,1978-02-24,Media Manager IV,Argiculture,Mass Customer,Yes,15.0,40.0,40-49,8 Clarendon Circle,2121.0,NSW,Australia,11.0,110,2,2133.8799999999997,1,1,2,112,Evasive Customer,10,Deanne Delacour,2734.17
3163,Irvine,Mc Mechan,Male,38,1968-06-01,Environmental Specialist,Argiculture,Affluent Customer,No,19.0,50.0,50-59,55152 Delaware Park,2151.0,NSW,Australia,10.0,14,6,1496.78,4,2,1,421,Becoming Loyal,3,Irvine Mc Mechan,5066.64
3164,Hortensia,Rainger,Female,53,1986-01-14,Human Resources Assistant II,Manufacturing,Mass Customer,Yes,14.0,32.0,30-39,09 Mitchell Terrace,2166.0,NSW,Australia,9.0,98,5,2601.59,1,2,2,122,Evasive Customer,10,Hortensia Rainger,6151.66
3165,Vyky,Coppen,Female,56,1975-05-18,Business Systems Development Analyst,Manufacturing,Affluent Customer,Yes,10.0,43.0,40-49,49956 Hovde Crossing,2745.0,NSW,Australia,9.0,77,8,3167.89,2,4,3,243,Losing Customer,7,Vyky Coppen,8775.91
3166,Bronson,Plowman,Male,96,1955-05-11,Social Worker,Health,Mass Customer,No,20.0,63.0,60-69,1 Glacier Hill Parkway,2017.0,NSW,Australia,8.0,47,6,4710.42,2,2,4,224,Losing Customer,7,Bronson Plowman,8665.7
3167,Vernor,Stedall,Male,36,1995-01-20,Web Designer IV,Property,Mass Customer,No,5.0,23.0,20-29,4527 Farmco Place,3155.0,VIC,Australia,8.0,73,4,3438.79,2,1,3,213,High Risk Customer,8,Vernor Stedall,5079.55
3168,Johan,Dudderidge,Male,89,1976-02-16,Assistant Manager,Health,Affluent Customer,No,22.0,42.0,40-49,88 Rutledge Crossing,4215.0,QLD,Australia,7.0,91,5,5170.509999999999,1,2,4,124,Almost Lost Customer,9,Johan Dudderidge,7910.709999999999
3169,Maxim,Chavrin,Male,96,1964-01-12,Payment Adjustment Coordinator,IT,Mass Customer,Yes,19.0,54.0,50-59,398 Butternut Place,3027.0,VIC,Australia,7.0,0,7,4539.950000000001,4,3,4,434,Very Loyal,2,Maxim Chavrin,6806.93
3170,Bethanne,Kytter,Female,67,1968-01-26,Nurse Practicioner,Entertainment,Mass Customer,No,11.0,50.0,50-59,13 Marcy Alley,3138.0,VIC,Australia,8.0,44,6,4344.71,3,2,4,324,Potential Customer,5,Bethanne Kytter,6884.95
3171,Leif,,Male,36,1967-05-23,Account Coordinator,Financial Services,Affluent Customer,Yes,10.0,51.0,50-59,62 John Wall Lane,2326.0,NSW,Australia,1.0,75,3,2072.7200000000003,2,1,2,212,High Risk Customer,8,Leif,3111.56
3172,Marje,Kennewell,Female,69,1961-12-17,Unknown,Retail,Affluent Customer,No,5.0,56.0,50-59,2346 Dawn Terrace,4655.0,QLD,Australia,3.0,55,4,676.9799999999998,2,1,1,211,Almost Lost Customer,9,Marje Kennewell,3093.31
3173,Angelo,,Male,55,2001-10-10,Computer Systems Analyst I,Health,Mass Customer,Yes,1.0,16.0,Under 20,8 Erie Center,3690.0,VIC,Australia,2.0,45,6,4681.849999999999,2,2,4,224,Losing Customer,7,Angelo,8425.04
3174,Odele,Blackmore,Female,67,1976-11-16,Research Associate,Financial Services,Affluent Customer,No,9.0,41.0,40-49,040 Brown Trail,2040.0,NSW,Australia,12.0,24,6,2346.62,3,2,2,322,Late Bloomer,6,Odele Blackmore,4986.21
3175,Alphard,Cradduck,Male,82,1984-12-30,Operator,Health,Mass Customer,No,16.0,33.0,30-39,94850 Moland Street,3072.0,VIC,Australia,9.0,260,3,1801.14,1,1,1,111,Lost Customer,11,Alphard Cradduck,3044.7200000000003
3176,Rafe,Antoniak,Male,60,1977-12-04,Physical Therapy Assistant,Unknown,Affluent Customer,No,16.0,40.0,40-49,3 Tomscot Place,3756.0,VIC,Australia,4.0,24,9,2701.29,3,4,2,342,Potential Customer,5,Rafe Antoniak,7167.2699999999995
3177,Titos,Scanes,Male,93,1978-05-07,Database Administrator IV,Unknown,Affluent Customer,No,6.0,40.0,40-49,06 Kipling Circle,2085.0,NSW,Australia,10.0,68,7,2163.59,2,3,2,232,Losing Customer,7,Titos Scanes,5174.7300000000005
3178,Gan,Marrion,Male,21,1971-09-28,VP Quality Control,Retail,Mass Customer,Yes,9.0,46.0,40-49,9632 Katie Avenue,4161.0,QLD,Australia,7.0,29,5,4339.76,3,2,4,324,Potential Customer,5,Gan Marrion,6357.4800000000005
3179,Jarid,Redwood,Male,87,1979-11-04,Assistant Media Planner,Entertainment,Affluent Customer,Yes,17.0,38.0,30-39,390 Wayridge Plaza,2756.0,NSW,Australia,9.0,268,1,459.46000000000015,1,1,1,111,Lost Customer,11,Jarid Redwood,1148.64
3180,Gage,,Male,96,1974-06-14,Business Systems Development Analyst,IT,Mass Customer,Yes,19.0,44.0,40-49,55 Gateway Trail,2147.0,NSW,Australia,9.0,145,2,1189.1999999999998,1,1,1,111,Lost Customer,11,Gage,2298.81
3181,Ferd,Chominski,Male,39,1976-09-29,Senior Editor,Financial Services,High Net Worth,No,6.0,41.0,40-49,26 Randy Road,2642.0,NSW,Australia,2.0,9,6,5001.0,4,2,4,424,Becoming Loyal,3,Ferd Chominski,8160.14
3182,Catherina,Hammel,Female,50,1967-10-03,Unknown,Financial Services,Affluent Customer,No,15.0,50.0,50-59,31435 Surrey Court,2074.0,NSW,Australia,11.0,84,4,909.45,2,1,1,211,Almost Lost Customer,9,Catherina Hammel,1732.02
3183,Craig,Phethean,Male,64,1974-06-19,Junior Executive,Health,Mass Customer,No,14.0,44.0,40-49,9200 Continental Center,3165.0,VIC,Australia,10.0,11,8,2059.05,4,4,2,442,Very Loyal,2,Craig Phethean,6607.77
3184,Marlee,Brundle,Female,2,1976-11-08,Civil Engineer,Manufacturing,Affluent Customer,Yes,7.0,41.0,40-49,696 Harbort Junction,2196.0,NSW,Australia,10.0,68,8,5310.3,2,4,4,244,Losing Customer,7,Marlee Brundle,9258.6
3185,Duky,Crichley,Male,25,1956-01-18,Senior Financial Analyst,Financial Services,Mass Customer,No,10.0,62.0,60-69,71 Hayes Circle,2320.0,NSW,Australia,7.0,18,7,1939.7599999999998,3,3,2,332,Potential Customer,5,Duky Crichley,6809.12
3186,Rora,Warre,Female,22,1997-05-09,Unknown,Unknown,Mass Customer,Yes,2.0,21.0,20-29,6 Michigan Park,3173.0,VIC,Australia,9.0,19,5,4279.33,3,2,4,324,Potential Customer,5,Rora Warre,5875.91
3187,Samuele,Roycroft,Male,75,1974-05-12,Senior Quality Engineer,Financial Services,Mass Customer,Yes,14.0,44.0,40-49,6735 Katie Way,2150.0,NSW,Australia,7.0,63,5,1034.6999999999998,2,2,1,221,High Risk Customer,8,Samuele Roycroft,5489.099999999999
3188,Boyd,,Male,94,1999-07-07,Actuary,Financial Services,Mass Customer,No,1.0,18.0,Under 20,7 Kingsford Parkway,3085.0,VIC,Australia,9.0,116,5,1363.1599999999999,1,2,1,121,Evasive Customer,10,Boyd,3932.31
3189,Abbott,Knaggs,Male,40,1963-03-01,Environmental Specialist,Financial Services,Mass Customer,No,11.0,55.0,50-59,69 Huxley Lane,4205.0,QLD,Australia,3.0,56,2,50.17999999999998,2,1,1,211,Almost Lost Customer,9,Abbott Knaggs,200.7
3190,Lizabeth,Carswell,Female,18,1985-02-05,Unknown,Unknown,Affluent Customer,No,15.0,33.0,30-39,10 Hauk Point,3936.0,VIC,Australia,9.0,92,8,2529.3,1,4,2,142,Almost Lost Customer,9,Lizabeth Carswell,5692.24
3191,Bobbette,Amps,Female,29,1959-07-08,Director of Sales,Financial Services,Affluent Customer,Yes,12.0,58.0,50-59,1 Jenifer Court,4280.0,QLD,Australia,4.0,7,8,5673.64,4,4,4,444,Platinum Customer,1,Bobbette Amps,9402.43
3192,Illa,Klemenz,Female,37,1968-09-18,Payment Adjustment Coordinator,Financial Services,High Net Worth,Yes,16.0,49.0,40-49,2 Gateway Drive,3995.0,VIC,Australia,2.0,188,4,2865.0899999999997,1,1,3,113,Evasive Customer,10,Illa Klemenz,4871.5199999999995
3193,Augusta,Henryson,Female,6,1978-07-04,Web Designer IV,Property,High Net Worth,No,7.0,39.0,30-39,081 Oakridge Street,2519.0,NSW,Australia,10.0,10,6,2362.31,4,2,2,422,Becoming Loyal,3,Augusta Henryson,5155.41
3194,Hakeem,Bernardinelli,Male,38,1978-03-11,Physical Therapy Assistant,Manufacturing,Mass Customer,No,11.0,40.0,40-49,40252 Springs Park,4870.0,QLD,Australia,9.0,86,2,649.8700000000001,2,1,1,211,Almost Lost Customer,9,Hakeem Bernardinelli,1922.0300000000002
3195,Vickie,West,Female,4,1981-03-30,Tax Accountant,Manufacturing,Mass Customer,No,18.0,37.0,30-39,6590 Fremont Avenue,2077.0,NSW,Australia,8.0,49,9,3603.1900000000005,2,4,3,243,Losing Customer,7,Vickie West,8409.64
3196,Teddi,Adcocks,Female,11,1977-08-04,Engineer IV,Health,Mass Customer,No,8.0,40.0,40-49,972 Lake View Terrace,3977.0,VIC,Australia,7.0,50,7,2929.0099999999998,2,3,3,233,Losing Customer,7,Teddi Adcocks,7505.92
3197,Stern,Ilyenko,Male,83,1976-02-18,Environmental Specialist,Health,High Net Worth,No,14.0,42.0,40-49,8 Havey Alley,2031.0,NSW,Australia,8.0,3,5,2762.3199999999997,4,2,2,422,Becoming Loyal,3,Stern Ilyenko,5284.57
3198,Dur,Knappen,Male,66,1997-08-02,Media Manager III,Manufacturing,Mass Customer,Yes,1.0,20.0,20-29,05600 Lien Plaza,3796.0,VIC,Australia,8.0,101,4,3989.35,1,1,3,113,Evasive Customer,10,Dur Knappen,5693.18
3199,Florry,Neasam,Female,98,1969-08-31,Product Engineer,Unknown,Mass Customer,Yes,15.0,48.0,40-49,08 Roth Hill,4208.0,QLD,Australia,7.0,13,8,6329.52,4,4,4,444,Platinum Customer,1,Florry Neasam,10703.79
3200,Marna,,Female,51,1995-11-03,Environmental Tech,Manufacturing,Mass Customer,No,1.0,22.0,20-29,842 Texas Crossing,4130.0,QLD,Australia,7.0,39,5,1001.7500000000005,3,2,1,321,Late Bloomer,6,Marna,4865.6900000000005
3201,Zed,Blanckley,Male,61,2000-03-31,Assistant Professor,Financial Services,Mass Customer,Yes,1.0,18.0,Under 20,020 Bartillon Park,2767.0,NSW,Australia,8.0,21,7,5655.87,3,3,4,334,Potential Customer,5,Zed Blanckley,7757.7300000000005
3202,Garry,Gadson,Male,74,1994-09-10,Office Assistant IV,Financial Services,Mass Customer,Yes,2.0,23.0,20-29,778 7th Parkway,2071.0,NSW,Australia,9.0,11,8,4083.3599999999997,4,4,3,443,Very Loyal,2,Garry Gadson,9341.0
3203,Swen,Merioth,Male,25,1985-02-05,GIS Technical Architect,Unknown,Affluent Customer,Yes,7.0,33.0,30-39,60595 Northport Court,4122.0,QLD,Australia,8.0,7,3,1744.21,4,1,1,411,Recent Customer,4,Swen Merioth,4714.8099999999995
3204,Ibby,Beedon,Female,51,1994-11-26,Media Manager III,Health,Mass Customer,Yes,4.0,23.0,20-29,220 American Ash Road,4022.0,QLD,Australia,6.0,34,8,3417.459999999999,3,4,3,343,Potential Customer,5,Ibby Beedon,10981.449999999999
3205,Egan,Flockhart,Male,35,1959-04-20,Account Executive,Unknown,Mass Customer,No,20.0,59.0,50-59,378 Maple Pass,2153.0,NSW,Australia,10.0,96,6,2261.79,1,2,2,122,Evasive Customer,10,Egan Flockhart,6054.93
3206,Elbertine,Trewin,Female,32,1995-03-23,Financial Advisor,Financial Services,Mass Customer,No,1.0,23.0,20-29,41141 Cascade Hill,2075.0,NSW,Australia,9.0,75,7,2991.01,2,3,3,233,Losing Customer,7,Elbertine Trewin,7842.21
3207,Anica,Halfhyde,Female,46,1987-08-29,Unknown,Unknown,Mass Customer,No,21.0,30.0,30-39,66 Sunfield Road,2821.0,NSW,Australia,1.0,81,5,1263.28,2,2,1,221,High Risk Customer,8,Anica Halfhyde,3751.87
3208,Jeanne,O'Meara,Female,53,1967-02-06,VP Marketing,Unknown,High Net Worth,No,15.0,51.0,50-59,43 South Pass,3620.0,VIC,Australia,2.0,53,7,3922.8799999999997,2,3,3,233,Losing Customer,7,Jeanne O'Meara,9142.74
3209,Clarie,Markushkin,Female,10,1964-03-28,Civil Engineer,Manufacturing,Affluent Customer,No,15.0,54.0,50-59,182 Homewood Plaza,4053.0,QLD,Australia,7.0,9,4,1732.03,4,1,1,411,Recent Customer,4,Clarie Markushkin,3112.43
3210,Stella,Abreheart,Female,80,1988-02-01,Junior Executive,Manufacturing,Mass Customer,No,1.0,30.0,30-39,96 Hermina Terrace,3024.0,VIC,Australia,5.0,9,5,2023.69,4,2,2,422,Becoming Loyal,3,Stella Abreheart,3992.06
3211,Betsy,Cosh,Female,52,1993-06-12,Automation Specialist II,Health,High Net Worth,Yes,7.0,25.0,20-29,68486 Anderson Alley,3083.0,VIC,Australia,8.0,35,3,2302.94,3,1,2,312,Late Bloomer,6,Betsy Cosh,3667.73
3212,Corella,Bartomeu,Female,62,1981-01-15,Analog Circuit Design manager,Financial Services,Affluent Customer,No,13.0,37.0,30-39,4 Farragut Center,2065.0,NSW,Australia,12.0,99,8,7666.649999999999,1,4,4,144,Almost Lost Customer,9,Corella Bartomeu,13490.52
3213,Marcile,Vasiliev,Female,27,1971-09-26,Unknown,Telecommunications,Affluent Customer,Yes,16.0,46.0,40-49,7858 Sauthoff Crossing,3079.0,VIC,Australia,11.0,68,5,2122.62,2,2,2,222,High Risk Customer,8,Marcile Vasiliev,4363.18
3214,Cindelyn,Balas,Female,2,1993-01-21,Software Engineer III,Financial Services,Mass Customer,Yes,9.0,25.0,20-29,050 Monterey Street,4869.0,QLD,Australia,3.0,68,4,2969.7699999999995,2,1,3,213,High Risk Customer,8,Cindelyn Balas,4838.349999999999
3215,Wolfgang,Raffles,Male,14,1976-09-28,General Manager,Unknown,Mass Customer,Yes,7.0,41.0,40-49,743 Karstens Point,2122.0,NSW,Australia,11.0,66,7,7247.329999999999,2,3,4,234,Losing Customer,7,Wolfgang Raffles,11950.24
3216,Edgar,Ordish,Male,59,1998-05-08,Database Administrator III,Manufacturing,Mass Customer,Yes,1.0,20.0,20-29,26710 Express Trail,4390.0,QLD,Australia,7.0,0,4,1236.19,4,1,1,411,Recent Customer,4,Edgar Ordish,3366.82
3217,Lorena,Titterrell,Female,95,1968-03-12,Physical Therapy Assistant,Manufacturing,Mass Customer,No,8.0,50.0,50-59,17 Nevada Drive,2122.0,NSW,Australia,11.0,8,11,5564.08,4,4,4,444,Platinum Customer,1,Lorena Titterrell,10733.56
3218,Conny,Starbeck,Female,38,1976-02-12,Information Systems Manager,Argiculture,Mass Customer,Yes,22.0,42.0,40-49,8200 Dapin Drive,4503.0,QLD,Australia,4.0,216,4,1382.5500000000002,1,1,1,111,Lost Customer,11,Conny Starbeck,3574.66
3219,Denyse,Scutts,Female,94,1998-01-06,Web Developer III,Financial Services,Mass Customer,No,3.0,20.0,20-29,423 Mcbride Place,2477.0,NSW,Australia,7.0,27,8,2096.27,3,4,2,342,Potential Customer,5,Denyse Scutts,7191.65
3220,Hunt,Linn,Male,53,1972-07-26,Research Assistant IV,Manufacturing,Affluent Customer,No,11.0,45.0,40-49,580 Blaine Center,2029.0,NSW,Australia,10.0,40,8,4304.219999999999,3,4,4,344,Recent Customer,4,Hunt Linn,7616.3
3221,Brigid,Quigley,Female,59,1959-09-25,Internal Auditor,Property,High Net Worth,Yes,11.0,58.0,50-59,11 Crescent Oaks Junction,4055.0,QLD,Australia,8.0,111,10,4743.61,1,4,4,144,Almost Lost Customer,9,Brigid Quigley,11562.03
3222,Caralie,Sellors,Unknown,40,,Senior Editor,IT,Affluent Customer,No,,,,7198 Rowland Street,4030.0,QLD,Australia,9.0,15,2,808.8499999999999,4,1,1,411,Recent Customer,4,Caralie Sellors,2179.35
3223,Tiffi,Wortt,Unknown,44,,Database Administrator III,IT,Mass Customer,Yes,,,,93723 Old Gate Hill,2021.0,NSW,Australia,9.0,14,8,4605.4,4,4,4,444,Platinum Customer,1,Tiffi Wortt,8793.49
3224,Darell,Mulqueeny,Female,67,1996-03-12,Automation Specialist III,Manufacturing,Affluent Customer,No,3.0,22.0,20-29,50506 Buhler Terrace,3083.0,VIC,Australia,8.0,51,9,4001.52,2,4,3,243,Losing Customer,7,Darell Mulqueeny,8518.72
3225,Durante,Reddan,Male,19,1980-06-19,Chief Design Engineer,Health,Mass Customer,Yes,4.0,38.0,30-39,5 Iowa Road,2154.0,NSW,Australia,11.0,8,7,4805.02,4,3,4,434,Very Loyal,2,Durante Reddan,7505.34
3226,Andi,Whittet,Female,43,1973-03-29,Unknown,Entertainment,Affluent Customer,No,11.0,45.0,40-49,97 Sunnyside Junction,3977.0,VIC,Australia,7.0,20,4,366.04999999999995,3,1,1,311,Late Bloomer,6,Andi Whittet,1217.42
3227,Costa,Sharpin,Male,37,1995-12-06,Unknown,Manufacturing,Affluent Customer,No,2.0,22.0,20-29,37363 Morning Park,3108.0,VIC,Australia,7.0,3,6,3386.5699999999997,4,2,3,423,Becoming Loyal,3,Costa Sharpin,6029.25
3228,Margette,Donaghie,Female,36,1964-08-16,Social Worker,Health,Mass Customer,No,13.0,53.0,50-59,751 Cordelia Terrace,2880.0,NSW,Australia,1.0,40,7,5814.450000000001,3,3,4,334,Potential Customer,5,Margette Donaghie,9815.41
3230,Calida,Clardge,Female,31,1970-02-14,Executive Secretary,Financial Services,Mass Customer,No,12.0,48.0,40-49,864 Scoville Plaza,3029.0,VIC,Australia,5.0,69,5,3890.0,2,2,3,223,High Risk Customer,8,Calida Clardge,5698.38
3231,Cazzie,Gravell,Male,84,1976-05-29,Unknown,Unknown,Affluent Customer,Yes,16.0,42.0,40-49,7 Bayside Point,3085.0,VIC,Australia,8.0,1,6,2994.3999999999996,4,2,3,423,Becoming Loyal,3,Cazzie Gravell,6398.62
3232,Rose,Milsom,Female,7,1993-10-10,Payment Adjustment Coordinator,Financial Services,Mass Customer,Yes,9.0,24.0,20-29,78258 Hanover Plaza,3070.0,VIC,Australia,10.0,8,13,8903.619999999999,4,4,4,444,Platinum Customer,1,Rose Milsom,13451.28
3233,Xever,Feeley,Male,7,1959-01-06,Tax Accountant,Financial Services,Mass Customer,Yes,17.0,59.0,50-59,44 Service Alley,3023.0,VIC,Australia,7.0,80,3,781.4599999999998,2,1,1,211,Almost Lost Customer,9,Xever Feeley,2477.0699999999997
3234,Mata,Hoggan,Male,35,1987-04-15,Safety Technician II,Manufacturing,Mass Customer,Yes,19.0,31.0,30-39,12 Quincy Lane,3141.0,VIC,Australia,8.0,149,2,943.2,1,1,1,111,Lost Customer,11,Mata Hoggan,2358.0
3235,Leif,Woolfall,Male,88,1965-05-15,Business Systems Development Analyst,Property,Affluent Customer,Yes,12.0,53.0,50-59,322 Garrison Way,3169.0,VIC,Australia,9.0,222,1,574.6200000000001,1,1,1,111,Lost Customer,11,Leif Woolfall,1163.89
3237,Astrid,Sumnall,Female,94,1964-08-15,Assistant Manager,Manufacturing,Mass Customer,No,13.0,53.0,50-59,225 Dexter Crossing,2527.0,NSW,Australia,8.0,176,7,3919.85,1,3,3,133,Almost Lost Customer,9,Astrid Sumnall,8413.77
3238,Sauveur,Edmands,Male,23,1977-07-20,Executive Secretary,Retail,Mass Customer,No,14.0,40.0,40-49,8 Rockefeller Lane,2306.0,NSW,Australia,4.0,29,5,2076.89,3,2,2,322,Late Bloomer,6,Sauveur Edmands,3916.44
3239,Wendi,Hew,Female,15,1971-12-06,Staff Scientist,Health,High Net Worth,No,5.0,46.0,40-49,9 Dixon Crossing,3793.0,VIC,Australia,7.0,2,6,1768.67,4,2,1,421,Becoming Loyal,3,Wendi Hew,4374.75
3240,Ryon,Elsay,Male,90,1976-09-04,Chief Design Engineer,Unknown,Mass Customer,Yes,6.0,41.0,40-49,3 Pepper Wood Point,2760.0,NSW,Australia,8.0,53,9,5085.84,2,4,4,244,Losing Customer,7,Ryon Elsay,10954.07
3241,Milt,Erett,Male,34,1979-10-29,Budget/Accounting Analyst IV,Manufacturing,Mass Customer,Yes,16.0,38.0,30-39,7574 Onsgard Drive,4011.0,QLD,Australia,7.0,7,7,3770.63,4,3,3,433,Very Loyal,2,Milt Erett,9518.2
3242,Lib,Schohier,Female,4,1958-03-07,General Manager,Manufacturing,Affluent Customer,Yes,14.0,60.0,60-69,683 Scoville Park,3168.0,VIC,Australia,8.0,49,8,8252.689999999999,2,4,4,244,Losing Customer,7,Lib Schohier,11452.82
3243,Tim,Besset,Male,24,1973-05-19,Media Manager I,Health,Mass Customer,No,7.0,45.0,40-49,11 Erie Hill,3915.0,VIC,Australia,7.0,163,4,1202.87,1,1,1,111,Lost Customer,11,Tim Besset,4005.26
3244,Rosene,Bullar,Female,24,1959-05-08,Systems Administrator I,Financial Services,Mass Customer,No,13.0,59.0,50-59,655 Chive Pass,3083.0,VIC,Australia,9.0,21,4,1007.1299999999999,3,1,1,311,Late Bloomer,6,Rosene Bullar,3578.91
3245,Wainwright,Succamore,Male,86,1959-03-27,Graphic Designer,IT,High Net Worth,No,7.0,59.0,50-59,623 Carberry Way,2145.0,NSW,Australia,8.0,93,6,1935.51,1,2,2,122,Evasive Customer,10,Wainwright Succamore,5577.43
3246,Norene,Merle,Female,73,1968-05-20,Senior Cost Accountant,Financial Services,Mass Customer,Yes,4.0,50.0,50-59,9 Nevada Pass,4007.0,QLD,Australia,12.0,99,5,1947.8000000000002,1,2,2,122,Evasive Customer,10,Norene Merle,6186.950000000001
3247,Bellanca,Raymond,Female,0,1985-04-09,Structural Engineer,Manufacturing,Mass Customer,Yes,5.0,33.0,30-39,3897 Oxford Pass,3350.0,VIC,Australia,5.0,44,8,3802.55,3,4,3,343,Potential Customer,5,Bellanca Raymond,7108.27
3248,Alastair,Van der Beken,Male,32,1957-05-15,Programmer Analyst II,Unknown,Affluent Customer,No,5.0,61.0,60-69,9468 Vidon Way,3029.0,VIC,Australia,7.0,58,4,872.3900000000001,2,1,1,211,Almost Lost Customer,9,Alastair Van der Beken,3305.23
3249,Cortney,Leet,Female,46,1981-08-23,Analog Circuit Design manager,Manufacturing,Mass Customer,Yes,14.0,36.0,30-39,49 Surrey Pass,2325.0,NSW,Australia,4.0,33,8,6400.0,3,4,4,344,Recent Customer,4,Cortney Leet,12502.35
3250,Hussein,Ticic,Male,27,1992-04-16,Unknown,Argiculture,High Net Worth,Yes,4.0,26.0,20-29,7 Holy Cross Lane,4300.0,QLD,Australia,5.0,85,6,2762.53,2,2,2,222,High Risk Customer,8,Hussein Ticic,4950.37
3251,Cammie,Edridge,Female,95,1976-08-27,Safety Technician II,Financial Services,High Net Worth,Yes,8.0,41.0,40-49,11 Mifflin Junction,2193.0,NSW,Australia,10.0,7,11,6264.88,4,4,4,444,Platinum Customer,1,Cammie Edridge,9947.98
3252,Alexia,McTerrelly,Female,59,1987-06-15,GIS Technical Architect,Unknown,High Net Worth,Yes,14.0,31.0,30-39,21498 Springs Point,2089.0,NSW,Australia,12.0,18,7,2574.5,3,3,2,332,Potential Customer,5,Alexia McTerrelly,5910.41
3253,Bernadine,Shakeshaft,Female,42,1990-02-10,Cost Accountant,Financial Services,High Net Worth,Yes,7.0,28.0,20-29,888 Warrior Avenue,2170.0,NSW,Australia,8.0,5,3,4031.6499999999996,4,1,3,413,Recent Customer,4,Bernadine Shakeshaft,4743.31
3254,Lissy,Paliser,Female,8,2001-05-22,Human Resources Assistant I,Financial Services,Mass Customer,No,1.0,17.0,Under 20,50602 Katie Lane,4701.0,QLD,Australia,6.0,31,7,2001.9099999999999,3,3,2,332,Potential Customer,5,Lissy Paliser,7980.87
3255,Sutherlan,Truin,Unknown,47,,Engineer IV,IT,High Net Worth,No,,,,463 Merry Center,3128.0,VIC,Australia,10.0,2,6,5322.56,4,2,4,424,Becoming Loyal,3,Sutherlan Truin,7050.41
3256,Collen,Kew,Female,76,1986-02-06,Professor,Financial Services,Affluent Customer,No,6.0,32.0,30-39,7798 Westport Trail,4031.0,QLD,Australia,9.0,12,10,7287.869999999999,4,4,4,444,Platinum Customer,1,Collen Kew,12399.539999999999
3257,Travis,Hulatt,Male,64,1980-05-07,Senior Editor,Unknown,Mass Customer,Yes,10.0,38.0,30-39,6416 Grover Street,2322.0,NSW,Australia,7.0,6,3,2064.46,4,1,2,412,Recent Customer,4,Travis Hulatt,5121.28
3258,Hettie,Godden,Female,77,1978-12-10,Sales Representative,Retail,Mass Customer,Yes,18.0,39.0,30-39,5 Stone Corner Parkway,2093.0,NSW,Australia,9.0,17,8,4821.9,4,4,4,444,Platinum Customer,1,Hettie Godden,11196.13
3259,Rabi,,Male,74,1953-11-04,Quality Control Specialist,Unknown,High Net Worth,No,10.0,64.0,60-69,12357 Arapahoe Parkway,4740.0,QLD,Australia,3.0,32,2,421.01,3,1,1,311,Late Bloomer,6,Rabi,1027.94
3260,Kelsy,Rao,Female,6,1979-05-30,Research Associate,Telecommunications,High Net Worth,No,11.0,39.0,30-39,056 Petterle Drive,4075.0,QLD,Australia,4.0,124,3,1938.37,1,1,2,112,Evasive Customer,10,Kelsy Rao,3833.56
3261,Benedicto,Blumire,Male,6,1975-01-30,Unknown,Property,Mass Customer,Yes,5.0,43.0,40-49,4591 Del Sol Court,2745.0,NSW,Australia,8.0,38,7,4363.99,3,3,4,334,Potential Customer,5,Benedicto Blumire,7410.33
3262,Maynord,L'Episcopi,Male,65,1959-10-14,Product Engineer,Entertainment,Mass Customer,No,12.0,58.0,50-59,2558 Morningstar Center,4221.0,QLD,Australia,8.0,1,10,4290.81,4,4,4,444,Platinum Customer,1,Maynord L'Episcopi,9899.64
3263,Quentin,Forte,Female,37,1981-08-21,Business Systems Development Analyst,Manufacturing,Affluent Customer,No,5.0,36.0,30-39,15566 Waxwing Place,2135.0,NSW,Australia,9.0,23,5,843.7100000000003,3,2,1,321,Late Bloomer,6,Quentin Forte,4721.62
3264,Garret,Higginbottam,Male,88,1978-08-19,Unknown,Financial Services,Mass Customer,Yes,17.0,39.0,30-39,8 Marquette Court,2204.0,NSW,Australia,11.0,23,9,4240.240000000001,3,4,4,344,Recent Customer,4,Garret Higginbottam,10978.33
3265,Isaak,Higounet,Male,64,1967-06-02,Clinical Specialist,Health,High Net Worth,No,11.0,51.0,50-59,7 Pepper Wood Crossing,3038.0,VIC,Australia,8.0,88,7,741.1299999999998,1,3,1,131,Almost Lost Customer,9,Isaak Higounet,3458.83
3266,Lambert,Edser,Male,68,1995-05-21,Account Representative III,Unknown,Mass Customer,Yes,5.0,23.0,20-29,3 Myrtle Pass,2095.0,NSW,Australia,12.0,71,7,2269.93,2,3,2,232,Losing Customer,7,Lambert Edser,6947.21
3267,Gerri,Prott,Male,20,1987-05-30,Unknown,Property,High Net Worth,Yes,9.0,31.0,30-39,04449 Drewry Junction,2869.0,NSW,Australia,4.0,88,6,4449.68,1,2,4,124,Almost Lost Customer,9,Gerri Prott,7867.97
3268,Estelle,Sam,Female,93,1986-05-31,General Manager,Manufacturing,Mass Customer,No,20.0,32.0,30-39,14860 Clove Drive,3175.0,VIC,Australia,5.0,132,6,4250.459999999999,1,2,4,124,Almost Lost Customer,9,Estelle Sam,8610.78
3269,Kalvin,Paskin,Male,96,1994-12-01,GIS Technical Architect,Unknown,Mass Customer,No,1.0,23.0,20-29,65973 Morrow Alley,2170.0,NSW,Australia,9.0,35,4,1892.5600000000002,3,1,2,312,Late Bloomer,6,Kalvin Paskin,4857.44
3270,Tracey,Redsull,Male,47,1957-04-12,Administrative Officer,Financial Services,Mass Customer,Yes,5.0,61.0,60-69,54 Bonner Drive,3068.0,VIC,Australia,10.0,122,5,2201.06,1,2,2,122,Evasive Customer,10,Tracey Redsull,7135.8099999999995
3271,Daisi,Philip,Female,21,1986-04-18,Chief Design Engineer,Property,High Net Worth,Yes,16.0,32.0,30-39,563 Sundown Point,2226.0,NSW,Australia,10.0,90,5,1938.79,1,2,2,122,Evasive Customer,10,Daisi Philip,4571.639999999999
3272,Bar,Frankcom,Male,75,1993-06-04,Payment Adjustment Coordinator,Unknown,Affluent Customer,No,9.0,25.0,20-29,1 Toban Crossing,3616.0,VIC,Australia,3.0,295,1,41.129999999999995,1,1,1,111,Lost Customer,11,Bar Frankcom,569.56
3273,Darline,Alpes,Female,72,1978-05-17,General Manager,Entertainment,Mass Customer,No,11.0,40.0,40-49,8551 Mayfield Court,3175.0,VIC,Australia,12.0,65,7,6133.65,2,3,4,234,Losing Customer,7,Darline Alpes,10472.26
3274,Tory,Dosdell,Female,44,1973-04-26,Unknown,Financial Services,Mass Customer,Yes,18.0,45.0,40-49,6030 South Drive,2120.0,NSW,Australia,10.0,30,5,1519.3999999999999,3,2,1,321,Late Bloomer,6,Tory Dosdell,3450.3
3275,Lela,Carrell,Female,24,1975-10-22,Computer Systems Analyst IV,Manufacturing,Mass Customer,No,6.0,42.0,40-49,7917 Norway Maple Way,2074.0,NSW,Australia,11.0,4,4,1581.0500000000002,4,1,1,411,Recent Customer,4,Lela Carrell,2826.83
3276,Goddart,Pavelin,Male,10,1979-04-18,Legal Assistant,Unknown,High Net Worth,No,3.0,39.0,30-39,5 Coolidge Avenue,4750.0,QLD,Australia,2.0,80,5,3655.39,2,2,3,223,High Risk Customer,8,Goddart Pavelin,6419.18
3277,Demetris,Shapcote,Male,92,1962-04-20,Computer Systems Analyst I,Unknown,Affluent Customer,No,10.0,56.0,50-59,9398 Declaration Circle,2021.0,NSW,Australia,7.0,37,5,2535.9799999999996,3,2,2,322,Late Bloomer,6,Demetris Shapcote,5868.16
3278,Marcel,Eddolls,Male,66,1982-06-22,VP Product Management,Financial Services,Affluent Customer,No,9.0,36.0,30-39,31601 Birchwood Court,4105.0,QLD,Australia,8.0,22,5,3216.1299999999997,3,2,3,323,Potential Customer,5,Marcel Eddolls,5194.07
3279,Morgun,Razoux,Male,55,1959-02-18,Staff Scientist,Financial Services,Mass Customer,No,14.0,59.0,50-59,07803 Dexter Pass,2170.0,NSW,Australia,9.0,297,1,690.49,1,1,1,111,Lost Customer,11,Morgun Razoux,1071.23
3280,Micki,McNamara,Female,49,1987-05-02,General Manager,Financial Services,Mass Customer,Yes,21.0,31.0,30-39,9 Hallows Circle,2113.0,NSW,Australia,11.0,134,8,6881.08,1,4,4,144,Almost Lost Customer,9,Micki McNamara,11763.69
3281,Peg,Cliff,Female,67,1998-02-22,Administrative Assistant III,Unknown,Mass Customer,No,4.0,20.0,20-29,5718 John Wall Plaza,4350.0,QLD,Australia,1.0,59,2,987.8200000000002,2,1,1,211,Almost Lost Customer,9,Peg Cliff,2044.08
3282,Helga,Nuzzi,Female,8,1959-04-24,Clinical Specialist,Health,High Net Worth,No,13.0,59.0,50-59,011 Lotheville Junction,2099.0,NSW,Australia,10.0,16,4,2504.2799999999997,4,1,2,412,Recent Customer,4,Helga Nuzzi,4534.85
3283,Rowe,Barbary,Female,46,1979-01-15,Administrative Officer,Property,Mass Customer,Yes,6.0,39.0,30-39,60 Cordelia Parkway,2759.0,NSW,Australia,8.0,0,7,5058.900000000001,4,3,4,434,Very Loyal,2,Rowe Barbary,8875.03
3284,Jorrie,Cerman,Female,98,1991-08-28,Chief Design Engineer,Retail,Affluent Customer,No,2.0,26.0,20-29,34748 Charing Cross Point,3057.0,VIC,Australia,10.0,278,6,2969.04,1,2,3,123,Evasive Customer,10,Jorrie Cerman,5886.76
3285,Mendie,Teresi,Male,51,1986-12-30,Recruiter,Health,Affluent Customer,Yes,9.0,31.0,30-39,2094 Bunting Junction,3059.0,VIC,Australia,9.0,19,5,2354.9700000000003,3,2,2,322,Late Bloomer,6,Mendie Teresi,4672.63
3286,Kent,Hatter,Male,23,1961-06-02,Assistant Media Planner,Entertainment,Mass Customer,No,20.0,57.0,50-59,1 Fairview Park,3977.0,VIC,Australia,7.0,9,10,5314.97,4,4,4,444,Platinum Customer,1,Kent Hatter,9898.29
3287,Marys,Vazquez,Female,30,1986-01-06,Account Executive,Unknown,Affluent Customer,Yes,4.0,32.0,30-39,4380 Rusk Terrace,2086.0,NSW,Australia,11.0,76,3,3199.1000000000004,2,1,3,213,High Risk Customer,8,Marys Vazquez,3694.7200000000003
3288,Fair,Dewen,Unknown,47,,Engineer III,IT,High Net Worth,No,,,,6 Cascade Trail,2770.0,NSW,Australia,9.0,32,6,4430.64,3,2,4,324,Potential Customer,5,Fair Dewen,8748.24
3289,Frederico,Spearman,Male,43,1978-01-04,Assistant Manager,Property,Mass Customer,No,12.0,40.0,40-49,8107 Coolidge Pass,2075.0,NSW,Australia,12.0,69,5,3476.2299999999996,2,2,3,223,High Risk Customer,8,Frederico Spearman,7683.389999999999
3290,Brandyn,Gain,Male,22,1962-09-18,Unknown,Manufacturing,High Net Worth,Yes,18.0,55.0,50-59,4171 Beilfuss Street,3153.0,VIC,Australia,8.0,2,8,6520.130000000001,4,4,4,444,Platinum Customer,1,Brandyn Gain,9719.34
3291,Cindy,Eakin,Female,33,1956-01-21,Staff Accountant II,Manufacturing,Mass Customer,No,13.0,62.0,60-69,48333 Waywood Road,2113.0,NSW,Australia,11.0,46,4,2199.04,2,1,2,212,High Risk Customer,8,Cindy Eakin,3946.9500000000003
3292,Hamlen,Slograve,Male,71,1973-04-09,Web Designer I,Retail,Affluent Customer,Yes,3.0,45.0,40-49,6 Golf Center,2042.0,NSW,Australia,10.0,301,1,15.080000000000004,1,1,1,111,Lost Customer,11,Hamlen Slograve,60.34
3293,Peg,Woodstock,Female,98,1986-01-22,Automation Specialist IV,Unknown,High Net Worth,No,17.0,32.0,30-39,5847 Bunting Alley,2130.0,NSW,Australia,11.0,0,5,3649.71,4,2,3,423,Becoming Loyal,3,Peg Woodstock,4716.33
3294,Juditha,Leidl,Female,90,1986-06-26,Director of Sales,Manufacturing,Affluent Customer,No,6.0,32.0,30-39,9 Fisk Point,3350.0,VIC,Australia,4.0,62,4,2826.8900000000003,2,1,2,212,High Risk Customer,8,Juditha Leidl,6769.75
3295,Cleavland,Karchowski,Male,14,1964-05-26,Human Resources Assistant III,Retail,High Net Worth,Yes,9.0,54.0,50-59,133 Quincy Avenue,3810.0,VIC,Australia,4.0,19,8,5246.61,3,4,4,344,Recent Customer,4,Cleavland Karchowski,10279.81
3296,Leontyne,Jackett,Female,78,1974-11-11,Quality Engineer,Financial Services,Affluent Customer,Yes,17.0,43.0,40-49,85 Carioca Drive,2154.0,NSW,Australia,11.0,64,11,4920.72,2,4,4,244,Losing Customer,7,Leontyne Jackett,8887.0
3297,Addy,Moukes,Male,39,1975-04-26,Product Engineer,Manufacturing,Mass Customer,No,13.0,43.0,40-49,50 Declaration Junction,3213.0,VIC,Australia,6.0,58,6,1521.43,2,2,1,221,High Risk Customer,8,Addy Moukes,4162.96
3298,Christine,Baignard,Unknown,1,,VP Quality Control,IT,Affluent Customer,Yes,,,,3 Maple Place,3064.0,VIC,Australia,7.0,4,5,4214.38,4,2,4,424,Becoming Loyal,3,Christine Baignard,6502.58
3299,Sybille,Ballsdon,Female,27,1980-04-10,Systems Administrator II,Manufacturing,Affluent Customer,Yes,12.0,38.0,30-39,402 Clyde Gallagher Terrace,3153.0,VIC,Australia,6.0,30,5,2747.5699999999997,3,2,2,322,Late Bloomer,6,Sybille Ballsdon,4560.97
3300,Quintus,Gouldthorpe,Male,47,1961-05-22,Executive Secretary,Retail,Mass Customer,No,14.0,57.0,50-59,08 Upham Place,2176.0,NSW,Australia,9.0,15,7,3936.4399999999996,4,3,3,433,Very Loyal,2,Quintus Gouldthorpe,9878.11
3301,Guntar,O'Halloran,Male,5,1987-03-21,Associate Professor,Unknown,Mass Customer,Yes,6.0,31.0,30-39,6039 Columbus Court,2280.0,NSW,Australia,8.0,42,5,1929.7800000000002,3,2,2,322,Late Bloomer,6,Guntar O'Halloran,4630.47
3302,Faulkner,McKiernan,Male,17,1956-10-30,Compensation Analyst,Financial Services,Affluent Customer,No,19.0,61.0,60-69,6406 Parkside Hill,2017.0,NSW,Australia,9.0,20,5,2658.49,3,2,2,322,Late Bloomer,6,Faulkner McKiernan,3954.1099999999997
3303,Ced,Cuell,Male,51,1967-02-02,Structural Engineer,Telecommunications,Affluent Customer,Yes,11.0,51.0,50-59,5 Larry Terrace,3130.0,VIC,Australia,10.0,20,5,2547.0099999999998,3,2,2,322,Late Bloomer,6,Ced Cuell,4834.35
3304,Tymothy,Rodder,Male,43,1981-01-19,Unknown,Unknown,Mass Customer,No,12.0,37.0,30-39,0 Sachs Circle,4122.0,QLD,Australia,8.0,78,10,4236.21,2,4,4,244,Losing Customer,7,Tymothy Rodder,11128.31
3305,Neddy,La Grange,Male,25,1977-02-16,Senior Developer,Health,Mass Customer,Yes,11.0,41.0,40-49,873 Ludington Plaza,2204.0,NSW,Australia,10.0,39,2,124.78999999999999,3,1,1,311,Late Bloomer,6,Neddy La Grange,306.78999999999996
3306,Iggy,Whorton,Male,50,1991-05-17,Compensation Analyst,Financial Services,Mass Customer,No,7.0,27.0,20-29,518 Donald Street,2170.0,NSW,Australia,9.0,40,5,3473.13,3,2,3,323,Potential Customer,5,Iggy Whorton,6945.6
3307,Portia,Thirlwall,Female,96,1978-09-02,Analyst Programmer,Health,High Net Worth,No,14.0,39.0,30-39,1172 Mesta Center,4740.0,QLD,Australia,2.0,16,5,4311.99,4,2,4,424,Becoming Loyal,3,Portia Thirlwall,6066.91
3308,Daffi,Idale,Female,5,1979-05-20,Cost Accountant,Financial Services,Mass Customer,Yes,14.0,39.0,30-39,7216 American Ash Place,2062.0,NSW,Australia,12.0,67,3,953.15,2,1,1,211,Almost Lost Customer,9,Daffi Idale,3436.83
3309,Christie,Bremeyer,Male,34,1974-12-14,Senior Sales Associate,Unknown,High Net Worth,Yes,3.0,43.0,40-49,24965 Mitchell Center,4124.0,QLD,Australia,6.0,24,5,2221.5,3,2,2,322,Late Bloomer,6,Christie Bremeyer,5485.79
3310,Bethany,Jarrell,Female,83,1961-10-29,VP Marketing,Property,Affluent Customer,Yes,12.0,56.0,50-59,43 Eagle Crest Parkway,2295.0,NSW,Australia,8.0,51,5,3121.04,2,2,3,223,High Risk Customer,8,Bethany Jarrell,5062.860000000001
3311,Clary,Bennitt,Female,57,1979-12-21,Civil Engineer,Manufacturing,Mass Customer,Yes,8.0,38.0,30-39,4 Tomscot Alley,4343.0,QLD,Australia,7.0,65,4,1705.3899999999999,2,1,1,211,Almost Lost Customer,9,Clary Bennitt,3921.49
3312,Franky,Nanninini,Unknown,49,,Administrative Officer,IT,High Net Worth,No,,,,83 Graedel Court,4505.0,QLD,Australia,2.0,6,4,3123.0299999999997,4,1,3,413,Recent Customer,4,Franky Nanninini,3943.69
3313,Kori,Antoshin,Female,10,1995-03-15,Unknown,Property,High Net Worth,Yes,5.0,23.0,20-29,81 Westerfield Point,2768.0,NSW,Australia,10.0,54,6,2082.46,2,2,2,222,High Risk Customer,8,Kori Antoshin,6335.93
3314,Blakelee,Tassel,Female,50,1972-10-31,Unknown,Financial Services,Mass Customer,Yes,12.0,45.0,40-49,257 Ruskin Crossing,2200.0,NSW,Australia,10.0,58,6,2561.12,2,2,2,222,High Risk Customer,8,Blakelee Tassel,6475.13
3315,Ninnette,Pandey,Female,77,1994-09-08,Account Executive,Property,Mass Customer,Yes,5.0,23.0,20-29,6 North Court,3862.0,VIC,Australia,7.0,1,7,4892.17,4,3,4,434,Very Loyal,2,Ninnette Pandey,8032.110000000001
3316,Stoddard,Giacomoni,Female,31,1960-09-02,Structural Analysis Engineer,Unknown,Mass Customer,No,18.0,57.0,50-59,59 Coolidge Hill,2010.0,NSW,Australia,9.0,20,2,1924.03,3,1,2,312,Late Bloomer,6,Stoddard Giacomoni,2608.09
3317,Ric,Kondrachenko,Male,35,1970-07-08,Actuary,Financial Services,Mass Customer,Yes,11.0,47.0,40-49,64 Nancy Plaza,3137.0,VIC,Australia,7.0,87,4,1213.31,1,1,1,111,Lost Customer,11,Ric Kondrachenko,3299.45
3318,Courtnay,Allmen,Male,37,1962-02-07,Unknown,Manufacturing,High Net Worth,Yes,19.0,56.0,50-59,2 Donald Crossing,2880.0,NSW,Australia,1.0,151,4,3633.9500000000003,1,1,3,113,Evasive Customer,10,Courtnay Allmen,5363.35
3319,Erda,,Female,67,1966-04-04,Unknown,Financial Services,Affluent Customer,Yes,19.0,52.0,50-59,88389 Schiller Drive,3029.0,VIC,Australia,7.0,22,7,2464.6099999999997,3,3,2,332,Potential Customer,5,Erda,7042.889999999999
3320,Anabella,Mealham,Female,16,1994-06-02,Nuclear Power Engineer,Manufacturing,High Net Worth,No,6.0,24.0,20-29,88 Michigan Junction,3109.0,VIC,Australia,10.0,137,10,2739.5,1,4,2,142,Almost Lost Customer,9,Anabella Mealham,10109.98
3321,Ives,,Male,38,1980-05-10,Software Test Engineer I,Unknown,High Net Worth,Yes,14.0,38.0,30-39,6 Ludington Place,2042.0,NSW,Australia,11.0,96,3,324.77999999999986,1,1,1,111,Lost Customer,11,Ives,2952.52
3322,Hew,Sworder,Unknown,24,,Financial Analyst,Financial Services,Affluent Customer,Yes,,,,624 Harper Way,2094.0,NSW,Australia,10.0,2,4,1066.19,4,1,1,411,Recent Customer,4,Hew Sworder,4598.49
3323,Cortie,Hamshar,Male,99,1973-03-01,Account Representative I,Health,High Net Worth,No,8.0,45.0,40-49,15991 Saint Paul Road,4213.0,QLD,Australia,7.0,115,5,2791.6,1,2,2,122,Evasive Customer,10,Cortie Hamshar,6500.54
3324,Sholom,,Male,32,1973-07-11,Research Nurse,Health,Mass Customer,Yes,10.0,44.0,40-49,4 Mayfield Center,3155.0,VIC,Australia,9.0,31,7,2986.959999999999,3,3,3,333,Potential Customer,5,Sholom,10846.51
3325,Sylas,,Male,80,1996-10-08,Database Administrator IV,Manufacturing,High Net Worth,No,1.0,21.0,20-29,0421 Anthes Court,2870.0,NSW,Australia,2.0,45,5,3028.2,2,2,3,223,High Risk Customer,8,Sylas,5709.18
3326,Wes,Crotch,Male,83,1975-04-13,Nurse,Manufacturing,High Net Worth,Yes,22.0,43.0,40-49,18118 Maple Wood Crossing,2763.0,NSW,Australia,9.0,29,13,10422.039999999999,3,4,4,344,Recent Customer,4,Wes Crotch,14078.19
3327,Roma,Le Gallo,Male,84,1973-02-02,Teacher,Manufacturing,Mass Customer,No,15.0,45.0,40-49,973 Menomonie Hill,3337.0,VIC,Australia,4.0,56,8,3782.7900000000004,2,4,3,243,Losing Customer,7,Roma Le Gallo,6320.06
3328,Arabella,Delgaty,Female,58,1961-08-06,Food Chemist,Health,Mass Customer,No,6.0,56.0,50-59,282 Monterey Circle,4300.0,QLD,Australia,6.0,40,4,2068.3,3,1,2,312,Late Bloomer,6,Arabella Delgaty,3511.62
3329,Karissa,Leal,Female,97,1974-08-06,Unknown,Unknown,High Net Worth,No,13.0,43.0,40-49,14 Warbler Hill,2770.0,NSW,Australia,8.0,18,4,2083.2599999999998,3,1,2,312,Late Bloomer,6,Karissa Leal,3348.29
3330,Tina,Pristnor,Female,70,1955-11-06,Unknown,Health,Mass Customer,Yes,18.0,62.0,60-69,75106 Oriole Junction,2030.0,NSW,Australia,12.0,22,9,3445.49,3,4,3,343,Potential Customer,5,Tina Pristnor,8960.72
3331,Claire,Trahar,Female,18,1971-09-20,Technical Writer,Financial Services,Mass Customer,No,8.0,46.0,40-49,11 Hermina Junction,3219.0,VIC,Australia,3.0,36,5,3159.58,3,2,3,323,Potential Customer,5,Claire Trahar,7702.42
3332,Cissy,Jeffress,Female,43,1998-09-24,Account Representative III,Health,Mass Customer,No,3.0,19.0,Under 20,42 Oxford Circle,2220.0,NSW,Australia,11.0,5,6,2799.26,4,2,2,422,Becoming Loyal,3,Cissy Jeffress,6577.57
3333,Celinda,Asher,Female,30,1979-05-08,Software Test Engineer II,Property,Mass Customer,Yes,17.0,39.0,30-39,1520 Summerview Road,2020.0,NSW,Australia,10.0,191,5,1911.08,1,2,2,122,Evasive Customer,10,Celinda Asher,5296.389999999999
3334,Koralle,Winckles,Female,63,1965-05-22,VP Product Management,Health,Mass Customer,Yes,12.0,53.0,50-59,54 Hermina Road,2000.0,NSW,Australia,12.0,73,8,2428.32,2,4,2,242,Losing Customer,7,Koralle Winckles,5742.35
3335,Damian,Dutt,Male,47,1979-12-15,Editor,Health,Mass Customer,No,16.0,38.0,30-39,3732 Linden Avenue,4820.0,QLD,Australia,1.0,3,7,3582.69,4,3,3,433,Very Loyal,2,Damian Dutt,5555.54
3336,Konstantine,Terne,Male,47,1979-01-10,Research Assistant IV,Manufacturing,Mass Customer,Yes,8.0,39.0,30-39,6043 Badeau Place,4820.0,QLD,Australia,1.0,74,6,5824.48,2,2,4,224,Losing Customer,7,Konstantine Terne,9153.34
3337,Brendan,Aird,Male,58,1976-10-28,Unknown,Argiculture,Mass Customer,Yes,16.0,41.0,40-49,6933 Leroy Parkway,4209.0,QLD,Australia,4.0,6,8,4608.0,4,4,4,444,Platinum Customer,1,Brendan Aird,8265.62
3338,Nata,Ozanne,Female,48,1964-07-08,Unknown,Manufacturing,Mass Customer,Yes,10.0,53.0,50-59,2 Homewood Center,2775.0,NSW,Australia,6.0,4,4,1912.53,4,1,2,412,Recent Customer,4,Nata Ozanne,2377.23
3339,Andrea,Rand,Male,76,1986-05-08,Programmer Analyst III,Health,Mass Customer,No,21.0,32.0,30-39,38 Jackson Lane,3610.0,VIC,Australia,3.0,38,6,1163.92,3,2,1,321,Late Bloomer,6,Andrea Rand,4271.22
3340,Torey,Beharrell,Male,61,1991-09-29,Physical Therapy Assistant,Unknown,Mass Customer,No,2.0,26.0,20-29,322 Namekagon Trail,2107.0,NSW,Australia,11.0,113,6,2364.51,1,2,2,122,Evasive Customer,10,Torey Beharrell,6462.47
3341,Vitia,Crum,Female,19,1980-08-05,Help Desk Technician,Retail,Affluent Customer,Yes,6.0,37.0,30-39,411 Anthes Circle,2030.0,NSW,Australia,12.0,49,4,921.6200000000001,2,1,1,211,Almost Lost Customer,9,Vitia Crum,3646.81
3342,Henry,Phillps,Male,51,1985-08-12,Unknown,Entertainment,Mass Customer,No,7.0,32.0,30-39,6956 Clyde Gallagher Park,2281.0,NSW,Australia,9.0,100,7,2820.79,1,3,2,132,Almost Lost Customer,9,Henry Phillps,6736.7
3343,Cristabel,Bim,Unknown,3,,Recruiter,IT,Mass Customer,Yes,,,,12061 Rowland Alley,3228.0,VIC,Australia,8.0,78,6,1490.0,2,2,1,221,High Risk Customer,8,Cristabel Bim,6667.84
3344,Clerissa,Columbell,Female,66,1995-02-14,GIS Technical Architect,Unknown,Affluent Customer,Yes,1.0,23.0,20-29,21230 Tomscot Lane,2093.0,NSW,Australia,12.0,10,7,3962.0600000000004,4,3,3,433,Very Loyal,2,Clerissa Columbell,6236.96
3345,Hersch,Gilkes,Male,83,1977-06-23,Unknown,Financial Services,High Net Worth,No,12.0,41.0,40-49,7 Clemons Drive,4370.0,QLD,Australia,2.0,31,5,1366.9999999999998,3,2,1,321,Late Bloomer,6,Hersch Gilkes,3926.35
3346,Nadya,Callaghan,Female,61,1991-09-11,Software Consultant,Financial Services,High Net Worth,No,3.0,26.0,20-29,7353 Thierer Road,4300.0,QLD,Australia,2.0,48,3,1511.5700000000002,2,1,1,211,Almost Lost Customer,9,Nadya Callaghan,2794.14
3347,Nichols,,Male,99,1985-11-08,Computer Systems Analyst II,Entertainment,High Net Worth,Yes,18.0,32.0,30-39,75 Logan Place,3071.0,VIC,Australia,10.0,107,5,2978.039999999999,1,2,3,123,Evasive Customer,10,Nichols,5387.86
3348,Amanda,Hazeltine,Female,93,1956-11-08,Pharmacist,Health,High Net Worth,Yes,6.0,61.0,60-69,8530 Darwin Street,2880.0,NSW,Australia,1.0,129,3,1136.03,1,1,1,111,Lost Customer,11,Amanda Hazeltine,2749.69
3349,Byram,Lamberts,Male,11,1981-01-22,Director of Sales,Argiculture,Affluent Customer,No,9.0,37.0,30-39,9 Brown Pass,3196.0,VIC,Australia,9.0,221,5,2496.51,1,2,2,122,Evasive Customer,10,Byram Lamberts,6639.07
3350,Tam,Prestner,Male,53,1975-05-29,Analog Circuit Design manager,Manufacturing,Affluent Customer,No,6.0,43.0,40-49,736 Ohio Court,2200.0,NSW,Australia,10.0,38,6,5796.159999999999,3,2,4,324,Potential Customer,5,Tam Prestner,9352.56
3351,Chryste,Nornable,Female,13,1982-04-13,Accounting Assistant II,Unknown,Affluent Customer,No,15.0,36.0,30-39,17 Springs Center,4214.0,QLD,Australia,7.0,39,6,3138.49,3,2,3,323,Potential Customer,5,Chryste Nornable,7191.88
3352,Fredek,Lobley,Male,14,1994-12-28,Human Resources Assistant IV,Manufacturing,Affluent Customer,No,1.0,23.0,20-29,29863 Waxwing Court,3056.0,VIC,Australia,5.0,30,7,2839.35,3,3,2,332,Potential Customer,5,Fredek Lobley,5559.64
3353,Marina,Scorrer,Female,91,1994-04-21,Software Test Engineer II,Unknown,Mass Customer,Yes,1.0,24.0,20-29,9229 Division Park,2205.0,NSW,Australia,8.0,30,7,2608.46,3,3,2,332,Potential Customer,5,Marina Scorrer,5270.16
3354,Ollie,Restorick,Male,18,1978-03-27,Unknown,Manufacturing,Mass Customer,Yes,11.0,40.0,40-49,88 Morningstar Pass,3161.0,VIC,Australia,10.0,182,2,1860.5600000000002,1,1,2,112,Evasive Customer,10,Ollie Restorick,3213.07
3355,Cherin,Thireau,Female,50,1990-02-19,Staff Accountant I,Manufacturing,Mass Customer,No,3.0,28.0,20-29,45 Talisman Pass,4102.0,QLD,Australia,4.0,0,6,2464.6100000000006,4,2,2,422,Becoming Loyal,3,Cherin Thireau,5854.1
3356,Dill,Bampford,Male,47,1959-03-23,Safety Technician II,Financial Services,Mass Customer,Yes,6.0,59.0,50-59,73 Burrows Court,3121.0,VIC,Australia,8.0,4,5,2799.7,4,2,2,422,Becoming Loyal,3,Dill Bampford,6281.6900000000005
3357,Georgie,Henze,Male,25,1999-02-01,Design Engineer,Manufacturing,Affluent Customer,No,4.0,19.0,Under 20,5 Sachs Terrace,4207.0,QLD,Australia,4.0,35,4,1441.0,3,1,1,311,Late Bloomer,6,Georgie Henze,3897.31
3358,Fairlie,McGavin,Male,30,1973-09-17,Engineer I,Manufacturing,Affluent Customer,Yes,11.0,44.0,40-49,2170 Schiller Alley,2160.0,NSW,Australia,9.0,37,7,4447.21,3,3,4,334,Potential Customer,5,Fairlie McGavin,7810.9
3359,Duffy,Cotillard,Male,82,1991-12-13,Developer III,Unknown,Mass Customer,No,3.0,26.0,20-29,20 Alpine Circle,3181.0,VIC,Australia,7.0,97,5,1120.8700000000001,1,2,1,121,Evasive Customer,10,Duffy Cotillard,3839.38
3360,Joelie,Sherlaw,Female,77,1963-03-23,Quality Engineer,Health,Affluent Customer,No,5.0,55.0,50-59,435 Kennedy Circle,2173.0,NSW,Australia,10.0,57,8,4179.51,2,4,4,244,Losing Customer,7,Joelie Sherlaw,6162.1900000000005
3361,Riva,Yushin,Female,68,1968-01-20,General Manager,Property,Mass Customer,Yes,9.0,50.0,50-59,7330 Helena Pass,2176.0,NSW,Australia,9.0,44,6,4752.699999999999,3,2,4,324,Potential Customer,5,Riva Yushin,8548.95
3362,Piotr,Saladin,Male,60,1971-06-24,VP Accounting,Financial Services,Affluent Customer,No,13.0,47.0,40-49,2 Lillian Alley,4154.0,QLD,Australia,9.0,86,3,558.49,2,1,1,211,Almost Lost Customer,9,Piotr Saladin,1983.8400000000001
3363,Orson,Tythacott,Male,25,2000-03-08,Electrical Engineer,Manufacturing,High Net Worth,Yes,3.0,18.0,Under 20,8 Village Street,4825.0,QLD,Australia,5.0,4,6,1800.7199999999998,4,2,1,421,Becoming Loyal,3,Orson Tythacott,6443.93
3364,Trueman,,Male,77,1993-08-19,Engineer IV,Manufacturing,Mass Customer,Yes,3.0,24.0,20-29,62551 Del Mar Avenue,2300.0,NSW,Australia,6.0,120,5,3473.79,1,2,3,123,Evasive Customer,10,Trueman,5647.75
3365,Karlens,Chaffyn,Unknown,29,,Engineer III,IT,Mass Customer,No,,,,297 Kinsman Park,2766.0,NSW,Australia,9.0,71,6,4003.36,2,2,3,223,High Risk Customer,8,Karlens Chaffyn,5971.06
3366,Rickey,Gregolotti,Male,98,1975-02-26,Technical Writer,Manufacturing,Mass Customer,Yes,14.0,43.0,40-49,63493 Erie Place,2144.0,NSW,Australia,7.0,44,4,2264.1000000000004,3,1,2,312,Late Bloomer,6,Rickey Gregolotti,4591.95
3367,Melisse,Massei,Female,75,2000-12-05,Librarian,Entertainment,Mass Customer,Yes,1.0,17.0,Under 20,3 Weeping Birch Plaza,3677.0,VIC,Australia,2.0,82,6,4779.07,2,2,4,224,Losing Customer,7,Melisse Massei,8647.67
3368,Tanya,Boddis,Female,7,1967-07-17,Technical Writer,Financial Services,Affluent Customer,No,16.0,50.0,50-59,2 Roxbury Place,2564.0,NSW,Australia,8.0,29,5,3153.4799999999996,3,2,3,323,Potential Customer,5,Tanya Boddis,5971.18
3369,Cathrin,Rosencrantz,Female,90,1977-01-02,Research Associate,Unknown,Mass Customer,No,10.0,41.0,40-49,7234 Dawn Alley,4670.0,QLD,Australia,1.0,76,6,2672.28,2,2,2,222,High Risk Customer,8,Cathrin Rosencrantz,6850.6900000000005
3370,Brant,Follis,Male,8,1954-01-22,Data Coordiator,Unknown,High Net Worth,Yes,5.0,64.0,60-69,01 Nevada Alley,2076.0,NSW,Australia,12.0,42,7,4078.8199999999997,3,3,3,333,Potential Customer,5,Brant Follis,7469.49
3371,Josey,Alves,Female,56,1977-10-30,Analyst Programmer,Retail,Mass Customer,No,17.0,40.0,40-49,805 Division Plaza,4165.0,QLD,Australia,4.0,41,9,4677.6900000000005,3,4,4,344,Recent Customer,4,Josey Alves,8400.31
3372,Orazio,Wissby,Male,62,1954-09-25,Unknown,Telecommunications,High Net Worth,No,15.0,63.0,60-69,42554 Randy Road,2047.0,NSW,Australia,12.0,31,6,2684.47,3,2,2,322,Late Bloomer,6,Orazio Wissby,7238.88
3373,Inna,Atack,Female,19,1991-01-25,Research Associate,Health,Mass Customer,No,5.0,27.0,20-29,25460 Buell Avenue,2060.0,NSW,Australia,10.0,44,5,4048.46,3,2,3,323,Potential Customer,5,Inna Atack,6773.370000000001
3374,Joann,Corrigan,Female,77,1959-11-17,Sales Associate,Manufacturing,Mass Customer,Yes,12.0,58.0,50-59,000 Boyd Center,2160.0,NSW,Australia,8.0,1,4,5034.57,4,1,4,414,Recent Customer,4,Joann Corrigan,6246.4400000000005
3375,Thorsten,Gregon,Male,37,1993-03-21,Accounting Assistant I,Financial Services,High Net Worth,Yes,6.0,25.0,20-29,2782 Stephen Trail,2216.0,NSW,Australia,10.0,12,8,4285.94,4,4,4,444,Platinum Customer,1,Thorsten Gregon,8710.18
3376,Amity,Widdall,Female,74,1982-10-20,Unknown,Manufacturing,Mass Customer,No,16.0,35.0,30-39,7 Charing Cross Hill,2121.0,NSW,Australia,9.0,93,5,2173.36,1,2,2,122,Evasive Customer,10,Amity Widdall,4239.54
3377,Jamal,MacRury,Male,12,1988-06-23,Unknown,Manufacturing,Mass Customer,Yes,7.0,30.0,30-39,08 Arapahoe Alley,4213.0,QLD,Australia,9.0,77,7,3395.35,2,3,3,233,Losing Customer,7,Jamal MacRury,6701.91
3378,Ina,Habershaw,Female,17,1962-02-17,Unknown,Financial Services,Affluent Customer,No,14.0,56.0,50-59,158 Utah Court,3082.0,VIC,Australia,8.0,55,4,3399.0199999999995,2,1,3,213,High Risk Customer,8,Ina Habershaw,4651.77
3379,Elysee,Spurr,Female,51,1999-04-30,Food Chemist,Health,Mass Customer,Yes,2.0,19.0,Under 20,00 Magdeline Way,3146.0,VIC,Australia,11.0,20,6,5599.08,3,2,4,324,Potential Customer,5,Elysee Spurr,8165.43
3380,Abe,Ealam,Male,41,1955-01-09,Speech Pathologist,Manufacturing,High Net Worth,Yes,14.0,63.0,60-69,2 Roxbury Pass,3977.0,VIC,Australia,5.0,63,5,2793.81,2,2,2,222,High Risk Customer,8,Abe Ealam,6088.51
3381,Bruce,Lackie,Male,26,1993-11-20,Computer Systems Analyst IV,Unknown,Mass Customer,No,4.0,24.0,20-29,602 Haas Drive,3799.0,VIC,Australia,3.0,195,5,4829.4,1,2,4,124,Almost Lost Customer,9,Bruce Lackie,7129.37
3382,Burk,Walczak,Male,90,1977-12-17,Business Systems Development Analyst,Unknown,High Net Worth,No,10.0,40.0,40-49,40 Sauthoff Circle,3129.0,VIC,Australia,10.0,19,10,4222.7699999999995,3,4,4,344,Recent Customer,4,Burk Walczak,10347.49
3383,Dane,Swansbury,Male,47,1982-04-05,Financial Analyst,Financial Services,Affluent Customer,Yes,10.0,36.0,30-39,48 Rockefeller Court,3786.0,VIC,Australia,8.0,29,6,4387.16,3,2,4,324,Potential Customer,5,Dane Swansbury,7014.41
3384,Wesley,Nichols,Male,11,1996-03-05,Unknown,Unknown,Mass Customer,No,6.0,22.0,20-29,59504 Drewry Park,4061.0,QLD,Australia,8.0,29,6,2050.66,3,2,2,322,Late Bloomer,6,Wesley Nichols,7402.02
3385,Ronda,,Female,23,1975-02-10,Systems Administrator III,Argiculture,Mass Customer,No,9.0,43.0,40-49,31 Dovetail Trail,2088.0,NSW,Australia,9.0,54,4,1175.54,2,1,1,211,Almost Lost Customer,9,Ronda,3317.72
3386,Cliff,Nolin,Male,24,1999-07-28,Structural Engineer,IT,High Net Worth,Yes,2.0,18.0,Under 20,367 Talmadge Way,2705.0,NSW,Australia,1.0,7,5,2633.5,4,2,2,422,Becoming Loyal,3,Cliff Nolin,4407.639999999999
3387,Shel,Duke,Female,19,1976-07-05,General Manager,Manufacturing,Affluent Customer,Yes,15.0,41.0,40-49,513 Hauk Street,2261.0,NSW,Australia,9.0,82,8,5318.69,2,4,4,244,Losing Customer,7,Shel Duke,10309.67
3388,Urbanus,Pichan,Male,81,1986-10-25,VP Marketing,Retail,Mass Customer,No,7.0,31.0,30-39,72728 Ruskin Way,2291.0,NSW,Australia,6.0,25,8,3516.78,3,4,3,343,Potential Customer,5,Urbanus Pichan,9307.45
3389,Margo,Saltmarshe,Female,27,1972-06-01,Programmer II,Unknown,Affluent Customer,No,19.0,46.0,40-49,024 Onsgard Alley,3134.0,VIC,Australia,9.0,54,6,4462.32,2,2,4,224,Losing Customer,7,Margo Saltmarshe,6107.86
3390,Fayth,Baudins,Female,20,1969-01-27,Unknown,Unknown,High Net Worth,No,7.0,49.0,40-49,10097 Hooker Way,3196.0,VIC,Australia,8.0,18,5,3952.8899999999994,3,2,3,323,Potential Customer,5,Fayth Baudins,6156.36
3391,Terrel,Kreuzer,Male,93,1991-06-23,Unknown,Manufacturing,Mass Customer,No,7.0,27.0,20-29,312 Swallow Place,3021.0,VIC,Australia,7.0,19,5,2201.58,3,2,2,322,Late Bloomer,6,Terrel Kreuzer,3719.61
3392,Brock,Ride,Male,41,1976-12-12,Tax Accountant,Financial Services,Mass Customer,No,10.0,41.0,40-49,28 Superior Center,2131.0,NSW,Australia,11.0,74,1,114.93,2,1,1,211,Almost Lost Customer,9,Brock Ride,574.64
3393,Henrietta,Olexa,Female,23,1954-02-21,Technical Writer,Retail,Mass Customer,Yes,7.0,64.0,60-69,0 Weeping Birch Plaza,2093.0,NSW,Australia,12.0,2,5,2095.7700000000004,4,2,2,422,Becoming Loyal,3,Henrietta Olexa,4896.49
3394,Barde,Spoward,Male,39,1974-06-26,Environmental Specialist,Health,Mass Customer,No,22.0,44.0,40-49,06 Northwestern Center,2019.0,NSW,Australia,10.0,19,5,4073.2,3,2,3,323,Potential Customer,5,Barde Spoward,5926.59
3395,Sigmund,Fishbourn,Male,76,1993-04-19,Unknown,Financial Services,Mass Customer,No,3.0,25.0,20-29,01716 2nd Terrace,3174.0,VIC,Australia,8.0,9,7,2586.85,4,3,2,432,Becoming Loyal,3,Sigmund Fishbourn,7852.11
3396,Arin,Nappin,Male,18,1960-06-28,Research Assistant I,Manufacturing,Mass Customer,Yes,9.0,58.0,50-59,0162 Grim Circle,2191.0,NSW,Australia,10.0,71,2,119.73,2,1,1,211,Almost Lost Customer,9,Arin Nappin,586.65
3397,Melisande,,Female,70,1985-08-19,Product Engineer,IT,Mass Customer,No,11.0,32.0,30-39,7 Eggendart Hill,4055.0,QLD,Australia,8.0,89,2,808.8499999999999,1,1,1,111,Lost Customer,11,Melisande,2179.35
3398,Alberik,Looks,Male,69,1971-07-01,Unknown,Unknown,High Net Worth,Yes,7.0,47.0,40-49,375 Luster Parkway,2147.0,NSW,Australia,9.0,65,5,2666.0600000000004,2,2,2,222,High Risk Customer,8,Alberik Looks,4872.530000000001
3399,Hillyer,Biddulph,Male,95,1996-05-10,VP Accounting,Financial Services,Mass Customer,No,2.0,22.0,20-29,2 Monterey Terrace,2120.0,NSW,Australia,9.0,37,5,3084.76,3,2,3,323,Potential Customer,5,Hillyer Biddulph,6052.6900000000005
3400,Brenna,Childes,Female,46,1987-06-25,Sales Associate,Financial Services,Mass Customer,Yes,18.0,31.0,30-39,851 Meadow Valley Place,3205.0,VIC,Australia,10.0,26,4,1402.9,3,1,1,311,Late Bloomer,6,Brenna Childes,2797.13
3401,Cristie,,Female,92,1993-07-28,Tax Accountant,Telecommunications,Mass Customer,Yes,4.0,24.0,20-29,6851 Orin Parkway,2142.0,NSW,Australia,10.0,66,6,3847.02,2,2,3,223,High Risk Customer,8,Cristie,6768.02
3402,Krystyna,Scadden,Female,73,1985-05-04,Statistician II,Retail,Mass Customer,No,10.0,33.0,30-39,73 Glacier Hill Drive,2880.0,NSW,Australia,1.0,12,9,6036.1900000000005,4,4,4,444,Platinum Customer,1,Krystyna Scadden,10700.79
3403,Jessalyn,Zoellner,Female,27,1994-05-14,Senior Financial Analyst,Financial Services,Mass Customer,Yes,2.0,24.0,20-29,59364 Huxley Drive,3028.0,VIC,Australia,5.0,133,4,3253.38,1,1,3,113,Evasive Customer,10,Jessalyn Zoellner,4516.0199999999995
3404,Thomasine,McCloch,Female,2,1973-08-01,GIS Technical Architect,Property,Affluent Customer,No,22.0,44.0,40-49,91 Charing Cross Way,2100.0,NSW,Australia,11.0,51,4,2430.52,2,1,2,212,High Risk Customer,8,Thomasine McCloch,4414.0
3405,Gavra,Robez,Female,89,1996-08-18,Project Manager,Financial Services,Mass Customer,Yes,3.0,21.0,20-29,80269 Southridge Park,4014.0,QLD,Australia,6.0,52,9,6167.71,2,4,4,244,Losing Customer,7,Gavra Robez,9157.710000000001
3406,Lucy,Lackmann,Female,35,1979-04-28,Business Systems Development Analyst,IT,Mass Customer,Yes,10.0,39.0,30-39,5 Northland Plaza,2096.0,NSW,Australia,9.0,46,10,5463.639999999999,2,4,4,244,Losing Customer,7,Lucy Lackmann,12169.87
3407,Marven,Ditts,Male,53,1961-10-08,Cost Accountant,Financial Services,High Net Worth,Yes,19.0,56.0,50-59,02181 Starling Trail,3015.0,VIC,Australia,10.0,18,8,3669.36,3,4,3,343,Potential Customer,5,Marven Ditts,8397.3
3408,Becka,Bysaker,Female,10,1972-07-11,Tax Accountant,Manufacturing,Mass Customer,No,18.0,45.0,40-49,097 Gulseth Lane,4178.0,QLD,Australia,8.0,22,5,1355.2399999999998,3,2,1,321,Late Bloomer,6,Becka Bysaker,4452.78
3409,Abbey,Nellen,Female,75,1977-04-29,Desktop Support Technician,Argiculture,Mass Customer,No,16.0,41.0,40-49,0 Ronald Regan Way,4870.0,QLD,Australia,1.0,73,7,3009.2999999999997,2,3,3,233,Losing Customer,7,Abbey Nellen,7353.55
3410,Merrili,Brittin,Female,93,1940-09-22,Unknown,Property,Mass Customer,No,16.0,77.0,70-79,1351 Lunder Road,2049.0,NSW,Australia,10.0,241,3,1731.84,1,1,1,111,Lost Customer,11,Merrili Brittin,2965.8900000000003
3411,Alena,Hannis,Female,68,1980-01-04,Physical Therapy Assistant,Unknown,Mass Customer,Yes,20.0,38.0,30-39,7181 Dakota Trail,3029.0,VIC,Australia,5.0,30,7,5772.78,3,3,4,334,Potential Customer,5,Alena Hannis,11320.22
3412,Almira,Ethelstone,Female,66,1973-08-18,Office Assistant IV,Unknown,Mass Customer,Yes,7.0,44.0,40-49,5767 Thierer Road,2217.0,NSW,Australia,8.0,44,4,2417.74,3,1,2,312,Late Bloomer,6,Almira Ethelstone,5786.89
3413,Zulema,Cristofolo,Female,93,1997-10-15,VP Accounting,Financial Services,Mass Customer,No,3.0,20.0,20-29,687 Almo Crossing,2160.0,NSW,Australia,10.0,25,4,4076.1800000000003,3,1,3,313,Late Bloomer,6,Zulema Cristofolo,6325.24
3414,Winnifred,Zima,Female,46,1966-02-25,Software Consultant,Unknown,Affluent Customer,Yes,10.0,52.0,50-59,31414 Superior Park,2539.0,NSW,Australia,7.0,162,3,1734.6,1,1,1,111,Lost Customer,11,Winnifred Zima,4674.02
3415,Alberik,Kelsey,Male,43,1963-01-17,Quality Engineer,Property,High Net Worth,Yes,11.0,55.0,50-59,1 Village Green Circle,2285.0,NSW,Australia,7.0,61,6,4669.3,2,2,4,224,Losing Customer,7,Alberik Kelsey,8084.960000000001
3416,Evanne,Bentote,Female,6,1976-01-18,Unknown,Manufacturing,Mass Customer,Yes,11.0,42.0,40-49,2 Starling Pass,3155.0,VIC,Australia,7.0,122,3,1207.08,1,1,1,111,Lost Customer,11,Evanne Bentote,2184.42
3417,Deedee,Coxall,Female,91,1973-02-18,Social Worker,Health,Mass Customer,No,7.0,45.0,40-49,182 Thierer Pass,3131.0,VIC,Australia,12.0,95,8,3975.1400000000003,1,4,3,143,Almost Lost Customer,9,Deedee Coxall,8566.05
3418,Felipa,Paddingdon,Female,18,1959-12-31,Systems Administrator IV,Health,High Net Worth,No,19.0,58.0,50-59,7 Barnett Road,2713.0,NSW,Australia,1.0,90,5,2033.0099999999998,1,2,2,122,Evasive Customer,10,Felipa Paddingdon,4643.87
3419,Felipa,Guslon,Female,13,1973-07-09,Information Systems Manager,Unknown,Mass Customer,Yes,18.0,44.0,40-49,33792 Burrows Plaza,4125.0,QLD,Australia,7.0,5,3,2591.3299999999995,4,1,2,412,Recent Customer,4,Felipa Guslon,4108.62
3420,Norby,Elion,Male,96,1980-09-10,Financial Advisor,Financial Services,Mass Customer,Yes,19.0,37.0,30-39,00283 Loftsgordon Center,4118.0,QLD,Australia,5.0,5,11,6808.18,4,4,4,444,Platinum Customer,1,Norby Elion,13885.45
3421,Ronalda,McGeechan,Female,60,1962-12-17,Computer Systems Analyst II,Health,Affluent Customer,Yes,18.0,55.0,50-59,8 Garrison Trail,2226.0,NSW,Australia,10.0,28,10,4255.89,3,4,4,344,Recent Customer,4,Ronalda McGeechan,12000.2
3422,Lucine,Virgin,Female,38,1978-05-06,Professor,Manufacturing,Mass Customer,No,5.0,40.0,40-49,618 Chinook Way,2155.0,NSW,Australia,10.0,32,5,2127.64,3,2,2,322,Late Bloomer,6,Lucine Virgin,5634.98
3423,Griselda,Bezants,Female,57,1999-12-27,Registered Nurse,Health,Affluent Customer,No,1.0,18.0,Under 20,9 Ronald Regan Center,3094.0,VIC,Australia,9.0,77,4,751.3200000000002,2,1,1,211,Almost Lost Customer,9,Griselda Bezants,3061.5
3424,Vale,Whittuck,Female,39,1977-02-28,Automation Specialist III,Manufacturing,Affluent Customer,Yes,11.0,41.0,40-49,40047 Twin Pines Parkway,3806.0,VIC,Australia,8.0,153,2,2056.27,1,1,2,112,Evasive Customer,10,Vale Whittuck,2940.52
3425,Alister,De la Yglesia,Male,32,1986-04-05,GIS Technical Architect,Manufacturing,Mass Customer,Yes,12.0,32.0,30-39,5 Anhalt Court,3122.0,VIC,Australia,7.0,18,6,3350.14,3,2,3,323,Potential Customer,5,Alister De la Yglesia,6287.46
3426,Ron,Dilon,Male,40,1959-04-18,Assistant Media Planner,Entertainment,Mass Customer,No,17.0,59.0,50-59,3047 Spenser Pass,2750.0,NSW,Australia,8.0,45,6,3713.5199999999995,2,2,3,223,High Risk Customer,8,Ron Dilon,8405.57
3427,Mace,Edington,Male,67,1981-05-19,Help Desk Operator,Financial Services,Mass Customer,Yes,17.0,37.0,30-39,0 Walton Court,2226.0,NSW,Australia,9.0,1,8,3921.0,4,4,3,443,Very Loyal,2,Mace Edington,12523.17
3428,Leonora,Iglesia,Female,77,1974-08-07,Chemical Engineer,Manufacturing,Mass Customer,Yes,16.0,43.0,40-49,5356 Ruskin Place,2850.0,NSW,Australia,3.0,91,1,509.97,1,1,1,111,Lost Customer,11,Leonora Iglesia,1274.93
3429,Alla,Hirtzmann,Female,37,1964-06-22,Unknown,Health,High Net Worth,No,15.0,54.0,50-59,321 Glendale Center,2820.0,NSW,Australia,1.0,121,4,2242.33,1,1,2,112,Evasive Customer,10,Alla Hirtzmann,3323.9500000000003
3430,Augustus,Pickin,Male,77,1964-02-29,Research Nurse,Health,Affluent Customer,Yes,9.0,54.0,50-59,6414 Hanover Avenue,2060.0,NSW,Australia,12.0,63,7,1653.02,2,3,1,231,Losing Customer,7,Augustus Pickin,5809.24
3431,York,Calbreath,Male,97,1996-08-10,Community Outreach Specialist,Property,Affluent Customer,No,5.0,21.0,20-29,373 Cordelia Trail,3500.0,VIC,Australia,1.0,28,10,6022.12,3,4,4,344,Recent Customer,4,York Calbreath,12673.97
3432,Max,Cloney,Female,99,1988-11-27,Junior Executive,Argiculture,Mass Customer,Yes,2.0,29.0,20-29,31 International Pass,4173.0,QLD,Australia,7.0,106,8,3707.7000000000007,1,4,3,143,Almost Lost Customer,9,Max Cloney,9201.85
3433,Karissa,Cabral,Female,10,1998-04-28,Computer Systems Analyst II,Property,Mass Customer,No,2.0,20.0,20-29,82 Warrior Hill,3174.0,VIC,Australia,8.0,0,10,5925.74,4,4,4,444,Platinum Customer,1,Karissa Cabral,10471.84
3434,Stesha,Miners,Female,20,1973-12-05,Account Coordinator,Health,Mass Customer,No,16.0,44.0,40-49,989 Waubesa Circle,3149.0,VIC,Australia,11.0,64,5,1831.51,2,2,2,222,High Risk Customer,8,Stesha Miners,5720.52
3435,Stevena,Allcock,Female,80,2002-01-15,Senior Editor,Unknown,Affluent Customer,No,1.0,16.0,Under 20,400 Petterle Crossing,4301.0,QLD,Australia,3.0,136,5,2294.25,1,2,2,122,Evasive Customer,10,Stevena Allcock,6384.02
3436,Marget,Freeland,Female,4,1958-11-22,Unknown,Financial Services,Mass Customer,Yes,5.0,59.0,50-59,34 Calypso Court,2153.0,NSW,Australia,10.0,22,7,3302.8199999999993,3,3,3,333,Potential Customer,5,Marget Freeland,8090.11
3437,Penny,Wellington,Male,79,1963-10-20,VP Marketing,Retail,High Net Worth,No,12.0,54.0,50-59,7 Summerview Parkway,3073.0,VIC,Australia,6.0,102,5,2340.7199999999993,1,2,2,122,Evasive Customer,10,Penny Wellington,6930.87
3438,Gaylor,Carbry,Male,11,1996-02-16,Project Manager,Manufacturing,Mass Customer,No,2.0,22.0,20-29,9479 Tony Junction,2830.0,NSW,Australia,7.0,174,5,3180.64,1,2,3,123,Evasive Customer,10,Gaylor Carbry,5208.01
3439,Rubie,O'Gorman,Female,45,1974-10-20,Technical Writer,Unknown,Affluent Customer,Yes,19.0,43.0,40-49,05988 Sundown Parkway,3037.0,VIC,Australia,8.0,74,6,2109.2799999999997,2,2,2,222,High Risk Customer,8,Rubie O'Gorman,5868.21
3440,Retha,Kahane,Female,18,1958-05-15,Senior Sales Associate,Manufacturing,Mass Customer,No,5.0,60.0,60-69,04036 Kennedy Trail,2221.0,NSW,Australia,12.0,32,5,1243.65,3,2,1,321,Late Bloomer,6,Retha Kahane,5026.7
3441,Janelle,Ebbage,Female,44,1988-10-16,Legal Assistant,Manufacturing,High Net Worth,Yes,20.0,29.0,20-29,0 Reinke Lane,3034.0,VIC,Australia,9.0,138,5,2119.43,1,2,2,122,Evasive Customer,10,Janelle Ebbage,4864.98
3442,Adrianne,Petrecz,Female,17,1962-05-22,Research Associate,Retail,Mass Customer,Yes,14.0,56.0,50-59,1 Rigney Circle,2295.0,NSW,Australia,8.0,203,4,1535.8399999999997,1,1,1,111,Lost Customer,11,Adrianne Petrecz,4629.6
3443,Fran,,Male,11,1995-04-12,Technical Writer,Unknown,Mass Customer,Yes,5.0,23.0,20-29,0063 Walton Junction,2380.0,NSW,Australia,3.0,29,6,3128.7399999999993,3,2,3,323,Potential Customer,5,Fran,6729.01
3444,Kara-lynn,Bims,Female,75,1977-12-25,Nurse Practicioner,Manufacturing,Affluent Customer,No,7.0,40.0,40-49,672 Crowley Place,3043.0,VIC,Australia,8.0,39,2,1447.98,3,1,1,311,Late Bloomer,6,Kara-lynn Bims,3281.0299999999997
3445,Craggy,,Male,62,1966-06-23,Database Administrator I,Financial Services,Affluent Customer,Yes,11.0,52.0,50-59,59531 Barnett Pass,3352.0,VIC,Australia,4.0,14,6,3864.46,4,2,3,423,Becoming Loyal,3,Craggy,7992.1900000000005
3446,Gard,Tidy,Male,8,1967-01-30,Structural Engineer,Manufacturing,Mass Customer,No,14.0,51.0,50-59,8 Becker Drive,4868.0,QLD,Australia,4.0,4,2,308.78000000000003,4,1,1,411,Recent Customer,4,Gard Tidy,1028.53
3447,Linell,,Female,43,1977-11-23,Unknown,Financial Services,High Net Worth,No,17.0,40.0,40-49,82591 Fallview Hill,3021.0,VIC,Australia,8.0,83,11,4324.389999999999,2,4,4,244,Losing Customer,7,Linell,12339.37
3448,Roderich,Mixer,Male,26,1977-02-16,Software Consultant,Financial Services,High Net Worth,No,9.0,41.0,40-49,6691 Lindbergh Drive,2147.0,NSW,Australia,9.0,10,5,2616.7999999999997,4,2,2,422,Becoming Loyal,3,Roderich Mixer,5257.04
3449,Ilyssa,Hannabuss,Female,52,1974-09-26,VP Quality Control,Argiculture,High Net Worth,Yes,3.0,43.0,40-49,29279 Hazelcrest Junction,2120.0,NSW,Australia,10.0,149,4,1541.16,1,1,1,111,Lost Customer,11,Ilyssa Hannabuss,4223.1900000000005
3450,Brooke,Durman,Female,85,1993-09-16,Safety Technician III,Retail,Mass Customer,No,6.0,24.0,20-29,21 Sugar Place,4207.0,QLD,Australia,3.0,98,6,5577.0599999999995,1,2,4,124,Almost Lost Customer,9,Brooke Durman,7360.77
3451,Ruprecht,Loreit,Male,88,1970-05-01,Sales Associate,Unknown,High Net Worth,No,10.0,48.0,40-49,4233 Service Avenue,2340.0,NSW,Australia,5.0,15,9,4489.09,4,4,4,444,Platinum Customer,1,Ruprecht Loreit,7139.17
3452,Maura,Estevez,Female,22,1964-09-04,Marketing Manager,Retail,Mass Customer,No,13.0,53.0,50-59,46 Stone Corner Avenue,2210.0,NSW,Australia,10.0,2,2,1820.5700000000002,4,1,1,411,Recent Customer,4,Maura Estevez,2808.6800000000003
3453,Jammie,McEvon,Female,57,1989-03-12,Product Engineer,Retail,Affluent Customer,No,14.0,29.0,20-29,12 Kings Hill,4272.0,QLD,Australia,9.0,72,6,2341.29,2,2,2,222,High Risk Customer,8,Jammie McEvon,6294.04
3454,Akim,Mathes,Male,15,1969-06-09,Web Designer III,Unknown,Mass Customer,No,18.0,49.0,40-49,393 Dexter Junction,4151.0,QLD,Australia,9.0,115,5,1340.1099999999997,1,2,1,121,Evasive Customer,10,Akim Mathes,5561.38
3455,Coop,Skey,Male,29,1954-02-25,Administrative Officer,Unknown,Mass Customer,Yes,11.0,64.0,60-69,757 Debs Avenue,4670.0,QLD,Australia,4.0,9,6,1766.48,4,2,1,421,Becoming Loyal,3,Coop Skey,4674.13
3456,Clovis,Ortsmann,Female,11,1959-11-08,Unknown,Unknown,Mass Customer,Yes,12.0,58.0,50-59,613 Emmet Junction,2154.0,NSW,Australia,11.0,63,3,2399.59,2,1,2,212,High Risk Customer,8,Clovis Ortsmann,4206.89
3457,Robbi,Springthorpe,Female,13,1956-09-26,Unknown,Manufacturing,Mass Customer,No,16.0,61.0,60-69,8828 North Crossing,3226.0,VIC,Australia,8.0,97,3,1802.9,1,1,1,111,Lost Customer,11,Robbi Springthorpe,2726.46
3458,Alejandro,Shakelade,Male,35,1977-12-01,Web Developer III,Manufacturing,High Net Worth,Yes,19.0,40.0,40-49,7 Center Circle,2096.0,NSW,Australia,9.0,108,4,1804.8799999999999,1,1,1,111,Lost Customer,11,Alejandro Shakelade,5141.16
3459,Emelda,Ramsdell,Female,62,2000-11-24,Unknown,Entertainment,Mass Customer,Yes,2.0,17.0,Under 20,654 Logan Plaza,4113.0,QLD,Australia,10.0,66,3,2667.1400000000003,2,1,2,212,High Risk Customer,8,Emelda Ramsdell,4164.04
3460,Reinhold,Barthrup,Male,22,1999-10-10,Actuary,Financial Services,Mass Customer,No,2.0,18.0,Under 20,33 Almo Terrace,3051.0,VIC,Australia,10.0,80,8,7584.64,2,4,4,244,Losing Customer,7,Reinhold Barthrup,10701.84
3461,Nigel,Izard,Male,28,1962-11-30,Environmental Specialist,Manufacturing,Affluent Customer,Yes,17.0,55.0,50-59,6 Reindahl Hill,2196.0,NSW,Australia,9.0,136,7,4233.2,1,3,4,134,Almost Lost Customer,9,Nigel Izard,8401.21
3462,Jehanna,Sparhawk,Female,96,1957-03-03,Registered Nurse,Health,High Net Worth,No,17.0,61.0,60-69,785 Crest Line Hill,3634.0,VIC,Australia,1.0,21,5,4416.71,3,2,4,324,Potential Customer,5,Jehanna Sparhawk,5392.75
3463,Fletch,Durrett,Male,7,1984-06-15,Compensation Analyst,Financial Services,Affluent Customer,No,2.0,34.0,30-39,78 Bowman Court,2027.0,NSW,Australia,11.0,57,4,993.9200000000001,2,1,1,211,Almost Lost Customer,9,Fletch Durrett,3021.68
3464,Etheline,Gerretsen,Female,38,1982-06-09,Staff Accountant III,Financial Services,Mass Customer,Yes,4.0,36.0,30-39,7 Jackson Court,2076.0,NSW,Australia,10.0,17,2,299.27,4,1,1,411,Recent Customer,4,Etheline Gerretsen,1891.06
3465,Hadria,Pizer,Female,71,1978-02-01,Chemical Engineer,Manufacturing,High Net Worth,Yes,7.0,40.0,40-49,6221 Monica Plaza,2095.0,NSW,Australia,12.0,72,9,4256.18,2,4,4,244,Losing Customer,7,Hadria Pizer,8992.41
3466,Victor,Zaple,Male,65,1979-09-28,Marketing Assistant,IT,Mass Customer,No,18.0,38.0,30-39,6 4th Lane,3079.0,VIC,Australia,11.0,68,3,272.7900000000002,2,1,1,211,Almost Lost Customer,9,Victor Zaple,2421.71
3467,Killy,Spaducci,Male,31,1980-05-20,VP Quality Control,IT,Mass Customer,No,21.0,38.0,30-39,682 Claremont Circle,4350.0,QLD,Australia,6.0,5,6,5135.0,4,2,4,424,Becoming Loyal,3,Killy Spaducci,8292.41
3468,Averill,Woodbridge,Male,4,1986-10-24,Associate Professor,Unknown,Mass Customer,No,7.0,31.0,30-39,7 Weeping Birch Alley,2230.0,NSW,Australia,12.0,1,7,1770.36,4,3,1,431,Becoming Loyal,3,Averill Woodbridge,7428.03
3469,Arabele,Lantoph,Female,90,1987-08-24,Nurse Practicioner,Health,Mass Customer,Yes,5.0,30.0,30-39,9 Maywood Point,4304.0,QLD,Australia,3.0,36,4,1625.4399999999998,3,1,1,311,Late Bloomer,6,Arabele Lantoph,3712.6400000000003
3470,Catherina,Ricca,Female,56,1967-10-01,Recruiting Manager,Health,Affluent Customer,Yes,6.0,50.0,50-59,176 Sutteridge Alley,3121.0,VIC,Australia,11.0,2,8,7228.799999999999,4,4,4,444,Platinum Customer,1,Catherina Ricca,14126.25
3471,Brita,Afonso,Female,95,1953-09-05,Quality Engineer,IT,High Net Worth,Yes,8.0,64.0,60-69,6814 Haas Place,2230.0,NSW,Australia,7.0,148,4,1914.1000000000004,1,1,2,112,Evasive Customer,10,Brita Afonso,4637.4800000000005
3472,Dionysus,McCarlie,Male,10,1977-06-27,VP Marketing,Retail,Affluent Customer,Yes,18.0,41.0,40-49,75 Longview Terrace,2640.0,NSW,Australia,3.0,5,6,2779.58,4,2,2,422,Becoming Loyal,3,Dionysus McCarlie,6900.7
3473,Sanderson,Alloway,Unknown,34,,Analog Circuit Design manager,IT,Mass Customer,No,,,,7279 Steensland Circle,3803.0,VIC,Australia,7.0,12,4,1504.2099999999998,4,1,1,411,Recent Customer,4,Sanderson Alloway,5487.64
3474,Justinian,Crowhurst,Male,93,1979-11-06,Assistant Manager,Manufacturing,Mass Customer,No,14.0,38.0,30-39,06 Lake View Plaza,4515.0,QLD,Australia,1.0,71,5,2358.99,2,2,2,222,High Risk Customer,8,Justinian Crowhurst,4654.08
3475,Correna,Goldsberry,Female,12,1985-08-31,Director of Sales,Retail,Affluent Customer,No,3.0,32.0,30-39,1 Michigan Way,2153.0,NSW,Australia,10.0,3,4,2515.14,4,1,2,412,Recent Customer,4,Correna Goldsberry,3785.92
3476,Stearn,Willerstone,Male,39,1989-09-07,Unknown,Manufacturing,Affluent Customer,No,7.0,28.0,20-29,8863 Maywood Court,2101.0,NSW,Australia,11.0,50,5,1152.36,2,2,1,221,High Risk Customer,8,Stearn Willerstone,2254.2599999999998
3477,Jaquelin,Leek,Female,90,1996-01-24,Senior Developer,Financial Services,Affluent Customer,Yes,7.0,22.0,20-29,3 Roxbury Street,2261.0,NSW,Australia,7.0,64,8,4401.92,2,4,4,244,Losing Customer,7,Jaquelin Leek,10212.17
3478,Hartwell,Schach,Male,54,1986-08-08,Quality Control Specialist,Health,Mass Customer,No,17.0,31.0,30-39,90 Westerfield Street,2880.0,NSW,Australia,1.0,29,6,4297.85,3,2,4,324,Potential Customer,5,Hartwell Schach,6445.49
3479,Pierette,O' Ronan,Female,39,1964-08-09,Unknown,IT,Mass Customer,No,13.0,53.0,50-59,416 Hayes Trail,3095.0,VIC,Australia,9.0,31,6,2265.96,3,2,2,322,Late Bloomer,6,Pierette O' Ronan,6015.17
3480,Jarib,,Male,30,1959-06-24,Unknown,Unknown,Mass Customer,No,20.0,59.0,50-59,70980 Washington Parkway,2300.0,NSW,Australia,10.0,16,4,1770.26,4,1,1,411,Recent Customer,4,Jarib,4659.76
3481,Haley,Dessent,Male,37,1997-10-12,Systems Administrator IV,Manufacturing,High Net Worth,No,4.0,20.0,20-29,00 1st Trail,3223.0,VIC,Australia,7.0,54,7,2438.45,2,3,2,232,Losing Customer,7,Haley Dessent,4988.41
3482,Roch,Rilston,Female,71,2000-05-18,Clinical Specialist,Health,Affluent Customer,Yes,2.0,18.0,Under 20,54613 Service Court,4069.0,QLD,Australia,8.0,27,8,5549.589999999999,3,4,4,344,Recent Customer,4,Roch Rilston,11842.05
3483,Emlyn,Burnel,Male,19,1956-10-02,Senior Sales Associate,Health,High Net Worth,Yes,15.0,61.0,60-69,93 Vera Parkway,4216.0,QLD,Australia,5.0,117,6,2193.04,1,2,2,122,Evasive Customer,10,Emlyn Burnel,8078.03
3484,Hedi,Mowday,Female,10,1976-10-24,Information Systems Manager,Financial Services,High Net Worth,Yes,20.0,41.0,40-49,3 Butterfield Trail,4519.0,QLD,Australia,6.0,79,7,5924.549999999999,2,3,4,234,Losing Customer,7,Hedi Mowday,10169.77
3485,Berthe,Ludwell,Female,11,1981-05-21,Account Representative II,Financial Services,High Net Worth,Yes,9.0,37.0,30-39,22976 Moose Place,2620.0,NSW,Australia,8.0,25,2,1720.35,3,1,1,311,Late Bloomer,6,Berthe Ludwell,2250.79
3486,Reece,Crewther,Male,67,1956-07-25,Business Systems Development Analyst,Manufacturing,Mass Customer,No,18.0,61.0,60-69,8934 Havey Plaza,2548.0,NSW,Australia,8.0,9,4,2972.3399999999997,4,1,3,413,Recent Customer,4,Reece Crewther,4722.08
3487,Amalee,Sanderson,Female,4,1977-12-15,Analyst Programmer,Health,High Net Worth,No,18.0,40.0,40-49,30011 Manufacturers Hill,3146.0,VIC,Australia,9.0,10,3,1837.7500000000002,4,1,2,412,Recent Customer,4,Amalee Sanderson,3715.32
3488,Cristobal,Whitrod,Male,63,1975-08-07,Speech Pathologist,Manufacturing,Mass Customer,Yes,9.0,42.0,40-49,42293 Banding Plaza,2136.0,NSW,Australia,10.0,17,2,815.9499999999999,4,1,1,411,Recent Customer,4,Cristobal Whitrod,2167.79
3489,Margo,Fletcher,Female,90,1969-10-30,Help Desk Operator,Argiculture,Mass Customer,Yes,9.0,48.0,40-49,62 Tennyson Way,2099.0,NSW,Australia,11.0,108,6,2644.4399999999996,1,2,2,122,Evasive Customer,10,Margo Fletcher,8300.15
3490,Taylor,Dutchburn,Male,45,1980-06-21,VP Product Management,Financial Services,High Net Worth,No,14.0,38.0,30-39,3609 Shelley Road,2126.0,NSW,Australia,10.0,166,5,2379.5699999999997,1,2,2,122,Evasive Customer,10,Taylor Dutchburn,4739.7
3491,Leanna,Cromb,Female,69,1976-04-03,Business Systems Development Analyst,Financial Services,Affluent Customer,No,10.0,42.0,40-49,82 Dahle Crossing,3195.0,VIC,Australia,10.0,189,4,1430.28,1,1,1,111,Lost Customer,11,Leanna Cromb,3151.67
3492,Urbanus,Redding,Male,83,1966-01-27,Civil Engineer,Manufacturing,Mass Customer,No,19.0,52.0,50-59,2986 Holmberg Circle,3021.0,VIC,Australia,9.0,80,3,2193.81,2,1,2,212,High Risk Customer,8,Urbanus Redding,4141.43
3493,Jeffie,Eakly,Male,30,1964-02-29,Research Assistant I,Health,High Net Worth,No,18.0,54.0,50-59,3 Monument Crossing,2090.0,NSW,Australia,10.0,93,6,3728.88,1,2,3,123,Evasive Customer,10,Jeffie Eakly,10053.82
3494,Robers,Richen,Male,72,1998-12-24,Account Representative IV,Argiculture,High Net Worth,No,1.0,19.0,Under 20,35 Chive Alley,2033.0,NSW,Australia,10.0,4,4,2755.1099999999997,4,1,2,412,Recent Customer,4,Robers Richen,5122.71
3495,Constantine,Frissell,Female,57,1987-07-12,Programmer III,Financial Services,High Net Worth,No,8.0,30.0,30-39,1 Dayton Park,2767.0,NSW,Australia,9.0,13,7,3847.6499999999996,4,3,3,433,Very Loyal,2,Constantine Frissell,8626.65
3496,Danya,Burnyeat,Male,99,1986-04-25,Editor,Manufacturing,Mass Customer,Yes,19.0,32.0,30-39,2565 Caliangt Point,2171.0,NSW,Australia,9.0,256,4,2045.8400000000001,1,1,2,112,Evasive Customer,10,Danya Burnyeat,4725.38
3497,Thia,O'Day,Female,73,1986-05-03,Administrative Assistant IV,Manufacturing,Affluent Customer,Yes,18.0,32.0,30-39,96 Delladonna Trail,3976.0,VIC,Australia,5.0,52,3,1648.3199999999997,2,1,1,211,Almost Lost Customer,9,Thia O'Day,3744.0699999999997
3498,Lois,Abrahim,Female,28,1995-11-02,Unknown,Manufacturing,Mass Customer,No,5.0,22.0,20-29,3 Nova Point,3012.0,VIC,Australia,4.0,127,6,3147.33,1,2,3,123,Evasive Customer,10,Lois Abrahim,5177.0599999999995
3499,Shelton,Tewkesberrie,Male,29,1979-06-17,Unknown,Manufacturing,Mass Customer,Yes,7.0,39.0,30-39,310 Stephen Terrace,4073.0,QLD,Australia,9.0,51,7,4955.25,2,3,4,234,Losing Customer,7,Shelton Tewkesberrie,7673.4800000000005
3500,Josy,Fleeman,Female,71,1967-07-21,Unknown,Entertainment,Affluent Customer,No,17.0,50.0,50-59,9491 Green Ridge Terrace,2100.0,NSW,Australia,10.0,144,6,1785.8600000000001,1,2,1,121,Evasive Customer,10,Josy Fleeman,4922.41
